[2026-05-18 23:31:14] пер Боец 1: 17 урона от Сильный боец. HP 1/18
[2026-05-18 23:31:14] втр Боец 1: 1 урона от Лучник. HP 59/60
[2026-05-18 23:31:14] втр Боец 2: 1 урона от Лучник. HP 24/25
[2026-05-18 23:31:14] пер Боец 2: 7 урона от Слабый боец. HP 11/18
[2026-05-18 23:31:14] пер Боец 3: 6 урона от Слабый боец. HP 16/22
[2026-05-18 23:31:14] втр Боец 3: 1 урона от Маг. HP 24/25
[2026-05-18 23:31:14] втр Боец 4: 1 урона от Лучник. HP 59/60
[2026-05-18 23:31:14] пер Боец 4: 17 урона от Сильный боец. HP 1/18
[2026-05-18 23:31:14] втр Боец 5: 1 урона от Маг. HP 24/25
[2026-05-18 23:31:14] пер Боец 5: 6 урона от Слабый боец. HP 16/22
[2026-05-18 23:31:14] втр Боец 6: 6 урона от Слабый боец. HP 16/22
[2026-05-18 23:31:14] пер Боец 6: 1 урона от Маг. HP 24/25
[2026-05-18 23:31:14] пер Боец 8: 17 урона от Сильный боец. HP 1/18
[2026-05-18 23:31:14] втр Боец 8: 1 урона от Лучник. HP 59/60
[2026-05-18 23:31:14] пер Боец 9: 1 урона от Лучник. HP 24/25
[2026-05-18 23:31:14] втр Боец 9: 7 урона от Слабый боец. HP 11/18
[2026-05-18 23:31:14] пер Боец 10: 1 урона от Слабый боец. HP 59/60
[2026-05-18 23:31:14] втр Боец 10: 12 урона от Сильный боец. HP 13/25
[2026-05-18 23:31:14] втр Боец 1: 1 урона от Слабый боец. HP 58/60
[2026-05-18 23:31:14] пер Боец 11: 12 урона от Сильный боец. HP 13/25
[2026-05-18 23:31:14] пер Боец 1: 7 урона от Слабый боец. HP 0/18
[2026-05-18 23:31:14] пер Боец 1 убит Слабый боец
[2026-05-18 23:31:14] пер Боец 2: 7 урона от Слабый боец. HP 4/18
[2026-05-18 23:31:14] втр Боец 3: 1 урона от Лучник. HP 23/25
[2026-05-18 23:31:14] втр Боец 4: 1 урона от Маг. HP 58/60
[2026-05-18 23:31:14] пер Боец 3: 16 урона от Сильный боец. HP 0/22
[2026-05-18 23:31:14] пер Боец 3 убит Сильный боец
[2026-05-18 23:31:14] пер Боец 4: 7 урона от Слабый боец. HP 0/18
[2026-05-18 23:31:14] пер Боец 4 убит Слабый боец
[2026-05-18 23:31:14] пер Боец 5: 3 урона от Маг. HP 13/22
[2026-05-18 23:31:14] втр Боец 6: 3 урона от Маг. HP 13/22
[2026-05-18 23:31:14] втр Боец 7: 1 урона от Слабый боец. HP 69/70
[2026-05-18 23:31:14] пер Боец 7: 1 урона от Сильный боец. HP 69/70
[2026-05-18 23:31:14] втр Боец 9: 2 урона от Лучник. HP 9/18
[2026-05-18 23:31:14] пер Боец 8: 2 урона от Лучник. HP 0/18
[2026-05-18 23:31:14] пер Боец 8 убит Лучник
[2026-05-18 23:31:14] втр Боец 10: 2 урона от Слабый боец. HP 11/25
[2026-05-18 23:31:14] пер Боец 9: 2 урона от Слабый боец. HP 22/25
[2026-05-18 23:31:14] втр Боец 1: 1 урона от Лучник. HP 57/60
[2026-05-18 23:31:14] пер Боец 2: 17 урона от Сильный боец. HP 0/18
[2026-05-18 23:31:14] пер Боец 2 убит Сильный боец
[2026-05-18 23:31:14] втр Боец 2: 1 урона от Маг. HP 23/25
[2026-05-18 23:31:14] пер Боец 5: 6 урона от Слабый боец. HP 7/22
[2026-05-18 23:31:14] пер Боец 6: 2 урона от Слабый боец. HP 22/25
[2026-05-18 23:31:14] втр Боец 3: 2 урона от Слабый боец. HP 21/25
[2026-05-18 23:31:14] пер Боец 7: 1 урона от Сильный боец. HP 68/70
[2026-05-18 23:31:14] втр Боец 5: 2 урона от Слабый боец. HP 22/25
[2026-05-18 23:31:14] пер Боец 9: 2 урона от Слабый боец. HP 20/25
[2026-05-18 23:31:14] пер Боец 10: 1 урона от Маг. HP 58/60
[2026-05-18 23:31:14] втр Боец 6: 16 урона от Сильный боец. HP 0/22
[2026-05-18 23:31:14] втр Боец 6 убит Сильный боец
[2026-05-18 23:31:14] втр Боец 7: 1 урона от Слабый боец. HP 68/70
[2026-05-18 23:31:14] пер Боец 5: 1 урона от Лучник. HP 6/22
[2026-05-18 23:31:14] втр Боец 9: 4 урона от Маг. HP 5/18
[2026-05-18 23:31:14] пер Боец 6: 2 урона от Слабый боец. HP 20/25
[2026-05-18 23:31:14] втр Боец 10: 2 урона от Слабый боец. HP 9/25
[2026-05-18 23:31:14] пер Боец 7: 1 урона от Сильный боец. HP 67/70
[2026-05-18 23:31:14] пер Боец 9: 2 урона от Слабый боец. HP 18/25
[2026-05-18 23:31:14] втр Боец 2: 2 урона от Слабый боец. HP 21/25
[2026-05-18 23:31:14] пер Боец 10: 1 урона от Слабый боец. HP 57/60
[2026-05-18 23:31:14] втр Боец 3: 12 урона от Сильный боец. HP 9/25
[2026-05-18 23:31:14] втр Боец 4: 1 урона от Слабый боец. HP 57/60
[2026-05-18 23:31:14] пер Боец 11: 12 урона от Сильный боец. HP 1/25
[2026-05-18 23:31:15] втр Боец 1: 1 урона от Маг. HP 56/60
[2026-05-18 23:31:15] пер Боец 5: 16 урона от Сильный боец. HP 0/22
[2026-05-18 23:31:15] пер Боец 5 убит Сильный боец
[2026-05-18 23:31:15] пер Боец 6: 2 урона от Слабый боец. HP 18/25
[2026-05-18 23:31:15] втр Боец 2: 2 урона от Слабый боец. HP 19/25
[2026-05-18 23:31:15] пер Боец 7: 1 урона от Слабый боец. HP 66/70
[2026-05-18 23:31:15] пер Боец 9: 12 урона от Сильный боец. HP 6/25
[2026-05-18 23:31:15] втр Боец 4: 1 урона от Слабый боец. HP 56/60
[2026-05-18 23:31:15] втр Боец 5: 12 урона от Сильный боец. HP 10/25
[2026-05-18 23:31:15] пер Боец 10: 1 урона от Слабый боец. HP 56/60
[2026-05-18 23:31:15] втр Боец 7: 1 урона от Слабый боец. HP 67/70
[2026-05-18 23:31:15] пер Боец 6: 1 урона от Лучник. HP 17/25
[2026-05-18 23:31:15] втр Боец 9: 7 урона от Слабый боец. HP 0/18
[2026-05-18 23:31:15] втр Боец 9 убит Слабый боец
[2026-05-18 23:31:15] пер Боец 7: 1 урона от Слабый боец. HP 65/70
[2026-05-18 23:31:15] пер Боец 9: 12 урона от Сильный боец. HP 0/25
[2026-05-18 23:31:15] пер Боец 9 убит Сильный боец
[2026-05-18 23:31:15] втр Боец 2: 12 урона от Сильный боец. HP 7/25
[2026-05-18 23:31:15] пер Боец 10: 1 урона от Слабый боец. HP 55/60
[2026-05-18 23:31:15] пер Боец 11: 2 урона от Слабый боец. HP 0/25
[2026-05-18 23:31:15] пер Боец 11 убит Слабый боец
[2026-05-18 23:31:15] пер Боец 6: 12 урона от Сильный боец. HP 5/25
[2026-05-18 23:31:15] втр Боец 1: 1 урона от Слабый боец. HP 55/60
[2026-05-18 23:31:15] пер Боец 7: 1 урона от Слабый боец. HP 64/70
[2026-05-18 23:31:15] пер Боец 10: 1 урона от Слабый боец. HP 54/60
[2026-05-18 23:31:15] втр Боец 3: 12 урона от Сильный боец. HP 0/25
[2026-05-18 23:31:15] втр Боец 3 убит Сильный боец
[2026-05-18 23:31:15] втр Боец 4: 1 урона от Слабый боец. HP 55/60
[2026-05-18 23:31:15] пер Боец 6: 12 урона от Сильный боец. HP 0/25
[2026-05-18 23:31:15] пер Боец 6 убит Сильный боец
[2026-05-18 23:31:15] пер Боец 7: 1 урона от Слабый боец. HP 63/70
[2026-05-18 23:31:15] втр Боец 7: 1 урона от Сильный боец. HP 66/70
[2026-05-18 23:31:15] пер Боец 7: 1 урона от Сильный боец. HP 62/70
[2026-05-18 23:31:15] пер Боец 10: 1 урона от Слабый боец. HP 53/60
[2026-05-18 23:31:15] втр Боец 2: 12 урона от Сильный боец. HP 0/25
[2026-05-18 23:31:15] втр Боец 2 убит Сильный боец
[2026-05-18 23:31:15] пер Боец 7: 1 урона от Сильный боец. HP 61/70
[2026-05-18 23:31:15] пер Боец 10: 1 урона от Слабый боец. HP 52/60
[2026-05-18 23:31:15] втр Боец 5: 12 урона от Сильный боец. HP 0/25
[2026-05-18 23:31:15] втр Боец 5 убит Сильный боец
[2026-05-18 23:31:16] пер Боец 7: 1 урона от Сильный боец. HP 60/70
[2026-05-18 23:31:16] пер Боец 10: 5 урона от Сильный боец. HP 47/60
[2026-05-18 23:31:16] втр Боец 4: 5 урона от Сильный боец. HP 50/60
[2026-05-18 23:31:16] пер Боец 10: 5 урона от Сильный боец. HP 42/60
[2026-05-18 23:31:16] втр Боец 8: 5 урона от Сильный боец. HP 54/60
[2026-05-18 23:31:16] пер Боец 7: 1 урона от Сильный боец. HP 59/70
[2026-05-18 23:31:16] втр Боец 4: 5 урона от Сильный боец. HP 45/60
[2026-05-18 23:31:16] пер Боец 10: 5 урона от Сильный боец. HP 37/60
[2026-05-18 23:31:16] втр Боец 8: 5 урона от Сильный боец. HP 49/60
[2026-05-18 23:31:16] пер Боец 10: 5 урона от Сильный боец. HP 32/60
[2026-05-18 23:31:16] пер Боец 7: 1 урона от Сильный боец. HP 58/70
[2026-05-18 23:31:16] пер Боец 10: 5 урона от Сильный боец. HP 27/60
[2026-05-18 23:31:16] втр Боец 4: 5 урона от Сильный боец. HP 40/60
[2026-05-18 23:31:16] втр Боец 8: 5 урона от Сильный боец. HP 44/60
[2026-05-18 23:31:16] пер Боец 10: 5 урона от Сильный боец. HP 22/60
[2026-05-18 23:31:16] пер Боец 7: 1 урона от Сильный боец. HP 57/70
[2026-05-18 23:31:16] втр Боец 4: 5 урона от Сильный боец. HP 35/60
[2026-05-18 23:31:16] пер Боец 10: 5 урона от Сильный боец. HP 17/60
[2026-05-18 23:31:16] втр Боец 8: 5 урона от Сильный боец. HP 39/60
[2026-05-18 23:31:16] пер Боец 10: 5 урона от Сильный боец. HP 12/60
[2026-05-18 23:31:17] пер Боец 7: 1 урона от Сильный боец. HP 56/70
[2026-05-18 23:31:17] пер Боец 10: 5 урона от Сильный боец. HP 7/60
[2026-05-18 23:31:17] втр Боец 4: 5 урона от Сильный боец. HP 30/60
[2026-05-18 23:31:17] втр Боец 8: 5 урона от Сильный боец. HP 34/60
[2026-05-18 23:31:17] пер Боец 10: 5 урона от Сильный боец. HP 2/60
[2026-05-18 23:31:17] пер Боец 7: 1 урона от Сильный боец. HP 55/70
[2026-05-18 23:31:17] пер Боец 10: 5 урона от Сильный боец. HP 0/60
[2026-05-18 23:31:17] пер Боец 10 убит Сильный боец
[2026-05-18 23:31:17] пер Боец 7: 1 урона от Сильный боец. HP 54/70
[2026-05-18 23:31:17] пер Боец 7: 1 урона от Сильный боец. HP 53/70
[2026-05-18 23:31:18] пер Боец 7: 1 урона от Сильный боец. HP 52/70
[2026-05-18 23:31:18] пер Боец 7: 1 урона от Сильный боец. HP 51/70
[2026-05-18 23:31:18] пер Боец 7: 1 урона от Сильный боец. HP 50/70
[2026-05-18 23:31:18] пер Боец 7: 1 урона от Сильный боец. HP 49/70
[2026-05-18 23:31:18] пер Боец 7: 1 урона от Сильный боец. HP 48/70
[2026-05-18 23:31:18] пер Боец 7: 1 урона от Сильный боец. HP 47/70
[2026-05-18 23:31:18] пер Боец 7: 1 урона от Сильный боец. HP 46/70
[2026-05-18 23:31:18] пер Боец 7: 1 урона от Сильный боец. HP 45/70
[2026-05-18 23:31:19] пер Боец 7: 1 урона от Сильный боец. HP 44/70
[2026-05-18 23:31:19] пер Боец 7: 1 урона от Сильный боец. HP 43/70
[2026-05-18 23:31:19] пер Боец 7: 1 урона от Сильный боец. HP 42/70
[2026-05-18 23:31:19] пер Боец 7: 1 урона от Сильный боец. HP 41/70
[2026-05-18 23:31:19] пер Боец 7: 1 урона от Сильный боец. HP 40/70
[2026-05-18 23:31:19] пер Боец 7: 1 урона от Сильный боец. HP 39/70
[2026-05-18 23:31:19] пер Боец 7: 1 урона от Сильный боец. HP 38/70
[2026-05-18 23:31:19] пер Боец 7: 1 урона от Сильный боец. HP 37/70
[2026-05-18 23:31:20] пер Боец 7: 1 урона от Сильный боец. HP 36/70
[2026-05-18 23:31:20] пер Боец 7: 1 урона от Сильный боец. HP 35/70
[2026-05-18 23:31:20] пер Боец 7: 1 урона от Сильный боец. HP 34/70
[2026-05-18 23:31:20] пер Боец 7: 1 урона от Сильный боец. HP 33/70
[2026-05-18 23:31:20] пер Боец 7: 1 урона от Сильный боец. HP 32/70
[2026-05-18 23:31:20] пер Боец 7: 1 урона от Сильный боец. HP 31/70
[2026-05-18 23:31:20] пер Боец 7: 1 урона от Сильный боец. HP 30/70
[2026-05-18 23:31:20] пер Боец 7: 1 урона от Сильный боец. HP 29/70
[2026-05-18 23:31:21] пер Боец 7: 1 урона от Сильный боец. HP 28/70
[2026-05-18 23:31:21] пер Боец 7: 1 урона от Сильный боец. HP 27/70
[2026-05-18 23:31:21] пер Боец 7: 1 урона от Сильный боец. HP 26/70
[2026-05-18 23:31:21] пер Боец 7: 1 урона от Сильный боец. HP 25/70
[2026-05-18 23:31:21] пер Боец 7: 1 урона от Сильный боец. HP 24/70
[2026-05-18 23:31:21] пер Боец 7: 1 урона от Сильный боец. HP 23/70
[2026-05-18 23:31:22] пер Боец 7: 1 урона от Сильный боец. HP 22/70
[2026-05-18 23:31:22] пер Боец 7: 1 урона от Сильный боец. HP 21/70
[2026-05-18 23:31:22] пер Боец 7: 1 урона от Сильный боец. HP 20/70
[2026-05-18 23:31:22] пер Боец 7: 1 урона от Сильный боец. HP 19/70
[2026-05-18 23:31:22] пер Боец 7: 1 урона от Сильный боец. HP 18/70
[2026-05-18 23:31:22] пер Боец 7: 1 урона от Сильный боец. HP 17/70
[2026-05-18 23:31:22] пер Боец 7: 1 урона от Сильный боец. HP 16/70
[2026-05-18 23:31:22] пер Боец 7: 1 урона от Сильный боец. HP 15/70
[2026-05-18 23:31:23] пер Боец 7: 1 урона от Сильный боец. HP 14/70
[2026-05-18 23:31:23] пер Боец 7: 1 урона от Сильный боец. HP 13/70
[2026-05-18 23:31:23] пер Боец 7: 1 урона от Сильный боец. HP 12/70
[2026-05-18 23:31:23] пер Боец 7: 1 урона от Сильный боец. HP 11/70
[2026-05-18 23:31:23] пер Боец 7: 1 урона от Сильный боец. HP 10/70
[2026-05-18 23:31:23] пер Боец 7: 1 урона от Сильный боец. HP 9/70
[2026-05-18 23:31:23] пер Боец 7: 1 урона от Сильный боец. HP 8/70
[2026-05-18 23:31:23] пер Боец 7: 1 урона от Сильный боец. HP 7/70
[2026-05-18 23:31:24] пер Боец 7: 1 урона от Сильный боец. HP 6/70
[2026-05-18 23:31:24] пер Боец 7: 1 урона от Сильный боец. HP 5/70
[2026-05-18 23:31:24] пер Боец 7: 1 урона от Сильный боец. HP 4/70
[2026-05-18 23:31:24] пер Боец 7: 1 урона от Сильный боец. HP 3/70
[2026-05-18 23:31:24] пер Боец 7: 1 урона от Сильный боец. HP 2/70
[2026-05-18 23:31:24] пер Боец 7: 1 урона от Сильный боец. HP 1/70
[2026-05-18 23:31:24] пер Боец 7: 1 урона от Сильный боец. HP 0/70
[2026-05-18 23:31:24] пер Боец 7 убит Сильный боец
[2026-05-18 23:35:30] лоа Боец 1: 1 урона от Лекарь. HP 24/25
[2026-05-18 23:35:30] аво Боец 1: 8 урона от Слабый боец. HP 7/15
[2026-05-18 23:35:30] лоа Боец 3: 1 урона от Лучник. HP 59/60
[2026-05-18 23:35:30] лоа Боец 5: 1 урона от Лучник. HP 59/60
[2026-05-18 23:35:30] лоа Боец 1: 1 урона от Лекарь. HP 23/25
[2026-05-18 23:35:30] аво Боец 1: 8 урона от Слабый боец. HP 0/15
[2026-05-18 23:35:30] аво Боец 1 убит Слабый боец
[2026-05-18 23:35:30] лоа Боец 8: 1 урона от Лучник. HP 69/70
[2026-05-18 23:35:30] лоа Боец 2: 4 урона от Лучник. HP 21/25
[2026-05-18 23:35:30] лоа Боец 1: 2 урона от Слабый боец. HP 21/25
[2026-05-18 23:35:30] аво Боец 2: 2 урона от Слабый боец. HP 23/25
[2026-05-18 23:35:31] лоа Боец 5: 1 урона от Лучник. HP 58/60
[2026-05-18 23:35:31] лоа Боец 1: 4 урона от Лучник. HP 17/25
[2026-05-18 23:35:31] лоа Боец 1: 4 урона от Лучник. HP 13/25
[2026-05-18 23:35:31] лоа Боец 1: 2 урона от Слабый боец. HP 11/25
[2026-05-18 23:35:31] аво Боец 2: 2 урона от Слабый боец. HP 21/25
[2026-05-18 23:35:31] лоа Боец 1: 4 урона от Лучник. HP 7/25
[2026-05-18 23:35:31] лоа Боец 7: 4 урона от Лучник. HP 21/25
[2026-05-18 23:35:31] лоа Боец 1: 4 урона от Лучник. HP 3/25
[2026-05-18 23:35:31] лоа Боец 1: 2 урона от Слабый боец. HP 1/25
[2026-05-18 23:35:31] аво Боец 2: 2 урона от Слабый боец. HP 23/25
[2026-05-18 23:35:31] лоа Боец 1: 4 урона от Лучник. HP 0/25
[2026-05-18 23:35:31] лоа Боец 1 убит Лучник
[2026-05-18 23:35:31] лоа Боец 2: 4 урона от Лучник. HP 17/25
[2026-05-18 23:35:31] лоа Боец 3: 1 урона от Лучник. HP 59/60
[2026-05-18 23:35:31] лоа Боец 2: 2 урона от Слабый боец. HP 23/25
[2026-05-18 23:35:31] аво Боец 2: 2 урона от Слабый боец. HP 21/25
[2026-05-18 23:35:31] лоа Боец 6: 1 урона от Лучник. HP 69/70
[2026-05-18 23:35:31] лоа Боец 4: 1 урона от Лучник. HP 59/60
[2026-05-18 23:35:31] лоа Боец 3: 1 урона от Лучник. HP 58/60
[2026-05-18 23:35:31] лоа Боец 6: 1 урона от Лучник. HP 68/70
[2026-05-18 23:35:31] лоа Боец 2: 2 урона от Слабый боец. HP 21/25
[2026-05-18 23:35:31] аво Боец 2: 2 урона от Слабый боец. HP 19/25
[2026-05-18 23:35:31] лоа Боец 3: 1 урона от Лучник. HP 57/60
[2026-05-18 23:35:31] лоа Боец 2: 4 урона от Лучник. HP 17/25
[2026-05-18 23:35:31] лоа Боец 6: 1 урона от Лучник. HP 67/70
[2026-05-18 23:35:31] лоа Боец 4: 1 урона от Лучник. HP 58/60
[2026-05-18 23:35:32] лоа Боец 2: 2 урона от Слабый боец. HP 15/25
[2026-05-18 23:35:32] аво Боец 2: 2 урона от Слабый боец. HP 17/25
[2026-05-18 23:35:32] лоа Боец 2: 4 урона от Лучник. HP 11/25
[2026-05-18 23:35:32] лоа Боец 2: 4 урона от Лучник. HP 7/25
[2026-05-18 23:35:32] лоа Боец 2: 4 урона от Лучник. HP 3/25
[2026-05-18 23:35:32] лоа Боец 2: 4 урона от Лучник. HP 0/25
[2026-05-18 23:35:32] лоа Боец 2 убит Лучник
[2026-05-18 23:35:32] лоа Боец 3: 1 урона от Слабый боец. HP 59/60
[2026-05-18 23:35:32] аво Боец 2: 12 урона от Сильный боец. HP 5/25
[2026-05-18 23:35:32] лоа Боец 5: 1 урона от Лучник. HP 57/60
[2026-05-18 23:35:32] лоа Боец 7: 4 урона от Лучник. HP 17/25
[2026-05-18 23:35:32] лоа Боец 7: 4 урона от Лучник. HP 13/25
[2026-05-18 23:35:32] лоа Боец 3: 1 урона от Лучник. HP 58/60
[2026-05-18 23:35:32] лоа Боец 3: 1 урона от Слабый боец. HP 59/60
[2026-05-18 23:35:32] аво Боец 2: 12 урона от Сильный боец. HP 0/25
[2026-05-18 23:35:32] аво Боец 2 убит Сильный боец
[2026-05-18 23:35:32] лоа Боец 3: 1 урона от Лучник. HP 58/60
[2026-05-18 23:35:32] лоа Боец 3: 1 урона от Лучник. HP 57/60
[2026-05-18 23:35:32] лоа Боец 4: 1 урона от Лучник. HP 57/60
[2026-05-18 23:35:32] лоа Боец 3: 1 урона от Лучник. HP 59/60
[2026-05-18 23:35:32] аво Боец 3: 17 урона от Сильный боец. HP 1/18
[2026-05-18 23:35:32] лоа Боец 7: 4 урона от Лучник. HP 9/25
[2026-05-18 23:35:32] лоа Боец 6: 1 урона от Лучник. HP 69/70
[2026-05-18 23:35:32] лоа Боец 3: 1 урона от Лучник. HP 58/60
[2026-05-18 23:35:32] лоа Боец 3: 1 урона от Лучник. HP 59/60
[2026-05-18 23:35:32] аво Боец 3: 17 урона от Сильный боец. HP 0/18
[2026-05-18 23:35:32] аво Боец 3 убит Сильный боец
[2026-05-18 23:35:32] лоа Боец 3: 1 урона от Лучник. HP 58/60
[2026-05-18 23:35:32] лоа Боец 9: 10 урона от Лучник. HP 5/15
[2026-05-18 23:35:33] лоа Боец 3: 1 урона от Лучник. HP 59/60
[2026-05-18 23:35:33] лоа Боец 4: 1 урона от Лучник. HP 56/60
[2026-05-18 23:35:33] лоа Боец 5: 1 урона от Лучник. HP 56/60
[2026-05-18 23:35:33] лоа Боец 3: 1 урона от Лучник. HP 58/60
[2026-05-18 23:35:33] лоа Боец 3: 1 урона от Лучник. HP 57/60
[2026-05-18 23:35:33] лоа Боец 3: 1 урона от Лучник. HP 56/60
[2026-05-18 23:35:33] аво Боец 4: 1 урона от Сильный боец. HP 69/70
[2026-05-18 23:35:33] лоа Боец 3: 1 урона от Лучник. HP 55/60
[2026-05-18 23:35:33] лоа Боец 4: 1 урона от Лучник. HP 55/60
[2026-05-18 23:35:33] аво Боец 4: 1 урона от Сильный боец. HP 68/70
[2026-05-18 23:35:33] лоа Боец 5: 1 урона от Лучник. HP 55/60
[2026-05-18 23:35:33] лоа Боец 9: 10 урона от Лучник. HP 0/15
[2026-05-18 23:35:33] лоа Боец 9 убит Лучник
[2026-05-18 23:35:33] аво Боец 4: 1 урона от Сильный боец. HP 69/70
[2026-05-18 23:35:33] лоа Боец 3: 1 урона от Лучник. HP 54/60
[2026-05-18 23:35:33] лоа Боец 6: 1 урона от Лучник. HP 69/70
[2026-05-18 23:35:34] аво Боец 4: 1 урона от Сильный боец. HP 68/70
[2026-05-18 23:35:34] лоа Боец 4: 1 урона от Лучник. HP 54/60
[2026-05-18 23:35:34] лоа Боец 6: 1 урона от Лучник. HP 68/70
[2026-05-18 23:35:34] аво Боец 4: 1 урона от Сильный боец. HP 67/70
[2026-05-18 23:35:34] лоа Боец 3: 1 урона от Лучник. HP 53/60
[2026-05-18 23:35:34] лоа Боец 6: 1 урона от Лучник. HP 67/70
[2026-05-18 23:35:34] лоа Боец 3: 1 урона от Лучник. HP 52/60
[2026-05-18 23:35:34] аво Боец 4: 1 урона от Сильный боец. HP 69/70
[2026-05-18 23:35:34] лоа Боец 6: 1 урона от Лучник. HP 66/70
[2026-05-18 23:35:34] лоа Боец 4: 1 урона от Лучник. HP 53/60
[2026-05-18 23:35:34] лоа Боец 6: 1 урона от Лучник. HP 65/70
[2026-05-18 23:35:34] аво Боец 4: 1 урона от Сильный боец. HP 69/70
[2026-05-18 23:35:34] лоа Боец 3: 1 урона от Лучник. HP 51/60
[2026-05-18 23:35:34] лоа Боец 4: 1 урона от Лучник. HP 52/60
[2026-05-18 23:35:34] лоа Боец 4: 1 урона от Лучник. HP 51/60
[2026-05-18 23:35:34] аво Боец 4: 1 урона от Сильный боец. HP 68/70
[2026-05-18 23:35:34] лоа Боец 4: 1 урона от Лучник. HP 50/60
[2026-05-18 23:35:34] лоа Боец 3: 1 урона от Лучник. HP 50/60
[2026-05-18 23:35:34] лоа Боец 3: 1 урона от Лучник. HP 49/60
[2026-05-18 23:35:34] лоа Боец 8: 1 урона от Лучник. HP 69/70
[2026-05-18 23:35:34] аво Боец 4: 1 урона от Сильный боец. HP 67/70
[2026-05-18 23:35:34] лоа Боец 3: 1 урона от Лучник. HP 48/60
[2026-05-18 23:35:34] лоа Боец 6: 1 урона от Лучник. HP 64/70
[2026-05-18 23:35:34] лоа Боец 3: 1 урона от Лучник. HP 47/60
[2026-05-18 23:35:34] лоа Боец 3: 1 урона от Лучник. HP 46/60
[2026-05-18 23:35:35] аво Боец 4: 1 урона от Сильный боец. HP 66/70
[2026-05-18 23:35:35] лоа Боец 5: 1 урона от Лучник. HP 54/60
[2026-05-18 23:35:35] лоа Боец 5: 1 урона от Лучник. HP 53/60
[2026-05-18 23:35:35] лоа Боец 4: 1 урона от Лучник. HP 49/60
[2026-05-18 23:35:35] лоа Боец 4: 1 урона от Лучник. HP 48/60
[2026-05-18 23:35:35] аво Боец 4: 1 урона от Сильный боец. HP 69/70
[2026-05-18 23:35:35] лоа Боец 3: 1 урона от Лучник. HP 45/60
[2026-05-18 23:35:35] лоа Боец 3: 1 урона от Лучник. HP 44/60
[2026-05-18 23:35:35] лоа Боец 7: 4 урона от Лучник. HP 5/25
[2026-05-18 23:35:35] лоа Боец 3: 1 урона от Лучник. HP 43/60
[2026-05-18 23:35:35] аво Боец 4: 1 урона от Сильный боец. HP 68/70
[2026-05-18 23:35:35] лоа Боец 3: 1 урона от Лучник. HP 42/60
[2026-05-18 23:35:35] лоа Боец 7: 4 урона от Лучник. HP 1/25
[2026-05-18 23:35:35] лоа Боец 4: 1 урона от Лучник. HP 47/60
[2026-05-18 23:35:35] лоа Боец 3: 1 урона от Лучник. HP 41/60
[2026-05-18 23:35:35] аво Боец 4: 1 урона от Сильный боец. HP 67/70
[2026-05-18 23:35:35] лоа Боец 6: 1 урона от Лучник. HP 63/70
[2026-05-18 23:35:35] лоа Боец 5: 1 урона от Лучник. HP 52/60
[2026-05-18 23:35:35] лоа Боец 4: 1 урона от Лучник. HP 46/60
[2026-05-18 23:35:35] лоа Боец 8: 1 урона от Лучник. HP 68/70
[2026-05-18 23:35:35] аво Боец 4: 1 урона от Сильный боец. HP 66/70
[2026-05-18 23:35:35] лоа Боец 4: 1 урона от Лучник. HP 45/60
[2026-05-18 23:35:35] лоа Боец 3: 1 урона от Лучник. HP 40/60
[2026-05-18 23:35:35] лоа Боец 3: 1 урона от Лучник. HP 39/60
[2026-05-18 23:35:35] лоа Боец 7: 4 урона от Лучник. HP 0/25
[2026-05-18 23:35:35] лоа Боец 7 убит Лучник
[2026-05-18 23:35:35] аво Боец 4: 1 урона от Сильный боец. HP 65/70
[2026-05-18 23:35:35] лоа Боец 3: 1 урона от Лучник. HP 38/60
[2026-05-18 23:35:35] лоа Боец 6: 1 урона от Лучник. HP 62/70
[2026-05-18 23:35:35] лоа Боец 4: 1 урона от Лучник. HP 44/60
[2026-05-18 23:35:35] лоа Боец 6: 1 урона от Лучник. HP 61/70
[2026-05-18 23:35:36] аво Боец 4: 1 урона от Сильный боец. HP 64/70
[2026-05-18 23:35:36] лоа Боец 4: 1 урона от Лучник. HP 43/60
[2026-05-18 23:35:36] лоа Боец 3: 1 урона от Лучник. HP 37/60
[2026-05-18 23:35:36] лоа Боец 5: 1 урона от Лучник. HP 51/60
[2026-05-18 23:35:36] лоа Боец 3: 1 урона от Лучник. HP 36/60
[2026-05-18 23:35:36] аво Боец 4: 1 урона от Сильный боец. HP 63/70
[2026-05-18 23:35:36] лоа Боец 4: 1 урона от Лучник. HP 42/60
[2026-05-18 23:35:36] лоа Боец 3: 1 урона от Лучник. HP 35/60
[2026-05-18 23:35:36] лоа Боец 5: 1 урона от Лучник. HP 50/60
[2026-05-18 23:35:36] лоа Боец 5: 1 урона от Лучник. HP 49/60
[2026-05-18 23:35:36] аво Боец 4: 1 урона от Сильный боец. HP 62/70
[2026-05-18 23:35:36] лоа Боец 3: 1 урона от Лучник. HP 34/60
[2026-05-18 23:35:36] лоа Боец 3: 1 урона от Лучник. HP 33/60
[2026-05-18 23:35:36] лоа Боец 4: 1 урона от Лучник. HP 41/60
[2026-05-18 23:35:36] лоа Боец 3: 1 урона от Лучник. HP 32/60
[2026-05-18 23:35:36] аво Боец 4: 1 урона от Сильный боец. HP 61/70
[2026-05-18 23:35:36] лоа Боец 3: 1 урона от Лучник. HP 31/60
[2026-05-18 23:35:36] лоа Боец 3: 1 урона от Лучник. HP 30/60
[2026-05-18 23:35:36] лоа Боец 4: 1 урона от Лучник. HP 40/60
[2026-05-18 23:35:36] лоа Боец 4: 1 урона от Лучник. HP 39/60
[2026-05-18 23:35:36] аво Боец 4: 1 урона от Сильный боец. HP 60/70
[2026-05-18 23:35:36] лоа Боец 3: 1 урона от Лучник. HP 29/60
[2026-05-18 23:35:36] лоа Боец 3: 1 урона от Лучник. HP 28/60
[2026-05-18 23:35:36] лоа Боец 3: 1 урона от Лучник. HP 27/60
[2026-05-18 23:35:36] лоа Боец 4: 1 урона от Лучник. HP 38/60
[2026-05-18 23:35:36] лоа Боец 4: 1 урона от Лучник. HP 37/60
[2026-05-18 23:35:36] аво Боец 4: 1 урона от Сильный боец. HP 59/70
[2026-05-18 23:35:36] лоа Боец 6: 1 урона от Лучник. HP 60/70
[2026-05-18 23:35:36] лоа Боец 8: 1 урона от Лучник. HP 67/70
[2026-05-18 23:35:36] лоа Боец 5: 1 урона от Лучник. HP 48/60
[2026-05-18 23:35:36] лоа Боец 6: 1 урона от Лучник. HP 59/70
[2026-05-18 23:35:36] лоа Боец 3: 1 урона от Лучник. HP 26/60
[2026-05-18 23:35:37] аво Боец 4: 1 урона от Сильный боец. HP 58/70
[2026-05-18 23:35:37] лоа Боец 6: 1 урона от Лучник. HP 58/70
[2026-05-18 23:35:37] лоа Боец 6: 1 урона от Лучник. HP 57/70
[2026-05-18 23:35:37] лоа Боец 4: 1 урона от Лучник. HP 36/60
[2026-05-18 23:35:37] лоа Боец 4: 1 урона от Лучник. HP 35/60
[2026-05-18 23:35:37] лоа Боец 8: 1 урона от Лучник. HP 66/70
[2026-05-18 23:35:37] аво Боец 4: 1 урона от Сильный боец. HP 57/70
[2026-05-18 23:35:37] лоа Боец 6: 1 урона от Лучник. HP 56/70
[2026-05-18 23:35:37] лоа Боец 3: 1 урона от Лучник. HP 25/60
[2026-05-18 23:35:37] лоа Боец 3: 1 урона от Лучник. HP 24/60
[2026-05-18 23:35:37] лоа Боец 6: 1 урона от Лучник. HP 55/70
[2026-05-18 23:35:37] лоа Боец 5: 1 урона от Лучник. HP 47/60
[2026-05-18 23:35:37] аво Боец 4: 1 урона от Сильный боец. HP 69/70
[2026-05-18 23:35:37] лоа Боец 3: 1 урона от Лучник. HP 23/60
[2026-05-18 23:35:37] лоа Боец 4: 1 урона от Лучник. HP 34/60
[2026-05-18 23:35:37] лоа Боец 3: 1 урона от Лучник. HP 22/60
[2026-05-18 23:35:37] лоа Боец 3: 1 урона от Лучник. HP 21/60
[2026-05-18 23:35:37] лоа Боец 3: 1 урона от Лучник. HP 20/60
[2026-05-18 23:35:37] аво Боец 4: 1 урона от Сильный боец. HP 68/70
[2026-05-18 23:35:37] лоа Боец 4: 1 урона от Лучник. HP 33/60
[2026-05-18 23:35:37] лоа Боец 4: 1 урона от Лучник. HP 32/60
[2026-05-18 23:35:37] лоа Боец 3: 1 урона от Лучник. HP 19/60
[2026-05-18 23:35:37] лоа Боец 5: 1 урона от Лучник. HP 46/60
[2026-05-18 23:35:37] лоа Боец 3: 1 урона от Лучник. HP 18/60
[2026-05-18 23:35:37] лоа Боец 3: 1 урона от Лучник. HP 17/60
[2026-05-18 23:35:38] аво Боец 4: 1 урона от Сильный боец. HP 67/70
[2026-05-18 23:35:38] лоа Боец 3: 1 урона от Лучник. HP 16/60
[2026-05-18 23:35:38] лоа Боец 3: 1 урона от Лучник. HP 15/60
[2026-05-18 23:35:38] лоа Боец 8: 1 урона от Лучник. HP 65/70
[2026-05-18 23:35:38] лоа Боец 3: 1 урона от Лучник. HP 14/60
[2026-05-18 23:35:38] лоа Боец 4: 1 урона от Лучник. HP 31/60
[2026-05-18 23:35:38] лоа Боец 3: 1 урона от Лучник. HP 13/60
[2026-05-18 23:35:39] аво Боец 4: 1 урона от Сильный боец. HP 66/70
[2026-05-18 23:35:39] лоа Боец 5: 1 урона от Лучник. HP 45/60
[2026-05-18 23:35:39] лоа Боец 4: 1 урона от Лучник. HP 30/60
[2026-05-18 23:35:39] лоа Боец 5: 1 урона от Лучник. HP 44/60
[2026-05-18 23:35:39] лоа Боец 3: 1 урона от Лучник. HP 12/60
[2026-05-18 23:35:39] лоа Боец 3: 1 урона от Лучник. HP 11/60
[2026-05-18 23:35:39] лоа Боец 3: 1 урона от Лучник. HP 10/60
[2026-05-18 23:35:39] аво Боец 4: 1 урона от Сильный боец. HP 65/70
[2026-05-18 23:35:39] лоа Боец 5: 1 урона от Лучник. HP 43/60
[2026-05-18 23:35:39] лоа Боец 4: 1 урона от Лучник. HP 29/60
[2026-05-18 23:35:39] лоа Боец 3: 1 урона от Лучник. HP 9/60
[2026-05-18 23:35:39] лоа Боец 3: 1 урона от Лучник. HP 8/60
[2026-05-18 23:35:39] лоа Боец 3: 1 урона от Лучник. HP 7/60
[2026-05-18 23:35:39] лоа Боец 4: 1 урона от Лучник. HP 28/60
[2026-05-18 23:35:39] аво Боец 4: 1 урона от Сильный боец. HP 64/70
[2026-05-18 23:35:39] лоа Боец 4: 1 урона от Лучник. HP 27/60
[2026-05-18 23:35:39] лоа Боец 4: 1 урона от Лучник. HP 26/60
[2026-05-18 23:35:39] лоа Боец 3: 1 урона от Лучник. HP 6/60
[2026-05-18 23:35:39] лоа Боец 3: 1 урона от Лучник. HP 5/60
[2026-05-18 23:35:39] лоа Боец 4: 1 урона от Лучник. HP 25/60
[2026-05-18 23:35:39] лоа Боец 3: 1 урона от Лучник. HP 4/60
[2026-05-18 23:35:40] аво Боец 4: 1 урона от Сильный боец. HP 63/70
[2026-05-18 23:35:40] лоа Боец 5: 1 урона от Лучник. HP 42/60
[2026-05-18 23:35:40] лоа Боец 3: 1 урона от Лучник. HP 3/60
[2026-05-18 23:35:40] лоа Боец 3: 1 урона от Лучник. HP 2/60
[2026-05-18 23:35:40] лоа Боец 6: 1 урона от Лучник. HP 54/70
[2026-05-18 23:35:40] лоа Боец 3: 1 урона от Лучник. HP 1/60
[2026-05-18 23:35:40] лоа Боец 3: 1 урона от Лучник. HP 0/60
[2026-05-18 23:35:40] лоа Боец 3 убит Лучник
[2026-05-18 23:35:40] лоа Боец 8: 1 урона от Лучник. HP 64/70
[2026-05-18 23:35:40] лоа Боец 4: 1 урона от Лучник. HP 24/60
[2026-05-18 23:35:40] лоа Боец 4: 1 урона от Лучник. HP 23/60
[2026-05-18 23:35:40] лоа Боец 4: 1 урона от Лучник. HP 22/60
[2026-05-18 23:35:40] лоа Боец 6: 1 урона от Лучник. HP 53/70
[2026-05-18 23:35:40] лоа Боец 4: 1 урона от Лучник. HP 21/60
[2026-05-18 23:35:40] лоа Боец 4: 1 урона от Лучник. HP 20/60
[2026-05-18 23:35:40] лоа Боец 6: 1 урона от Лучник. HP 52/70
[2026-05-18 23:35:40] лоа Боец 8: 1 урона от Лучник. HP 63/70
[2026-05-18 23:35:40] лоа Боец 6: 1 урона от Лучник. HP 51/70
[2026-05-18 23:35:40] лоа Боец 6: 1 урона от Лучник. HP 50/70
[2026-05-18 23:35:40] лоа Боец 6: 1 урона от Лучник. HP 49/70
[2026-05-18 23:35:41] лоа Боец 4: 1 урона от Лучник. HP 19/60
[2026-05-18 23:35:41] лоа Боец 4: 1 урона от Лучник. HP 18/60
[2026-05-18 23:35:41] лоа Боец 6: 1 урона от Лучник. HP 48/70
[2026-05-18 23:35:41] лоа Боец 6: 1 урона от Лучник. HP 47/70
[2026-05-18 23:35:41] лоа Боец 5: 1 урона от Лучник. HP 41/60
[2026-05-18 23:35:41] лоа Боец 4: 1 урона от Лучник. HP 17/60
[2026-05-18 23:35:41] лоа Боец 4: 1 урона от Лучник. HP 16/60
[2026-05-18 23:35:41] лоа Боец 4: 1 урона от Лучник. HP 15/60
[2026-05-18 23:35:41] лоа Боец 4: 1 урона от Лучник. HP 14/60
[2026-05-18 23:35:41] лоа Боец 4: 1 урона от Лучник. HP 13/60
[2026-05-18 23:35:41] лоа Боец 4: 1 урона от Лучник. HP 12/60
[2026-05-18 23:35:41] лоа Боец 4: 1 урона от Лучник. HP 11/60
[2026-05-18 23:35:41] лоа Боец 5: 1 урона от Лучник. HP 40/60
[2026-05-18 23:35:41] лоа Боец 6: 1 урона от Лучник. HP 46/70
[2026-05-18 23:35:41] лоа Боец 4: 1 урона от Лучник. HP 10/60
[2026-05-18 23:35:41] лоа Боец 4: 1 урона от Лучник. HP 9/60
[2026-05-18 23:35:41] лоа Боец 6: 1 урона от Лучник. HP 45/70
[2026-05-18 23:35:41] лоа Боец 4: 1 урона от Лучник. HP 8/60
[2026-05-18 23:35:41] лоа Боец 4: 1 урона от Лучник. HP 7/60
[2026-05-18 23:35:41] лоа Боец 4: 1 урона от Лучник. HP 6/60
[2026-05-18 23:35:41] лоа Боец 8: 1 урона от Лучник. HP 62/70
[2026-05-18 23:35:41] лоа Боец 5: 1 урона от Лучник. HP 39/60
[2026-05-18 23:35:41] лоа Боец 5: 1 урона от Лучник. HP 38/60
[2026-05-18 23:35:41] лоа Боец 5: 1 урона от Лучник. HP 37/60
[2026-05-18 23:35:41] лоа Боец 5: 1 урона от Лучник. HP 36/60
[2026-05-18 23:35:41] лоа Боец 4: 1 урона от Лучник. HP 5/60
[2026-05-18 23:35:41] лоа Боец 4: 1 урона от Лучник. HP 4/60
[2026-05-18 23:35:41] лоа Боец 6: 1 урона от Лучник. HP 44/70
[2026-05-18 23:35:41] лоа Боец 4: 1 урона от Лучник. HP 3/60
[2026-05-18 23:35:41] лоа Боец 4: 1 урона от Лучник. HP 2/60
[2026-05-18 23:35:42] лоа Боец 4: 1 урона от Лучник. HP 1/60
[2026-05-18 23:35:42] лоа Боец 4: 1 урона от Лучник. HP 0/60
[2026-05-18 23:35:42] лоа Боец 4 убит Лучник
[2026-05-18 23:35:42] лоа Боец 5: 1 урона от Лучник. HP 35/60
[2026-05-18 23:35:42] лоа Боец 5: 1 урона от Лучник. HP 34/60
[2026-05-18 23:35:42] лоа Боец 5: 1 урона от Лучник. HP 33/60
[2026-05-18 23:35:42] лоа Боец 5: 1 урона от Лучник. HP 32/60
[2026-05-18 23:35:42] лоа Боец 6: 1 урона от Лучник. HP 43/70
[2026-05-18 23:35:42] лоа Боец 6: 1 урона от Лучник. HP 42/70
[2026-05-18 23:35:42] лоа Боец 5: 1 урона от Лучник. HP 31/60
[2026-05-18 23:35:42] лоа Боец 6: 1 урона от Лучник. HP 41/70
[2026-05-18 23:35:42] лоа Боец 8: 1 урона от Лучник. HP 61/70
[2026-05-18 23:35:42] лоа Боец 5: 1 урона от Лучник. HP 30/60
[2026-05-18 23:35:42] лоа Боец 5: 1 урона от Лучник. HP 29/60
[2026-05-18 23:35:42] лоа Боец 6: 1 урона от Лучник. HP 40/70
[2026-05-18 23:35:42] лоа Боец 6: 1 урона от Лучник. HP 39/70
[2026-05-18 23:35:42] лоа Боец 5: 1 урона от Лучник. HP 28/60
[2026-05-18 23:35:42] лоа Боец 6: 1 урона от Лучник. HP 38/70
[2026-05-18 23:35:42] лоа Боец 5: 1 урона от Лучник. HP 27/60
[2026-05-18 23:35:42] лоа Боец 5: 1 урона от Лучник. HP 26/60
[2026-05-18 23:35:42] лоа Боец 8: 1 урона от Лучник. HP 60/70
[2026-05-18 23:36:08] вадлс Боец 1: 1 урона от Слабый боец. HP 59/60
[2026-05-18 23:36:08] асло Боец 1: 12 урона от Сильный боец. HP 13/25
[2026-05-18 23:36:08] вадлс Боец 2: 1 урона от Лучник. HP 69/70
[2026-05-18 23:36:08] вадлс Боец 1: 1 урона от Лучник. HP 58/60
[2026-05-18 23:36:09] вадлс Боец 1: 1 урона от Слабый боец. HP 57/60
[2026-05-18 23:36:09] асло Боец 1: 12 урона от Сильный боец. HP 1/25
[2026-05-18 23:36:09] вадлс Боец 1: 1 урона от Лучник. HP 56/60
[2026-05-18 23:36:09] вадлс Боец 3: 8 урона от Лучник. HP 14/22
[2026-05-18 23:36:09] вадлс Боец 1: 1 урона от Слабый боец. HP 55/60
[2026-05-18 23:36:09] асло Боец 1: 12 урона от Сильный боец. HP 0/25
[2026-05-18 23:36:09] асло Боец 1 убит Сильный боец
[2026-05-18 23:36:09] вадлс Боец 3: 8 урона от Лучник. HP 6/22
[2026-05-18 23:36:10] вадлс Боец 1: 1 урона от Лучник. HP 54/60
[2026-05-18 23:36:10] асло Боец 2: 17 урона от Сильный боец. HP 1/18
[2026-05-18 23:36:10] вадлс Боец 1: 1 урона от Лучник. HP 53/60
[2026-05-18 23:36:29] вадлс Боец 1: 1 урона от Лучник. HP 52/60
[2026-05-18 23:36:29] вадлс Боец 1: 1 урона от Лучник. HP 51/60
[2026-05-18 23:36:30] вадлс Боец 5: 4 урона от Лучник. HP 21/25
[2026-05-18 23:36:30] вадлс Боец 2: 1 урона от Лучник. HP 68/70
[2026-05-18 23:36:30] вадлс Боец 1: 1 урона от Лучник. HP 50/60
[2026-05-18 23:36:30] вадлс Боец 1: 1 урона от Лучник. HP 49/60
[2026-05-18 23:36:31] вадлс Боец 2: 1 урона от Лучник. HP 67/70
[2026-05-18 23:36:31] вадлс Боец 2: 1 урона от Лучник. HP 66/70
[2026-05-18 23:36:31] вадлс Боец 1: 1 урона от Лучник. HP 48/60
[2026-05-18 23:36:31] вадлс Боец 2: 1 урона от Лучник. HP 65/70
[2026-05-18 23:36:31] вадлс Боец 1: 1 урона от Лучник. HP 47/60
[2026-05-18 23:36:32] Unknown Боец 4: 1 урона от Лучник. HP 59/60
[2026-05-18 23:36:32] вадлс Боец 2: 1 урона от Лучник. HP 64/70
[2026-05-18 23:36:32] вадлс Боец 6: 4 урона от Лучник. HP 21/25
[2026-05-18 23:36:32] вадлс Боец 1: 1 урона от Лучник. HP 46/60
[2026-05-18 23:36:32] Unknown Боец 4: 1 урона от Лучник. HP 58/60
[2026-05-18 23:36:32] вадлс Боец 2: 1 урона от Лучник. HP 63/70
[2026-05-18 23:36:32] вадлс Боец 1: 1 урона от Лучник. HP 45/60
[2026-05-18 23:36:32] вадлс Боец 2: 1 урона от Лучник. HP 62/70
[2026-05-18 23:36:48] вадлс Боец 1: 1 урона от Лучник. HP 44/60
[2026-05-18 23:36:48] Unknown Боец 4: 1 урона от Лучник. HP 57/60
[2026-05-18 23:36:48] вадлс Боец 2: 1 урона от Лучник. HP 61/70
[2026-05-18 23:36:48] вадлс Боец 10: 4 урона от Лучник. HP 9/25
[2026-05-18 23:36:48] вадлс Боец 8: 4 урона от Лучник. HP 17/25
[2026-05-18 23:36:48] вадлс Боец 1: 1 урона от Лучник. HP 43/60
[2026-05-18 23:36:48] вадлс Боец 1: 1 урона от Лучник. HP 42/60
[2026-05-18 23:36:48] вадлс Боец 2: 1 урона от Лучник. HP 60/70
[2026-05-18 23:36:48] вадлс Боец 2: 1 урона от Лучник. HP 59/70
[2026-05-18 23:36:49] вадлс Боец 1: 1 урона от Лучник. HP 41/60
[2026-05-18 23:36:49] вадлс Боец 8: 4 урона от Лучник. HP 13/25
[2026-05-18 23:36:49] вадлс Боец 3: 8 урона от Лучник. HP 0/22
[2026-05-18 23:36:49] вадлс Боец 3 убит Лучник
[2026-05-18 23:36:49] вадлс Боец 1: 1 урона от Лучник. HP 40/60
[2026-05-18 23:36:49] вадлс Боец 1: 1 урона от Лучник. HP 39/60
[2026-05-18 23:36:49] вадлс Боец 1: 1 урона от Лучник. HP 38/60
[2026-05-18 23:36:49] вадлс Боец 2: 1 урона от Лучник. HP 58/70
[2026-05-18 23:36:49] вадлс Боец 9: 4 урона от Лучник. HP 13/25
[2026-05-18 23:36:49] вадлс Боец 7: 4 урона от Лучник. HP 9/25
[2026-05-18 23:36:49] вадлс Боец 9: 4 урона от Лучник. HP 9/25
[2026-05-18 23:36:50] вадлс Боец 9: 4 урона от Лучник. HP 5/25
[2026-05-18 23:36:50] вадлс Боец 8: 4 урона от Лучник. HP 9/25
[2026-05-18 23:36:50] вадлс Боец 1: 1 урона от Лучник. HP 37/60
[2026-05-18 23:36:50] вадлс Боец 5: 4 урона от Лучник. HP 17/25
[2026-05-18 23:36:50] вадлс Боец 5: 4 урона от Лучник. HP 13/25
[2026-05-18 23:36:50] вадлс Боец 2: 1 урона от Лучник. HP 57/70
[2026-05-18 23:36:50] вадлс Боец 1: 1 урона от Лучник. HP 36/60
[2026-05-18 23:36:50] вадлс Боец 9: 4 урона от Лучник. HP 1/25
[2026-05-18 23:36:50] вадлс Боец 2: 1 урона от Лучник. HP 56/70
[2026-05-18 23:36:50] вадлс Боец 1: 1 урона от Лучник. HP 35/60
[2026-05-18 23:36:50] вадлс Боец 1: 1 урона от Лучник. HP 34/60
[2026-05-18 23:36:50] Unknown Боец 4: 1 урона от Лучник. HP 56/60
[2026-05-18 23:36:51] асло Боец 3: 1 урона от Слабый боец. HP 69/70
[2026-05-18 23:36:51] вадлс Боец 2: 1 урона от Лучник. HP 55/70
[2026-05-18 23:36:51] вадлс Боец 9: 4 урона от Лучник. HP 0/25
[2026-05-18 23:36:51] вадлс Боец 9 убит Лучник
[2026-05-18 23:36:51] вадлс Боец 2: 1 урона от Лучник. HP 54/70
[2026-05-18 23:36:51] вадлс Боец 1: 1 урона от Лучник. HP 33/60
[2026-05-18 23:36:51] вадлс Боец 1: 1 урона от Лучник. HP 32/60
[2026-05-18 23:36:51] асло Боец 3: 1 урона от Слабый боец. HP 68/70
[2026-05-18 23:36:51] вадлс Боец 2: 1 урона от Лучник. HP 53/70
[2026-05-18 23:36:51] вадлс Боец 8: 4 урона от Лучник. HP 5/25
[2026-05-18 23:36:51] вадлс Боец 2: 1 урона от Лучник. HP 52/70
[2026-05-18 23:36:51] вадлс Боец 2: 1 урона от Лучник. HP 51/70
[2026-05-18 23:36:51] вадлс Боец 10: 4 урона от Лучник. HP 5/25
[2026-05-18 23:36:51] вадлс Боец 1: 1 урона от Лучник. HP 31/60
[2026-05-18 23:36:51] вадлс Боец 1: 1 урона от Лучник. HP 30/60
[2026-05-18 23:36:51] асло Боец 3: 1 урона от Слабый боец. HP 67/70
[2026-05-18 23:36:51] вадлс Боец 1: 1 урона от Лучник. HP 29/60
[2026-05-18 23:36:51] вадлс Боец 1: 1 урона от Лучник. HP 28/60
[2026-05-18 23:36:51] вадлс Боец 7: 4 урона от Лучник. HP 5/25
[2026-05-18 23:36:51] вадлс Боец 8: 4 урона от Лучник. HP 1/25
[2026-05-18 23:36:51] вадлс Боец 1: 1 урона от Лучник. HP 27/60
[2026-05-18 23:36:51] вадлс Боец 2: 1 урона от Лучник. HP 50/70
[2026-05-18 23:36:51] вадлс Боец 8: 4 урона от Лучник. HP 0/25
[2026-05-18 23:36:51] вадлс Боец 8 убит Лучник
[2026-05-18 23:36:52] асло Боец 3: 1 урона от Слабый боец. HP 66/70
[2026-05-18 23:36:52] вадлс Боец 2: 1 урона от Лучник. HP 49/70
[2026-05-18 23:36:52] Unknown Боец 4: 1 урона от Лучник. HP 55/60
[2026-05-18 23:36:52] вадлс Боец 1: 1 урона от Лучник. HP 26/60
[2026-05-18 23:36:52] вадлс Боец 10: 4 урона от Лучник. HP 1/25
[2026-05-18 23:36:52] вадлс Боец 6: 4 урона от Лучник. HP 17/25
[2026-05-18 23:36:52] вадлс Боец 1: 1 урона от Лучник. HP 25/60
[2026-05-18 23:36:52] вадлс Боец 2: 1 урона от Лучник. HP 48/70
[2026-05-18 23:36:52] асло Боец 3: 1 урона от Слабый боец. HP 65/70
[2026-05-18 23:36:52] вадлс Боец 1: 1 урона от Лучник. HP 24/60
[2026-05-18 23:36:52] вадлс Боец 2: 1 урона от Лучник. HP 47/70
[2026-05-18 23:36:52] вадлс Боец 1: 1 урона от Лучник. HP 23/60
[2026-05-18 23:36:52] вадлс Боец 1: 1 урона от Лучник. HP 22/60
[2026-05-18 23:36:52] вадлс Боец 1: 1 урона от Лучник. HP 21/60
[2026-05-18 23:36:52] вадлс Боец 2: 1 урона от Лучник. HP 46/70
[2026-05-18 23:36:52] вадлс Боец 10: 4 урона от Лучник. HP 0/25
[2026-05-18 23:36:52] вадлс Боец 10 убит Лучник
[2026-05-18 23:36:52] асло Боец 3: 1 урона от Сильный боец. HP 64/70
[2026-05-18 23:36:52] вадлс Боец 1: 1 урона от Лучник. HP 20/60
[2026-05-18 23:36:52] вадлс Боец 1: 1 урона от Лучник. HP 19/60
[2026-05-18 23:36:52] вадлс Боец 2: 1 урона от Лучник. HP 45/70
[2026-05-18 23:36:52] вадлс Боец 1: 1 урона от Лучник. HP 18/60
[2026-05-18 23:36:52] вадлс Боец 1: 1 урона от Лучник. HP 17/60
[2026-05-18 23:36:52] вадлс Боец 2: 1 урона от Лучник. HP 44/70
[2026-05-18 23:36:52] вадлс Боец 1: 1 урона от Лучник. HP 16/60
[2026-05-18 23:36:53] асло Боец 3: 1 урона от Сильный боец. HP 63/70
[2026-05-18 23:36:53] вадлс Боец 1: 1 урона от Лучник. HP 15/60
[2026-05-18 23:36:53] вадлс Боец 5: 4 урона от Лучник. HP 9/25
[2026-05-18 23:36:53] вадлс Боец 6: 4 урона от Лучник. HP 13/25
[2026-05-18 23:36:53] вадлс Боец 1: 1 урона от Лучник. HP 14/60
[2026-05-18 23:36:53] вадлс Боец 5: 4 урона от Лучник. HP 5/25
[2026-05-18 23:36:53] вадлс Боец 1: 1 урона от Лучник. HP 13/60
[2026-05-18 23:36:53] вадлс Боец 1: 1 урона от Лучник. HP 12/60
[2026-05-18 23:36:53] вадлс Боец 2: 1 урона от Лучник. HP 43/70
[2026-05-18 23:36:53] асло Боец 3: 1 урона от Сильный боец. HP 62/70
[2026-05-18 23:36:53] вадлс Боец 6: 4 урона от Лучник. HP 9/25
[2026-05-18 23:36:53] вадлс Боец 1: 1 урона от Лучник. HP 11/60
[2026-05-18 23:36:53] вадлс Боец 1: 1 урона от Лучник. HP 10/60
[2026-05-18 23:36:53] Unknown Боец 4: 1 урона от Лучник. HP 54/60
[2026-05-18 23:36:53] вадлс Боец 2: 1 урона от Лучник. HP 42/70
[2026-05-18 23:36:53] вадлс Боец 1: 1 урона от Лучник. HP 9/60
[2026-05-18 23:36:53] вадлс Боец 1: 1 урона от Лучник. HP 8/60
[2026-05-18 23:36:53] вадлс Боец 7: 4 урона от Лучник. HP 1/25
[2026-05-18 23:36:53] асло Боец 3: 1 урона от Сильный боец. HP 61/70
[2026-05-18 23:36:53] вадлс Боец 2: 1 урона от Лучник. HP 41/70
[2026-05-18 23:36:53] вадлс Боец 1: 1 урона от Лучник. HP 7/60
[2026-05-18 23:36:53] Unknown Боец 4: 1 урона от Лучник. HP 53/60
[2026-05-18 23:36:53] Unknown Боец 4: 1 урона от Лучник. HP 52/60
[2026-05-18 23:36:53] вадлс Боец 1: 1 урона от Лучник. HP 6/60
[2026-05-18 23:36:53] Unknown Боец 4: 1 урона от Лучник. HP 51/60
[2026-05-18 23:36:53] вадлс Боец 7: 4 урона от Лучник. HP 0/25
[2026-05-18 23:36:53] вадлс Боец 7 убит Лучник
[2026-05-18 23:36:53] Unknown Боец 4: 1 урона от Лучник. HP 50/60
[2026-05-18 23:36:54] асло Боец 3: 1 урона от Слабый боец. HP 60/70
[2026-05-18 23:36:54] вадлс Боец 1: 1 урона от Лучник. HP 5/60
[2026-05-18 23:36:54] вадлс Боец 1: 1 урона от Лучник. HP 4/60
[2026-05-18 23:36:54] Unknown Боец 4: 1 урона от Лучник. HP 49/60
[2026-05-18 23:36:54] вадлс Боец 5: 4 урона от Лучник. HP 1/25
[2026-05-18 23:36:54] вадлс Боец 1: 1 урона от Лучник. HP 3/60
[2026-05-18 23:36:54] вадлс Боец 1: 1 урона от Лучник. HP 2/60
[2026-05-18 23:36:54] вадлс Боец 2: 1 урона от Лучник. HP 40/70
[2026-05-18 23:36:54] вадлс Боец 6: 4 урона от Лучник. HP 5/25
[2026-05-18 23:36:54] асло Боец 3: 1 урона от Слабый боец. HP 59/70
[2026-05-18 23:36:54] вадлс Боец 1: 1 урона от Лучник. HP 1/60
[2026-05-18 23:36:54] вадлс Боец 1: 1 урона от Лучник. HP 0/60
[2026-05-18 23:36:54] вадлс Боец 1 убит Лучник
[2026-05-18 23:36:54] Unknown Боец 4: 1 урона от Лучник. HP 48/60
[2026-05-18 23:36:54] вадлс Боец 5: 4 урона от Лучник. HP 0/25
[2026-05-18 23:36:54] вадлс Боец 5 убит Лучник
[2026-05-18 23:36:54] вадлс Боец 6: 4 урона от Лучник. HP 1/25
[2026-05-18 23:36:54] вадлс Боец 2: 1 урона от Лучник. HP 39/70
[2026-05-18 23:36:54] Unknown Боец 4: 1 урона от Лучник. HP 47/60
[2026-05-18 23:36:54] вадлс Боец 2: 1 урона от Лучник. HP 38/70
[2026-05-18 23:36:54] вадлс Боец 2: 1 урона от Лучник. HP 37/70
[2026-05-18 23:36:54] Unknown Боец 4: 1 урона от Лучник. HP 46/60
[2026-05-18 23:36:54] вадлс Боец 6: 4 урона от Лучник. HP 0/25
[2026-05-18 23:36:54] вадлс Боец 6 убит Лучник
[2026-05-18 23:36:54] вадлс Боец 2: 1 урона от Лучник. HP 36/70
[2026-05-18 23:36:54] вадлс Боец 2: 1 урона от Лучник. HP 35/70
[2026-05-18 23:36:54] Unknown Боец 4: 1 урона от Лучник. HP 45/60
[2026-05-18 23:36:54] вадлс Боец 2: 1 урона от Лучник. HP 34/70
[2026-05-18 23:36:54] вадлс Боец 2: 1 урона от Лучник. HP 33/70
[2026-05-18 23:36:55] асло Боец 3: 1 урона от Сильный боец. HP 58/70
[2026-05-18 23:36:55] вадлс Боец 2: 1 урона от Лучник. HP 32/70
[2026-05-18 23:36:55] вадлс Боец 2: 1 урона от Лучник. HP 31/70
[2026-05-18 23:36:55] Unknown Боец 4: 1 урона от Лучник. HP 44/60
[2026-05-18 23:36:55] вадлс Боец 2: 1 урона от Лучник. HP 30/70
[2026-05-18 23:36:55] вадлс Боец 2: 1 урона от Лучник. HP 29/70
[2026-05-18 23:36:55] вадлс Боец 2: 1 урона от Лучник. HP 28/70
[2026-05-18 23:36:55] вадлс Боец 2: 1 урона от Лучник. HP 27/70
[2026-05-18 23:36:55] вадлс Боец 2: 1 урона от Лучник. HP 26/70
[2026-05-18 23:36:55] асло Боец 3: 1 урона от Сильный боец. HP 57/70
[2026-05-18 23:36:55] Unknown Боец 4: 1 урона от Лучник. HP 43/60
[2026-05-18 23:36:55] вадлс Боец 2: 1 урона от Лучник. HP 25/70
[2026-05-18 23:36:55] Unknown Боец 4: 1 урона от Лучник. HP 42/60
[2026-05-18 23:36:55] вадлс Боец 2: 1 урона от Лучник. HP 24/70
[2026-05-18 23:36:55] вадлс Боец 2: 1 урона от Лучник. HP 23/70
[2026-05-18 23:36:55] вадлс Боец 2: 1 урона от Лучник. HP 22/70
[2026-05-18 23:36:55] вадлс Боец 2: 1 урона от Лучник. HP 21/70
[2026-05-18 23:36:55] вадлс Боец 2: 1 урона от Лучник. HP 20/70
[2026-05-18 23:36:55] асло Боец 3: 1 урона от Сильный боец. HP 56/70
[2026-05-18 23:36:55] вадлс Боец 2: 1 урона от Лучник. HP 19/70
[2026-05-18 23:36:55] вадлс Боец 2: 1 урона от Лучник. HP 18/70
[2026-05-18 23:36:55] Unknown Боец 4: 1 урона от Лучник. HP 41/60
[2026-05-18 23:36:55] Unknown Боец 4: 1 урона от Лучник. HP 40/60
[2026-05-18 23:36:55] вадлс Боец 2: 1 урона от Лучник. HP 17/70
[2026-05-18 23:36:55] вадлс Боец 2: 1 урона от Лучник. HP 16/70
[2026-05-18 23:36:55] вадлс Боец 2: 1 урона от Лучник. HP 15/70
[2026-05-18 23:36:55] вадлс Боец 2: 1 урона от Лучник. HP 14/70
[2026-05-18 23:36:56] асло Боец 3: 1 урона от Сильный боец. HP 55/70
[2026-05-18 23:36:56] вадлс Боец 2: 1 урона от Лучник. HP 13/70
[2026-05-18 23:36:56] вадлс Боец 2: 1 урона от Лучник. HP 12/70
[2026-05-18 23:36:56] вадлс Боец 2: 1 урона от Лучник. HP 11/70
[2026-05-18 23:36:56] Unknown Боец 4: 1 урона от Лучник. HP 39/60
[2026-05-18 23:36:56] вадлс Боец 2: 1 урона от Лучник. HP 10/70
[2026-05-18 23:36:56] Unknown Боец 4: 1 урона от Лучник. HP 38/60
[2026-05-18 23:36:56] вадлс Боец 2: 1 урона от Лучник. HP 9/70
[2026-05-18 23:36:56] вадлс Боец 2: 1 урона от Лучник. HP 8/70
[2026-05-18 23:36:56] асло Боец 3: 1 урона от Сильный боец. HP 54/70
[2026-05-18 23:36:56] вадлс Боец 2: 1 урона от Лучник. HP 7/70
[2026-05-18 23:36:56] вадлс Боец 2: 1 урона от Лучник. HP 6/70
[2026-05-18 23:36:56] Unknown Боец 4: 1 урона от Лучник. HP 37/60
[2026-05-18 23:36:56] Unknown Боец 4: 1 урона от Лучник. HP 36/60
[2026-05-18 23:36:56] вадлс Боец 2: 1 урона от Лучник. HP 5/70
[2026-05-18 23:36:56] вадлс Боец 2: 1 урона от Лучник. HP 4/70
[2026-05-18 23:36:56] вадлс Боец 2: 1 урона от Лучник. HP 3/70
[2026-05-18 23:36:56] Unknown Боец 4: 1 урона от Лучник. HP 35/60
[2026-05-18 23:36:56] асло Боец 3: 1 урона от Сильный боец. HP 53/70
[2026-05-18 23:36:56] Unknown Боец 4: 1 урона от Лучник. HP 34/60
[2026-05-18 23:36:56] Unknown Боец 4: 1 урона от Лучник. HP 33/60
[2026-05-18 23:36:56] вадлс Боец 2: 1 урона от Лучник. HP 2/70
[2026-05-18 23:36:56] вадлс Боец 2: 1 урона от Лучник. HP 1/70
[2026-05-18 23:36:56] вадлс Боец 2: 1 урона от Лучник. HP 0/70
[2026-05-18 23:36:56] вадлс Боец 2 убит Лучник
[2026-05-18 23:36:56] Unknown Боец 4: 1 урона от Лучник. HP 32/60
[2026-05-18 23:36:56] Unknown Боец 4: 1 урона от Лучник. HP 31/60
[2026-05-18 23:36:56] Unknown Боец 4: 1 урона от Лучник. HP 30/60
[2026-05-18 23:36:56] Unknown Боец 4: 1 урона от Лучник. HP 29/60
[2026-05-18 23:36:58] асло Боец 3: 1 урона от Сильный боец. HP 52/70
[2026-05-18 23:36:58] Unknown Боец 4: 1 урона от Лучник. HP 28/60
[2026-05-18 23:36:58] Unknown Боец 4: 1 урона от Лучник. HP 27/60
[2026-05-18 23:36:58] Unknown Боец 4: 1 урона от Лучник. HP 26/60
[2026-05-18 23:36:58] Unknown Боец 4: 1 урона от Лучник. HP 25/60
[2026-05-18 23:36:58] Unknown Боец 4: 1 урона от Лучник. HP 24/60
[2026-05-18 23:36:58] Unknown Боец 4: 1 урона от Лучник. HP 23/60
[2026-05-18 23:36:58] Unknown Боец 4: 1 урона от Лучник. HP 22/60
[2026-05-18 23:36:58] Unknown Боец 4: 1 урона от Лучник. HP 21/60
[2026-05-18 23:36:58] Unknown Боец 4: 1 урона от Лучник. HP 20/60
[2026-05-18 23:36:59] асло Боец 3: 1 урона от Сильный боец. HP 51/70
[2026-05-18 23:36:59] Unknown Боец 4: 1 урона от Лучник. HP 19/60
[2026-05-18 23:36:59] Unknown Боец 4: 1 урона от Лучник. HP 18/60
[2026-05-18 23:36:59] Unknown Боец 4: 1 урона от Лучник. HP 17/60
[2026-05-18 23:36:59] Unknown Боец 4: 1 урона от Лучник. HP 16/60
[2026-05-18 23:36:59] Unknown Боец 4: 1 урона от Лучник. HP 15/60
[2026-05-18 23:36:59] Unknown Боец 4: 1 урона от Лучник. HP 14/60
[2026-05-18 23:36:59] Unknown Боец 4: 1 урона от Лучник. HP 13/60
[2026-05-18 23:36:59] Unknown Боец 4: 1 урона от Лучник. HP 12/60
[2026-05-18 23:36:59] Unknown Боец 4: 1 урона от Лучник. HP 11/60
[2026-05-18 23:36:59] Unknown Боец 4: 1 урона от Лучник. HP 10/60
[2026-05-18 23:36:59] асло Боец 3: 1 урона от Сильный боец. HP 50/70
[2026-05-18 23:36:59] Unknown Боец 4: 1 урона от Лучник. HP 9/60
[2026-05-18 23:36:59] Unknown Боец 4: 1 урона от Лучник. HP 8/60
[2026-05-18 23:36:59] Unknown Боец 4: 1 урона от Лучник. HP 7/60
[2026-05-18 23:36:59] Unknown Боец 4: 1 урона от Лучник. HP 6/60
[2026-05-18 23:36:59] Unknown Боец 4: 1 урона от Лучник. HP 5/60
[2026-05-18 23:36:59] Unknown Боец 4: 1 урона от Лучник. HP 4/60
[2026-05-18 23:36:59] Unknown Боец 4: 1 урона от Лучник. HP 3/60
[2026-05-18 23:36:59] Unknown Боец 4: 1 урона от Лучник. HP 2/60
[2026-05-18 23:36:59] Unknown Боец 4: 1 урона от Лучник. HP 1/60
[2026-05-18 23:36:59] Unknown Боец 4: 1 урона от Лучник. HP 0/60
[2026-05-18 23:36:59] Unknown Боец 4 убит Лучник
[2026-05-18 23:37:26] укшм Боец 1: 3 урона от Маг. HP 19/22
[2026-05-18 23:37:26] укщашл Боец 1: 3 урона от Маг. HP 19/22
[2026-05-18 23:37:26] укщашл Боец 2: 2 урона от Слабый боец. HP 23/25
[2026-05-18 23:37:26] укшм Боец 2: 2 урона от Слабый боец. HP 23/25
[2026-05-18 23:37:26] укшм Боец 3: 8 урона от Слабый боец. HP 7/15
[2026-05-18 23:37:26] укщашл Боец 3: 1 урона от Лекарь. HP 24/25
[2026-05-18 23:37:26] укшм Боец 1: 8 урона от Лучник. HP 11/22
[2026-05-18 23:37:26] укшм Боец 9: 4 урона от Лучник. HP 21/25
[2026-05-18 23:37:26] укшм Боец 3: 10 урона от Лучник. HP 0/15
[2026-05-18 23:37:26] укшм Боец 3 убит Лучник
[2026-05-18 23:37:26] укшм Боец 1: 3 урона от Маг. HP 8/22
[2026-05-18 23:37:26] укщашл Боец 1: 3 урона от Маг. HP 16/22
[2026-05-18 23:37:26] укщашл Боец 2: 2 урона от Слабый боец. HP 21/25
[2026-05-18 23:37:26] укшм Боец 2: 2 урона от Слабый боец. HP 21/25
[2026-05-18 23:37:26] укшм Боец 1: 8 урона от Лучник. HP 0/22
[2026-05-18 23:37:27] укшм Боец 1 убит Лучник
[2026-05-18 23:37:27] укщашл Боец 2: 2 урона от Слабый боец. HP 19/25
[2026-05-18 23:37:27] укшм Боец 2: 2 урона от Слабый боец. HP 19/25
[2026-05-18 23:37:27] укшм Боец 5: 1 урона от Лучник. HP 69/70
[2026-05-18 23:37:27] укщашл Боец 2: 2 урона от Слабый боец. HP 17/25
[2026-05-18 23:37:27] укшм Боец 2: 2 урона от Слабый боец. HP 17/25
[2026-05-18 23:37:27] укщашл Боец 2: 2 урона от Слабый боец. HP 15/25
[2026-05-18 23:37:27] укшм Боец 2: 2 урона от Слабый боец. HP 15/25
[2026-05-18 23:37:27] укшм Боец 5: 1 урона от Лучник. HP 68/70
[2026-05-18 23:37:28] укщашл Боец 2: 2 урона от Слабый боец. HP 13/25
[2026-05-18 23:37:28] укшм Боец 2: 2 урона от Слабый боец. HP 13/25
[2026-05-18 23:37:28] укшм Боец 2: 4 урона от Лучник. HP 9/25
[2026-05-18 23:37:28] укщашл Боец 2: 2 урона от Слабый боец. HP 11/25
[2026-05-18 23:37:28] укшм Боец 2: 2 урона от Слабый боец. HP 7/25
[2026-05-18 23:37:28] укшм Боец 4: 4 урона от Лучник. HP 21/25
[2026-05-18 23:37:29] укщашл Боец 2: 2 урона от Слабый боец. HP 9/25
[2026-05-18 23:37:29] укшм Боец 2: 2 урона от Слабый боец. HP 5/25
[2026-05-18 23:37:29] укщашл Боец 2: 2 урона от Слабый боец. HP 7/25
[2026-05-18 23:37:29] укшм Боец 2: 2 урона от Слабый боец. HP 3/25
[2026-05-18 23:37:29] укшм Боец 4: 4 урона от Лучник. HP 17/25
[2026-05-18 23:37:29] укшм Боец 2: 4 урона от Лучник. HP 0/25
[2026-05-18 23:37:29] укшм Боец 2 убит Лучник
[2026-05-19 13:27:21] первая Боец 1: 8 урона от Слабый боец. HP 7/15
[2026-05-19 13:27:21] вторая Боец 1: 1 урона от Лекарь. HP 24/25
[2026-05-19 13:27:21] первая Боец 2: 1 урона от Лекарь. HP 17/18
[2026-05-19 13:27:21] вторая Боец 2: 3 урона от Лучник. HP 12/15
[2026-05-19 13:27:21] первая Боец 3: 16 урона от Сильный боец. HP 6/22
[2026-05-19 13:27:21] вторая Боец 3: 1 урона от Маг. HP 59/60
[2026-05-19 13:27:21] вторая Боец 4: 1 урона от Маг. HP 69/70
[2026-05-19 13:27:21] первая Боец 5: 1 урона от Лекарь. HP 24/25
[2026-05-19 13:27:21] вторая Боец 5: 8 урона от Слабый боец. HP 7/15
[2026-05-19 13:27:21] вторая Боец 6: 6 урона от Слабый боец. HP 16/22
[2026-05-19 13:27:21] первая Боец 6: 1 урона от Маг. HP 24/25
[2026-05-19 13:27:21] первая Боец 7: 18 урона от Сильный боец. HP 0/15
[2026-05-19 13:27:21] первая Боец 7 убит Сильный боец
[2026-05-19 13:27:21] первая Боец 8: 1 урона от Слабый боец. HP 69/70
[2026-05-19 13:27:21] вторая Боец 9: 6 урона от Слабый боец. HP 16/22
[2026-05-19 13:27:21] первая Боец 9: 1 урона от Маг. HP 24/25
[2026-05-19 13:27:21] первая Боец 10: 3 урона от Лучник. HP 12/15
[2026-05-19 13:27:21] вторая Боец 10: 1 урона от Лекарь. HP 17/18
[2026-05-19 13:27:22] первая Боец 1: 8 урона от Слабый боец. HP 0/15
[2026-05-19 13:27:22] первая Боец 1 убит Слабый боец
[2026-05-19 13:27:22] вторая Боец 2: 3 урона от Лучник. HP 9/15
[2026-05-19 13:27:22] первая Боец 2: 1 урона от Лекарь. HP 16/18
[2026-05-19 13:27:22] вторая Боец 3: 1 урона от Маг. HP 58/60
[2026-05-19 13:27:22] первая Боец 3: 16 урона от Сильный боец. HP 0/22
[2026-05-19 13:27:22] первая Боец 3 убит Сильный боец
[2026-05-19 13:27:22] вторая Боец 4: 1 урона от Маг. HP 68/70
[2026-05-19 13:27:22] вторая Боец 5: 8 урона от Слабый боец. HP 0/15
[2026-05-19 13:27:22] вторая Боец 5 убит Слабый боец
[2026-05-19 13:27:22] первая Боец 6: 1 урона от Маг. HP 23/25
[2026-05-19 13:27:22] вторая Боец 6: 6 урона от Слабый боец. HP 10/22
[2026-05-19 13:27:22] первая Боец 8: 1 урона от Сильный боец. HP 68/70
[2026-05-19 13:27:22] вторая Боец 8: 2 урона от Слабый боец. HP 23/25
[2026-05-19 13:27:22] первая Боец 9: 2 урона от Слабый боец. HP 22/25
[2026-05-19 13:27:22] вторая Боец 9: 1 урона от Лекарь. HP 15/22
[2026-05-19 13:27:22] первая Боец 10: 5 урона от Маг. HP 7/15
[2026-05-19 13:27:22] первая Боец 11: 1 урона от Лучник. HP 59/60
[2026-05-19 13:27:22] вторая Боец 10: 17 урона от Сильный боец. HP 0/18
[2026-05-19 13:27:22] вторая Боец 10 убит Сильный боец
[2026-05-19 13:27:23] вторая Боец 1: 1 урона от Лучник. HP 23/25
[2026-05-19 13:27:23] первая Боец 2: 7 урона от Слабый боец. HP 9/18
[2026-05-19 13:27:23] первая Боец 4: 1 урона от Лекарь. HP 21/22
[2026-05-19 13:27:23] вторая Боец 2: 5 урона от Маг. HP 4/15
[2026-05-19 13:27:23] первая Боец 5: 12 урона от Сильный боец. HP 12/25
[2026-05-19 13:27:23] вторая Боец 3: 1 урона от Слабый боец. HP 57/60
[2026-05-19 13:27:23] вторая Боец 4: 1 урона от Слабый боец. HP 67/70
[2026-05-19 13:27:23] первая Боец 8: 1 урона от Маг. HP 67/70
[2026-05-19 13:27:23] вторая Боец 7: 1 урона от Слабый боец. HP 59/60
[2026-05-19 13:27:23] первая Боец 9: 12 урона от Сильный боец. HP 10/25
[2026-05-19 13:27:23] вторая Боец 8: 1 урона от Лекарь. HP 22/25
[2026-05-19 13:27:23] первая Боец 10: 8 урона от Слабый боец. HP 0/15
[2026-05-19 13:27:23] первая Боец 10 убит Слабый боец
[2026-05-19 13:27:23] первая Боец 11: 1 урона от Маг. HP 58/60
[2026-05-19 13:27:23] вторая Боец 9: 16 урона от Сильный боец. HP 0/22
[2026-05-19 13:27:23] вторая Боец 9 убит Сильный боец
[2026-05-19 13:27:25] вторая Боец 1: 1 урона от Лучник. HP 22/25
[2026-05-19 13:27:25] первая Боец 2: 7 урона от Слабый боец. HP 2/18
[2026-05-19 13:27:25] первая Боец 4: 1 урона от Лекарь. HP 20/22
[2026-05-19 13:27:25] вторая Боец 2: 5 урона от Маг. HP 0/15
[2026-05-19 13:27:25] вторая Боец 2 убит Маг
[2026-05-19 13:27:25] вторая Боец 3: 1 урона от Слабый боец. HP 56/60
[2026-05-19 13:27:25] первая Боец 5: 12 урона от Сильный боец. HP 0/25
[2026-05-19 13:27:25] первая Боец 5 убит Сильный боец
[2026-05-19 13:27:25] вторая Боец 4: 1 урона от Слабый боец. HP 66/70
[2026-05-19 13:27:25] первая Боец 8: 1 урона от Маг. HP 66/70
[2026-05-19 13:27:25] вторая Боец 7: 1 урона от Слабый боец. HP 58/60
[2026-05-19 13:27:25] первая Боец 9: 12 урона от Сильный боец. HP 0/25
[2026-05-19 13:27:25] первая Боец 9 убит Сильный боец
[2026-05-19 13:27:25] вторая Боец 8: 12 урона от Сильный боец. HP 10/25
[2026-05-19 13:27:25] первая Боец 11: 1 урона от Слабый боец. HP 57/60
[2026-05-19 13:27:35] первая Боец 2: 7 урона от Слабый боец. HP 0/18
[2026-05-19 13:27:35] первая Боец 2 убит Слабый боец
[2026-05-19 13:27:35] вторая Боец 1: 1 урона от Маг. HP 21/25
[2026-05-19 13:27:36] первая Боец 4: 6 урона от Слабый боец. HP 14/22
[2026-05-19 13:27:36] вторая Боец 1: 1 урона от Маг. HP 20/25
[2026-05-19 13:27:36] первая Боец 4: 6 урона от Слабый боец. HP 8/22
[2026-05-19 13:27:36] вторая Боец 1: 1 урона от Маг. HP 19/25
[2026-05-19 13:27:44] вторая Боец 1: 1 урона от Маг. HP 18/25
[2026-05-19 13:27:44] первая Боец 4: 6 урона от Слабый боец. HP 2/22
[2026-05-19 13:27:44] первая Боец 6: 12 урона от Сильный боец. HP 11/25
[2026-05-19 13:27:44] вторая Боец 3: 1 урона от Слабый боец. HP 55/60
[2026-05-19 13:27:44] вторая Боец 1: 1 урона от Маг. HP 17/25
[2026-05-19 13:27:44] первая Боец 4: 6 урона от Слабый боец. HP 0/22
[2026-05-19 13:27:44] первая Боец 4 убит Слабый боец
[2026-05-19 13:27:44] первая Боец 6: 12 урона от Сильный боец. HP 0/25
[2026-05-19 13:27:44] первая Боец 6 убит Сильный боец
[2026-05-19 13:27:44] вторая Боец 3: 1 урона от Слабый боец. HP 54/60
[2026-05-19 13:27:45] вторая Боец 1: 12 урона от Сильный боец. HP 5/25
[2026-05-19 13:27:45] первая Боец 11: 1 урона от Слабый боец. HP 56/60
[2026-05-19 13:27:45] первая Боец 12: 12 урона от Сильный боец. HP 13/25
[2026-05-19 13:27:45] вторая Боец 3: 1 урона от Слабый боец. HP 53/60
[2026-05-19 13:27:45] вторая Боец 1: 12 урона от Сильный боец. HP 0/25
[2026-05-19 13:27:45] вторая Боец 1 убит Сильный боец
[2026-05-19 13:27:45] первая Боец 11: 1 урона от Маг. HP 55/60
[2026-05-19 13:27:45] первая Боец 12: 12 урона от Сильный боец. HP 1/25
[2026-05-19 13:27:45] вторая Боец 3: 1 урона от Слабый боец. HP 52/60
[2026-05-19 13:27:45] вторая Боец 6: 16 урона от Сильный боец. HP 0/22
[2026-05-19 13:27:45] вторая Боец 6 убит Сильный боец
[2026-05-19 13:27:45] первая Боец 11: 5 урона от Сильный боец. HP 50/60
[2026-05-19 13:27:45] первая Боец 12: 12 урона от Сильный боец. HP 0/25
[2026-05-19 13:27:45] первая Боец 12 убит Сильный боец
[2026-05-19 13:27:45] первая Боец 11: 5 урона от Сильный боец. HP 45/60
[2026-05-19 13:27:45] вторая Боец 7: 5 урона от Сильный боец. HP 53/60
[2026-05-19 13:27:46] первая Боец 11: 5 урона от Сильный боец. HP 40/60
[2026-05-19 13:27:46] вторая Боец 7: 5 урона от Сильный боец. HP 48/60
[2026-05-19 13:27:47] первая Боец 11: 5 урона от Сильный боец. HP 35/60
[2026-05-19 13:27:47] вторая Боец 7: 5 урона от Сильный боец. HP 43/60
[2026-05-19 13:28:04] первая Боец 11: 5 урона от Сильный боец. HP 30/60
[2026-05-19 13:28:04] вторая Боец 7: 5 урона от Сильный боец. HP 38/60
[2026-05-19 13:28:05] первая Боец 11: 5 урона от Сильный боец. HP 25/60
[2026-05-19 13:28:05] вторая Боец 7: 5 урона от Сильный боец. HP 33/60
[2026-05-19 13:28:08] первая Боец 11: 5 урона от Сильный боец. HP 20/60
[2026-05-19 13:28:08] вторая Боец 7: 5 урона от Сильный боец. HP 28/60
[2026-05-19 13:28:09] первая Боец 11: 5 урона от Сильный боец. HP 15/60
[2026-05-19 13:28:09] вторая Боец 7: 5 урона от Сильный боец. HP 23/60
[2026-05-19 13:28:10] первая Боец 11: 5 урона от Сильный боец. HP 10/60
[2026-05-19 13:28:10] вторая Боец 7: 5 урона от Сильный боец. HP 18/60
[2026-05-19 13:28:11] первая Боец 11: 5 урона от Сильный боец. HP 5/60
[2026-05-19 13:28:11] вторая Боец 7: 5 урона от Сильный боец. HP 13/60
[2026-05-19 13:28:11] первая Боец 11: 5 урона от Сильный боец. HP 0/60
[2026-05-19 13:28:11] первая Боец 11 убит Сильный боец
[2026-05-20 17:31:53] kfkfk Боец 1: 1 урона от Слабый боец. HP 59/60
[2026-05-20 17:31:53] fyfyf Боец 1: 12 урона от Сильный боец. HP 13/25
[2026-05-20 17:31:53] fyfyf Боец 10: 10 урона от Лучник. HP 5/15
[2026-05-20 17:31:53] fyfyf Боец 2: 9 урона от Лучник. HP 9/18
[2026-05-20 17:31:53] fyfyf Боец 2: 9 урона от Лучник. HP 0/18
[2026-05-20 17:31:53] fyfyf Боец 2 убит Лучник
[2026-05-20 17:31:54] kfkfk Боец 3: 9 урона от Лучник. HP 9/18
[2026-05-20 17:32:08] kfkfk Боец 1: 1 урона от Лекарь. HP 58/60
[2026-05-20 17:32:08] fyfyf Боец 3: 18 урона от Сильный боец. HP 0/15
[2026-05-20 17:32:08] fyfyf Боец 3 убит Сильный боец
[2026-05-20 17:32:08] fyfyf Боец 4: 8 урона от Лучник. HP 14/22
[2026-05-20 17:32:08] fyfyf Боец 7: 1 урона от Лучник. HP 69/70
[2026-05-20 17:32:08] kfkfk Боец 5: 4 урона от Лучник. HP 21/25
[2026-05-20 17:32:25] kfkfk Боец 1: 1 урона от Маг. HP 57/60
[2026-05-20 17:32:25] fyfyf Боец 4: 16 урона от Сильный боец. HP 0/22
[2026-05-20 17:32:25] fyfyf Боец 4 убит Сильный боец
[2026-05-20 17:32:25] fyfyf Боец 1: 4 урона от Лучник. HP 9/25
[2026-05-20 17:32:25] fyfyf Боец 9: 8 урона от Лучник. HP 14/22
[2026-05-20 17:32:25] fyfyf Боец 7: 1 урона от Лучник. HP 68/70
[2026-05-20 17:32:25] fyfyf Боец 1: 4 урона от Лучник. HP 5/25
[2026-05-20 17:32:25] kfkfk Боец 4: 8 урона от Лучник. HP 14/22
[2026-05-20 17:32:27] fyfyf Боец 6: 1 урона от Сильный боец. HP 69/70
[2026-05-20 17:32:27] fyfyf Боец 1: 4 урона от Лучник. HP 1/25
[2026-05-20 17:32:27] fyfyf Боец 6: 1 урона от Лучник. HP 68/70
[2026-05-20 17:32:27] fyfyf Боец 5: 1 урона от Лучник. HP 59/60
[2026-05-20 17:32:27] fyfyf Боец 7: 1 урона от Лучник. HP 67/70
[2026-05-20 17:32:27] fyfyf Боец 5: 1 урона от Лучник. HP 58/60
[2026-05-20 17:32:27] fyfyf Боец 6: 1 урона от Лучник. HP 67/70
[2026-05-20 17:32:27] fyfyf Боец 5: 1 урона от Лучник. HP 57/60
[2026-05-20 17:32:27] kfkfk Боец 1: 1 урона от Лучник. HP 56/60
[2026-05-20 17:32:29] fyfyf Боец 6: 1 урона от Сильный боец. HP 69/70
[2026-05-20 17:32:29] fyfyf Боец 8: 1 урона от Лучник. HP 59/60
[2026-05-20 17:32:29] fyfyf Боец 1: 4 урона от Лучник. HP 0/25
[2026-05-20 17:32:29] fyfyf Боец 1 убит Лучник
[2026-05-20 17:32:29] fyfyf Боец 5: 1 урона от Лучник. HP 56/60
[2026-05-20 17:32:29] fyfyf Боец 5: 1 урона от Лучник. HP 55/60
[2026-05-20 17:32:29] fyfyf Боец 5: 1 урона от Лучник. HP 54/60
[2026-05-20 17:32:29] fyfyf Боец 7: 1 урона от Лучник. HP 66/70
[2026-05-20 17:32:29] fyfyf Боец 5: 1 урона от Лучник. HP 53/60
[2026-05-20 17:32:29] kfkfk Боец 4: 8 урона от Лучник. HP 6/22
[2026-05-20 17:32:32] fyfyf Боец 7: 1 урона от Лекарь. HP 65/70
[2026-05-20 17:32:32] fyfyf Боец 6: 1 урона от Лучник. HP 68/70
[2026-05-20 17:32:32] fyfyf Боец 7: 1 урона от Лучник. HP 64/70
[2026-05-20 17:32:32] fyfyf Боец 8: 1 урона от Лучник. HP 58/60
[2026-05-20 17:32:32] fyfyf Боец 7: 1 урона от Лучник. HP 63/70
[2026-05-20 17:32:32] fyfyf Боец 7: 1 урона от Лучник. HP 62/70
[2026-05-20 17:32:32] fyfyf Боец 7: 1 урона от Лучник. HP 61/70
[2026-05-20 17:32:32] kfkfk Боец 6: 9 урона от Лучник. HP 9/18
[2026-05-20 17:32:33] kfkfk Боец 2: 18 урона от Сильный боец. HP 0/15
[2026-05-20 17:32:33] kfkfk Боец 2 убит Сильный боец
[2026-05-20 17:32:34] fyfyf Боец 8: 1 урона от Слабый боец. HP 57/60
[2026-05-20 17:32:34] fyfyf Боец 8: 1 урона от Лучник. HP 56/60
[2026-05-20 17:32:34] fyfyf Боец 6: 1 урона от Лучник. HP 67/70
[2026-05-20 17:32:34] fyfyf Боец 12: 1 урона от Лучник. HP 59/60
[2026-05-20 17:32:34] fyfyf Боец 5: 1 урона от Лучник. HP 59/60
[2026-05-20 17:32:34] fyfyf Боец 8: 1 урона от Лучник. HP 55/60
[2026-05-20 17:32:34] fyfyf Боец 7: 1 урона от Лучник. HP 60/70
[2026-05-20 17:32:34] fyfyf Боец 9: 8 урона от Лучник. HP 14/22
[2026-05-20 17:32:34] fyfyf Боец 9: 8 урона от Лучник. HP 6/22
[2026-05-20 17:32:34] kfkfk Боец 3: 9 урона от Лучник. HP 9/18
[2026-05-20 17:32:40] fyfyf Боец 8: 1 урона от Слабый боец. HP 54/60
[2026-05-20 17:32:40] fyfyf Боец 7: 1 урона от Лучник. HP 59/70
[2026-05-20 17:32:40] fyfyf Боец 7: 1 урона от Лучник. HP 58/70
[2026-05-20 17:32:40] fyfyf Боец 9: 8 урона от Лучник. HP 14/22
[2026-05-20 17:32:40] fyfyf Боец 8: 1 урона от Лучник. HP 53/60
[2026-05-20 17:32:40] fyfyf Боец 5: 1 урона от Лучник. HP 58/60
[2026-05-20 17:32:40] fyfyf Боец 5: 1 урона от Лучник. HP 57/60
[2026-05-20 17:32:40] fyfyf Боец 7: 1 урона от Лучник. HP 57/70
[2026-05-20 17:32:40] fyfyf Боец 5: 1 урона от Лучник. HP 56/60
[2026-05-20 17:32:40] kfkfk Боец 4: 8 урона от Лучник. HP 0/22
[2026-05-20 17:32:40] kfkfk Боец 4 убит Лучник
[2026-05-20 17:32:41] kfkfk Боец 3: 17 урона от Сильный боец. HP 0/18
[2026-05-20 17:32:41] kfkfk Боец 3 убит Сильный боец
[2026-05-20 17:32:41] fyfyf Боец 8: 1 урона от Лучник. HP 52/60
[2026-05-20 17:32:41] fyfyf Боец 9: 8 урона от Лучник. HP 6/22
[2026-05-20 17:32:41] fyfyf Боец 5: 1 урона от Лучник. HP 59/60
[2026-05-20 17:32:41] fyfyf Боец 5: 1 урона от Лучник. HP 58/60
[2026-05-20 17:32:41] fyfyf Боец 6: 1 урона от Лучник. HP 66/70
[2026-05-20 17:32:41] fyfyf Боец 5: 1 урона от Лучник. HP 57/60
[2026-05-20 17:32:41] fyfyf Боец 8: 1 урона от Лучник. HP 51/60
[2026-05-20 17:32:41] fyfyf Боец 5: 1 урона от Лучник. HP 56/60
[2026-05-20 17:32:41] fyfyf Боец 5: 1 урона от Лучник. HP 55/60
[2026-05-20 17:32:46] kfkfk Боец 3: 17 урона от Сильный боец. HP 0/18
[2026-05-20 17:32:46] kfkfk Боец 3 убит Сильный боец
[2026-05-20 17:32:46] fyfyf Боец 8: 5 урона от Сильный боец. HP 48/60
[2026-05-20 17:32:46] fyfyf Боец 6: 1 урона от Лучник. HP 66/70
[2026-05-20 17:32:46] fyfyf Боец 10: 10 урона от Лучник. HP 0/15
[2026-05-20 17:32:46] fyfyf Боец 10 убит Лучник
[2026-05-20 17:32:46] fyfyf Боец 5: 1 урона от Лучник. HP 59/60
[2026-05-20 17:32:46] fyfyf Боец 6: 1 урона от Лучник. HP 65/70
[2026-05-20 17:32:46] fyfyf Боец 6: 1 урона от Лучник. HP 64/70
[2026-05-20 17:32:46] fyfyf Боец 7: 1 урона от Лучник. HP 56/70
[2026-05-20 17:32:46] fyfyf Боец 8: 1 урона от Лучник. HP 47/60
[2026-05-20 17:32:46] fyfyf Боец 9: 8 урона от Лучник. HP 6/22
[2026-05-20 17:32:46] fyfyf Боец 8: 1 урона от Лучник. HP 46/60
[2026-05-20 17:32:52] fyfyf Боец 5: 5 урона от Сильный боец. HP 54/60
[2026-05-20 17:32:52] kfkfk Боец 1: 5 урона от Сильный боец. HP 51/60
[2026-05-20 17:32:53] fyfyf Боец 6: 1 урона от Слабый боец. HP 63/70
[2026-05-20 17:32:53] fyfyf Боец 8: 1 урона от Лучник. HP 45/60
[2026-05-20 17:32:53] fyfyf Боец 11: 9 урона от Лучник. HP 9/18
[2026-05-20 17:32:53] fyfyf Боец 6: 1 урона от Лучник. HP 62/70
[2026-05-20 17:32:53] fyfyf Боец 6: 1 урона от Лучник. HP 61/70
[2026-05-20 17:32:53] fyfyf Боец 8: 1 урона от Лучник. HP 44/60
[2026-05-20 17:32:53] fyfyf Боец 8: 1 урона от Лучник. HP 43/60
[2026-05-20 17:32:53] fyfyf Боец 5: 1 урона от Лучник. HP 53/60
[2026-05-20 17:32:53] fyfyf Боец 9: 8 урона от Лучник. HP 0/22
[2026-05-20 17:32:53] fyfyf Боец 9 убит Лучник
[2026-05-20 17:32:53] kfkfk Боец 10: 1 урона от Лучник. HP 59/60
[2026-05-20 17:32:53] fyfyf Боец 7: 1 урона от Лучник. HP 55/70
[2026-05-20 17:32:53] fyfyf Боец 6: 1 урона от Лучник. HP 60/70
[2026-05-20 17:32:53] fyfyf Боец 5: 1 урона от Лучник. HP 52/60
[2026-05-20 17:32:53] fyfyf Боец 5: 1 урона от Лучник. HP 51/60
[2026-05-20 17:32:53] fyfyf Боец 5: 1 урона от Лучник. HP 50/60
[2026-05-20 17:32:53] fyfyf Боец 6: 1 урона от Лучник. HP 59/70
[2026-05-20 17:32:53] fyfyf Боец 12: 1 урона от Лучник. HP 58/60
[2026-05-20 17:32:53] fyfyf Боец 6: 1 урона от Лучник. HP 58/70
[2026-05-20 17:32:53] fyfyf Боец 5: 1 урона от Лучник. HP 49/60
[2026-05-20 17:32:55] fyfyf Боец 5: 5 урона от Сильный боец. HP 44/60
[2026-05-20 17:32:55] kfkfk Боец 1: 5 урона от Сильный боец. HP 46/60
[2026-05-20 17:32:55] fyfyf Боец 6: 1 урона от Слабый боец. HP 57/70
[2026-05-20 17:32:55] fyfyf Боец 6: 1 урона от Лучник. HP 56/70
[2026-05-20 17:32:55] fyfyf Боец 6: 1 урона от Лучник. HP 55/70
[2026-05-20 17:32:55] fyfyf Боец 7: 1 урона от Лучник. HP 54/70
[2026-05-20 17:32:55] fyfyf Боец 7: 1 урона от Лучник. HP 53/70
[2026-05-20 17:32:55] fyfyf Боец 5: 1 урона от Лучник. HP 43/60
[2026-05-20 17:32:55] fyfyf Боец 5: 1 урона от Лучник. HP 42/60
[2026-05-20 17:32:55] fyfyf Боец 8: 1 урона от Лучник. HP 42/60
[2026-05-20 17:32:55] fyfyf Боец 5: 1 урона от Лучник. HP 41/60
[2026-05-20 17:32:55] fyfyf Боец 5: 1 урона от Лучник. HP 40/60
[2026-05-20 17:32:55] fyfyf Боец 8: 1 урона от Лучник. HP 41/60
[2026-05-20 17:32:55] kfkfk Боец 1: 1 урона от Лучник. HP 45/60
[2026-05-20 17:32:55] fyfyf Боец 6: 1 урона от Лучник. HP 54/70
[2026-05-20 17:32:55] fyfyf Боец 5: 1 урона от Лучник. HP 39/60
[2026-05-20 17:32:55] fyfyf Боец 6: 1 урона от Лучник. HP 53/70
[2026-05-20 17:32:55] fyfyf Боец 5: 1 урона от Лучник. HP 38/60
[2026-05-20 17:32:55] fyfyf Боец 5: 1 урона от Лучник. HP 37/60
[2026-05-20 17:32:55] fyfyf Боец 6: 1 урона от Лучник. HP 52/70
[2026-05-20 17:32:55] fyfyf Боец 5: 1 урона от Лучник. HP 36/60
[2026-05-20 17:32:55] fyfyf Боец 7: 1 урона от Лучник. HP 52/70
[2026-05-20 17:32:55] fyfyf Боец 5: 1 урона от Лучник. HP 35/60
[2026-05-20 17:32:55] fyfyf Боец 8: 1 урона от Лучник. HP 40/60
[2026-05-20 17:32:56] fyfyf Боец 5: 5 урона от Сильный боец. HP 30/60
[2026-05-20 17:32:56] kfkfk Боец 1: 5 урона от Сильный боец. HP 40/60
[2026-05-20 17:32:56] fyfyf Боец 6: 1 урона от Слабый боец. HP 51/70
[2026-05-20 17:32:56] fyfyf Боец 5: 1 урона от Лучник. HP 29/60
[2026-05-20 17:32:56] fyfyf Боец 5: 1 урона от Лучник. HP 28/60
[2026-05-20 17:32:56] fyfyf Боец 11: 9 урона от Лучник. HP 0/18
[2026-05-20 17:32:56] fyfyf Боец 11 убит Лучник
[2026-05-20 17:32:56] fyfyf Боец 7: 1 урона от Лучник. HP 51/70
[2026-05-20 17:32:56] fyfyf Боец 5: 1 урона от Лучник. HP 27/60
[2026-05-20 17:32:56] fyfyf Боец 6: 1 урона от Лучник. HP 50/70
[2026-05-20 17:32:56] fyfyf Боец 5: 1 урона от Лучник. HP 26/60
[2026-05-20 17:32:56] fyfyf Боец 8: 1 урона от Лучник. HP 39/60
[2026-05-20 17:32:56] fyfyf Боец 7: 1 урона от Лучник. HP 50/70
[2026-05-20 17:32:56] fyfyf Боец 5: 1 урона от Лучник. HP 25/60
[2026-05-20 17:32:56] fyfyf Боец 6: 1 урона от Лучник. HP 49/70
[2026-05-20 17:32:56] fyfyf Боец 6: 1 урона от Лучник. HP 48/70
[2026-05-20 17:32:56] fyfyf Боец 5: 1 урона от Лучник. HP 24/60
[2026-05-20 17:32:56] fyfyf Боец 8: 1 урона от Лучник. HP 38/60
[2026-05-20 17:32:56] fyfyf Боец 6: 1 урона от Лучник. HP 47/70
[2026-05-20 17:32:56] fyfyf Боец 12: 1 урона от Лучник. HP 57/60
[2026-05-20 17:32:56] fyfyf Боец 7: 1 урона от Лучник. HP 49/70
[2026-05-20 17:32:56] fyfyf Боец 6: 1 урона от Лучник. HP 46/70
[2026-05-20 17:32:56] fyfyf Боец 5: 1 урона от Лучник. HP 23/60
[2026-05-20 17:32:57] fyfyf Боец 5: 5 урона от Сильный боец. HP 18/60
[2026-05-20 17:32:57] kfkfk Боец 1: 5 урона от Сильный боец. HP 35/60
[2026-05-20 17:32:57] fyfyf Боец 6: 1 урона от Слабый боец. HP 45/70
[2026-05-20 17:32:57] fyfyf Боец 6: 1 урона от Лучник. HP 44/70
[2026-05-20 17:32:57] fyfyf Боец 5: 1 урона от Лучник. HP 17/60
[2026-05-20 17:32:57] fyfyf Боец 5: 1 урона от Лучник. HP 16/60
[2026-05-20 17:32:57] fyfyf Боец 6: 1 урона от Лучник. HP 43/70
[2026-05-20 17:32:57] fyfyf Боец 7: 1 урона от Лучник. HP 48/70
[2026-05-20 17:32:57] fyfyf Боец 5: 1 урона от Лучник. HP 15/60
[2026-05-20 17:32:57] fyfyf Боец 5: 1 урона от Лучник. HP 14/60
[2026-05-20 17:32:57] fyfyf Боец 5: 1 урона от Лучник. HP 13/60
[2026-05-20 17:32:57] fyfyf Боец 6: 1 урона от Лучник. HP 42/70
[2026-05-20 17:32:57] fyfyf Боец 6: 1 урона от Лучник. HP 41/70
[2026-05-20 17:32:57] fyfyf Боец 8: 1 урона от Лучник. HP 37/60
[2026-05-20 17:32:57] fyfyf Боец 5: 1 урона от Лучник. HP 12/60
[2026-05-20 17:32:57] fyfyf Боец 7: 1 урона от Лучник. HP 47/70
[2026-05-20 17:32:57] fyfyf Боец 7: 1 урона от Лучник. HP 46/70
[2026-05-20 17:32:57] fyfyf Боец 7: 1 урона от Лучник. HP 45/70
[2026-05-20 17:32:57] fyfyf Боец 7: 1 урона от Лучник. HP 44/70
[2026-05-20 17:32:57] fyfyf Боец 8: 1 урона от Лучник. HP 36/60
[2026-05-20 17:32:57] fyfyf Боец 6: 1 урона от Лучник. HP 40/70
[2026-05-20 17:32:57] fyfyf Боец 5: 1 урона от Лучник. HP 11/60
[2026-05-20 17:32:57] fyfyf Боец 6: 1 урона от Лучник. HP 39/70
[2026-05-20 17:33:58] kfkfk Боец 1: 5 урона от Сильный боец. HP 30/60
[2026-05-20 17:33:58] fyfyf Боец 5: 5 урона от Сильный боец. HP 6/60
[2026-05-20 17:33:58] fyfyf Боец 6: 1 урона от Слабый боец. HP 38/70
[2026-05-20 17:33:58] fyfyf Боец 7: 1 урона от Слабый боец. HP 43/70
[2026-05-20 17:33:58] fyfyf Боец 8: 1 урона от Лучник. HP 35/60
[2026-05-20 17:33:58] fyfyf Боец 6: 1 урона от Лучник. HP 37/70
[2026-05-20 17:33:58] fyfyf Боец 5: 1 урона от Лучник. HP 5/60
[2026-05-20 17:33:58] fyfyf Боец 5: 1 урона от Лучник. HP 4/60
[2026-05-20 17:33:58] fyfyf Боец 7: 1 урона от Лучник. HP 42/70
[2026-05-20 17:33:58] fyfyf Боец 5: 1 урона от Лучник. HP 3/60
[2026-05-20 17:33:58] fyfyf Боец 5: 1 урона от Лучник. HP 2/60
[2026-05-20 17:33:58] fyfyf Боец 5: 1 урона от Лучник. HP 1/60
[2026-05-20 17:33:58] fyfyf Боец 8: 1 урона от Лучник. HP 34/60
[2026-05-20 17:33:58] fyfyf Боец 5: 1 урона от Лучник. HP 0/60
[2026-05-20 17:33:58] fyfyf Боец 5 убит Лучник
[2026-05-20 17:33:58] fyfyf Боец 6: 1 урона от Лучник. HP 36/70
[2026-05-20 17:33:58] fyfyf Боец 6: 1 урона от Лучник. HP 35/70
[2026-05-20 17:33:58] fyfyf Боец 8: 1 урона от Лучник. HP 33/60
[2026-05-20 17:33:58] fyfyf Боец 12: 1 урона от Лучник. HP 56/60
[2026-05-20 17:33:58] fyfyf Боец 6: 1 урона от Лучник. HP 34/70
[2026-05-20 17:33:58] fyfyf Боец 8: 1 урона от Лучник. HP 32/60
[2026-05-20 17:33:58] fyfyf Боец 7: 1 урона от Лучник. HP 41/70
[2026-05-20 17:33:58] fyfyf Боец 6: 1 урона от Лучник. HP 33/70
[2026-05-20 17:33:58] fyfyf Боец 7: 1 урона от Лучник. HP 40/70
[2026-05-20 17:33:58] fyfyf Боец 6: 1 урона от Лучник. HP 32/70
[2026-05-20 17:33:59] fyfyf Боец 6: 1 урона от Слабый боец. HP 31/70
[2026-05-20 17:33:59] fyfyf Боец 7: 1 урона от Сильный боец. HP 39/70
[2026-05-20 17:33:59] fyfyf Боец 8: 1 урона от Слабый боец. HP 31/60
[2026-05-20 17:33:59] fyfyf Боец 12: 1 урона от Слабый боец. HP 55/60
[2026-05-20 17:33:59] fyfyf Боец 12: 1 урона от Лучник. HP 54/60
[2026-05-20 17:33:59] fyfyf Боец 7: 1 урона от Лучник. HP 38/70
[2026-05-20 17:33:59] fyfyf Боец 6: 1 урона от Лучник. HP 30/70
[2026-05-20 17:33:59] fyfyf Боец 12: 1 урона от Лучник. HP 53/60
[2026-05-20 17:33:59] fyfyf Боец 6: 1 урона от Лучник. HP 29/70
[2026-05-20 17:33:59] fyfyf Боец 6: 1 урона от Лучник. HP 28/70
[2026-05-20 17:33:59] fyfyf Боец 6: 1 урона от Лучник. HP 27/70
[2026-05-20 17:33:59] fyfyf Боец 7: 1 урона от Лучник. HP 37/70
[2026-05-20 17:33:59] fyfyf Боец 7: 1 урона от Лучник. HP 36/70
[2026-05-20 17:33:59] fyfyf Боец 8: 1 урона от Лучник. HP 30/60
[2026-05-20 17:33:59] fyfyf Боец 6: 1 урона от Лучник. HP 26/70
[2026-05-20 17:33:59] fyfyf Боец 6: 1 урона от Лучник. HP 25/70
[2026-05-20 17:33:59] fyfyf Боец 6: 1 урона от Лучник. HP 24/70
[2026-05-20 17:33:59] fyfyf Боец 6: 1 урона от Лучник. HP 23/70
[2026-05-20 17:33:59] fyfyf Боец 8: 1 урона от Лучник. HP 29/60
[2026-05-20 17:33:59] fyfyf Боец 6: 1 урона от Лучник. HP 22/70
[2026-05-20 17:33:59] fyfyf Боец 6: 1 урона от Лучник. HP 21/70
[2026-05-20 17:33:59] fyfyf Боец 8: 1 урона от Лучник. HP 28/60
[2026-05-20 17:33:59] fyfyf Боец 7: 1 урона от Лучник. HP 35/70
[2026-05-20 17:33:59] fyfyf Боец 6: 1 урона от Лучник. HP 20/70
[2026-05-20 17:33:59] fyfyf Боец 7: 1 урона от Лучник. HP 34/70
[2026-05-20 17:33:59] fyfyf Боец 6: 1 урона от Лучник. HP 19/70
[2026-05-20 17:33:59] fyfyf Боец 6: 1 урона от Лучник. HP 18/70
[2026-05-20 17:34:03] fyfyf Боец 6: 1 урона от Слабый боец. HP 17/70
[2026-05-20 17:34:03] fyfyf Боец 7: 1 урона от Сильный боец. HP 33/70
[2026-05-20 17:34:03] fyfyf Боец 8: 1 урона от Слабый боец. HP 27/60
[2026-05-20 17:34:03] fyfyf Боец 12: 1 урона от Слабый боец. HP 52/60
[2026-05-20 17:34:03] fyfyf Боец 7: 1 урона от Лучник. HP 32/70
[2026-05-20 17:34:03] fyfyf Боец 8: 1 урона от Лучник. HP 26/60
[2026-05-20 17:34:04] fyfyf Боец 7: 1 урона от Лучник. HP 31/70
[2026-05-20 17:34:04] fyfyf Боец 8: 1 урона от Лучник. HP 25/60
[2026-05-20 17:34:04] fyfyf Боец 8: 1 урона от Лучник. HP 24/60
[2026-05-20 17:34:04] fyfyf Боец 12: 1 урона от Лучник. HP 51/60
[2026-05-20 17:34:04] fyfyf Боец 12: 1 урона от Лучник. HP 50/60
[2026-05-20 17:34:04] fyfyf Боец 8: 1 урона от Лучник. HP 23/60
[2026-05-20 17:34:04] fyfyf Боец 6: 1 урона от Лучник. HP 16/70
[2026-05-20 17:34:04] fyfyf Боец 7: 1 урона от Лучник. HP 30/70
[2026-05-20 17:34:04] fyfyf Боец 7: 1 урона от Лучник. HP 29/70
[2026-05-20 17:34:04] fyfyf Боец 8: 1 урона от Лучник. HP 22/60
[2026-05-20 17:34:05] fyfyf Боец 6: 1 урона от Слабый боец. HP 15/70
[2026-05-20 17:34:05] fyfyf Боец 7: 1 урона от Сильный боец. HP 28/70
[2026-05-20 17:34:05] fyfyf Боец 6: 1 урона от Лучник. HP 14/70
[2026-05-20 17:34:05] fyfyf Боец 6: 1 урона от Лучник. HP 13/70
[2026-05-20 17:34:05] fyfyf Боец 7: 1 урона от Лучник. HP 27/70
[2026-05-20 17:34:05] fyfyf Боец 6: 1 урона от Лучник. HP 12/70
[2026-05-20 17:34:05] fyfyf Боец 6: 1 урона от Лучник. HP 11/70
[2026-05-20 17:34:05] fyfyf Боец 6: 1 урона от Лучник. HP 10/70
[2026-05-20 17:34:05] fyfyf Боец 8: 1 урона от Лучник. HP 21/60
[2026-05-20 17:34:05] fyfyf Боец 7: 1 урона от Лучник. HP 26/70
[2026-05-20 17:34:05] fyfyf Боец 8: 1 урона от Лучник. HP 20/60
[2026-05-20 17:34:05] fyfyf Боец 6: 1 урона от Лучник. HP 9/70
[2026-05-20 17:34:05] fyfyf Боец 7: 1 урона от Лучник. HP 25/70
[2026-05-20 17:34:05] fyfyf Боец 6: 1 урона от Слабый боец. HP 8/70
[2026-05-20 17:34:06] fyfyf Боец 7: 1 урона от Сильный боец. HP 24/70
[2026-05-20 17:34:06] fyfyf Боец 8: 1 урона от Лучник. HP 19/60
[2026-05-20 17:34:06] fyfyf Боец 12: 1 урона от Слабый боец. HP 49/60
[2026-05-20 17:34:06] fyfyf Боец 6: 1 урона от Лучник. HP 7/70
[2026-05-20 17:34:06] fyfyf Боец 8: 1 урона от Лучник. HP 18/60
[2026-05-20 17:34:06] fyfyf Боец 7: 1 урона от Лучник. HP 23/70
[2026-05-20 17:34:06] fyfyf Боец 6: 1 урона от Лучник. HP 6/70
[2026-05-20 17:34:06] fyfyf Боец 6: 1 урона от Лучник. HP 5/70
[2026-05-20 17:34:06] fyfyf Боец 7: 1 урона от Лучник. HP 22/70
[2026-05-20 17:34:06] fyfyf Боец 12: 1 урона от Лучник. HP 48/60
[2026-05-20 17:34:06] fyfyf Боец 6: 1 урона от Лучник. HP 4/70
[2026-05-20 17:34:06] fyfyf Боец 6: 1 урона от Лучник. HP 3/70
[2026-05-20 17:34:06] fyfyf Боец 8: 1 урона от Лучник. HP 17/60
[2026-05-20 17:34:09] fyfyf Боец 6: 1 урона от Слабый боец. HP 2/70
[2026-05-20 17:34:09] fyfyf Боец 7: 1 урона от Сильный боец. HP 21/70
[2026-05-20 17:34:09] fyfyf Боец 8: 1 урона от Лучник. HP 16/60
[2026-05-20 17:34:09] fyfyf Боец 12: 1 урона от Слабый боец. HP 47/60
[2026-05-20 17:34:09] fyfyf Боец 6: 1 урона от Лучник. HP 1/70
[2026-05-20 17:34:09] fyfyf Боец 6: 1 урона от Лучник. HP 0/70
[2026-05-20 17:34:09] fyfyf Боец 6 убит Лучник
[2026-05-20 17:34:09] fyfyf Боец 7: 1 урона от Лучник. HP 20/70
[2026-05-20 17:34:09] fyfyf Боец 7: 1 урона от Лучник. HP 19/70
[2026-05-20 17:34:09] fyfyf Боец 7: 1 урона от Лучник. HP 18/70
[2026-05-20 17:34:09] fyfyf Боец 7: 1 урона от Лучник. HP 17/70
[2026-05-20 17:34:09] fyfyf Боец 12: 1 урона от Лучник. HP 46/60
[2026-05-20 17:34:09] fyfyf Боец 8: 1 урона от Лучник. HP 15/60
[2026-05-20 17:34:09] fyfyf Боец 8: 1 урона от Лучник. HP 14/60
[2026-05-20 17:34:09] fyfyf Боец 7: 1 урона от Лучник. HP 16/70
[2026-05-20 19:53:29] 123 Боец 1: 8 урона от Слабый боец. HP 7/15
[2026-05-20 19:53:29] 456 Боец 1: 1 урона от Лекарь. HP 24/25
[2026-05-20 19:53:29] 456 Боец 6: 1 урона от Лучник. HP 69/70
[2026-05-20 19:53:29] 123 Боец 1: 10 урона от Лучник. HP 0/15
[2026-05-20 19:53:29] 123 Боец 1 убит Лучник
[2026-05-20 19:53:29] 123 Боец 3: 1 урона от Лучник. HP 59/60
[2026-05-20 19:53:43] 123 Боец 2: 8 урона от Слабый боец. HP 7/15
[2026-05-20 19:53:43] 456 Боец 1: 1 урона от Лекарь. HP 23/25
[2026-05-20 19:53:43] 456 Боец 3: 10 урона от Лучник. HP 5/15
[2026-05-20 19:53:43] 456 Боец 1: 4 урона от Лучник. HP 19/25
[2026-05-20 19:53:44] 123 Боец 2: 8 урона от Слабый боец. HP 0/15
[2026-05-20 19:53:44] 123 Боец 2 убит Слабый боец
[2026-05-20 19:53:44] 456 Боец 1: 12 урона от Сильный боец. HP 7/25
[2026-05-20 19:53:44] 456 Боец 3: 10 урона от Лучник. HP 0/15
[2026-05-20 19:53:44] 456 Боец 3 убит Лучник
[2026-05-20 19:53:44] 456 Боец 6: 1 урона от Лучник. HP 68/70
[2026-05-20 19:53:44] 456 Боец 5: 1 урона от Лучник. HP 69/70
[2026-05-20 19:53:44] 123 Боец 5: 1 урона от Лучник. HP 99/100
[2026-05-20 19:53:49] 123 Боец 3: 1 урона от Лучник. HP 58/60
[2026-05-20 19:53:49] 456 Боец 2: 17 урона от Сильный боец. HP 1/18
[2026-05-20 19:53:49] 456 Боец 2: 9 урона от Лучник. HP 0/18
[2026-05-20 19:53:49] 456 Боец 2 убит Лучник
[2026-05-20 19:53:49] 456 Боец 5: 1 урона от Лучник. HP 69/70
[2026-05-20 19:53:49] 456 Боец 6: 1 урона от Лучник. HP 67/70
[2026-05-20 19:53:49] 123 Боец 3: 1 урона от Лучник. HP 57/60
[2026-05-20 19:53:49] 123 Боец 3: 1 урона от Лучник. HP 56/60
[2026-05-20 19:53:53] 123 Боец 3: 5 урона от Сильный боец. HP 51/60
[2026-05-20 19:53:53] 456 Боец 4: 5 урона от Сильный боец. HP 55/60
[2026-05-20 19:53:53] 456 Боец 1: 4 урона от Лучник. HP 3/25
[2026-05-20 19:53:53] 456 Боец 5: 1 урона от Лучник. HP 69/70
[2026-05-20 19:53:53] 123 Боец 4: 9 урона от Лучник. HP 9/18
[2026-05-20 19:53:54] 123 Боец 4: 17 урона от Сильный боец. HP 0/18
[2026-05-20 19:53:54] 123 Боец 4 убит Сильный боец
[2026-05-20 19:53:54] 123 Боец 8: 8 урона от Лучник. HP 14/22
[2026-05-20 19:53:54] 123 Боец 5: 1 урона от Лучник. HP 98/100
[2026-05-20 19:53:54] 123 Боец 3: 1 урона от Лучник. HP 50/60
[2026-05-20 19:53:54] 123 Боец 8: 8 урона от Лучник. HP 6/22
[2026-05-20 19:54:00] 456 Боец 1: 2 урона от Слабый боец. HP 1/25
[2026-05-20 19:54:00] 123 Боец 3: 5 урона от Сильный боец. HP 45/60
[2026-05-20 19:54:00] 456 Боец 4: 5 урона от Сильный боец. HP 50/60
[2026-05-20 19:54:00] 456 Боец 5: 1 урона от Слабый боец. HP 68/70
[2026-05-20 19:54:00] 123 Боец 3: 1 урона от Лучник. HP 44/60
[2026-05-20 19:54:00] 123 Боец 11: 1 урона от Лучник. HP 59/60
[2026-05-20 19:54:00] 123 Боец 3: 1 урона от Лучник. HP 43/60
[2026-05-20 19:54:00] 123 Боец 6: 8 урона от Лучник. HP 14/22
[2026-05-20 19:54:00] 123 Боец 7: 4 урона от Лучник. HP 21/25
[2026-05-20 19:54:00] 123 Боец 3: 1 урона от Лучник. HP 42/60
[2026-05-20 19:54:00] 123 Боец 8: 8 урона от Лучник. HP 0/22
[2026-05-20 19:54:00] 123 Боец 8 убит Лучник
[2026-05-20 19:54:00] 123 Боец 5: 1 урона от Лучник. HP 97/100
[2026-05-20 19:54:00] 123 Боец 3: 1 урона от Лучник. HP 41/60
[2026-05-20 19:54:00] 123 Боец 3: 1 урона от Лучник. HP 40/60
[2026-05-20 19:54:01] 123 Боец 5: 1 урона от Слабый боец. HP 96/100
[2026-05-20 19:54:01] 123 Боец 3: 5 урона от Сильный боец. HP 35/60
[2026-05-20 19:54:01] 456 Боец 4: 5 урона от Сильный боец. HP 45/60
[2026-05-20 19:54:01] 456 Боец 5: 1 урона от Слабый боец. HP 67/70
[2026-05-20 19:54:01] 123 Боец 5: 1 урона от Лучник. HP 95/100
[2026-05-20 19:54:01] 123 Боец 3: 1 урона от Лучник. HP 34/60
[2026-05-20 19:54:01] 123 Боец 10: 8 урона от Лучник. HP 14/22
[2026-05-20 19:54:01] 123 Боец 7: 4 урона от Лучник. HP 17/25
[2026-05-20 19:54:01] 123 Боец 3: 1 урона от Лучник. HP 33/60
[2026-05-20 19:54:01] 123 Боец 7: 4 урона от Лучник. HP 13/25
[2026-05-20 19:54:01] 123 Боец 3: 1 урона от Лучник. HP 32/60
[2026-05-20 19:54:01] 123 Боец 3: 1 урона от Лучник. HP 31/60
[2026-05-20 19:54:01] 123 Боец 6: 8 урона от Лучник. HP 6/22
[2026-05-20 19:54:01] 123 Боец 3: 1 урона от Лучник. HP 30/60
[2026-05-20 19:54:01] 123 Боец 5: 1 урона от Лучник. HP 94/100
[2026-05-20 19:54:14] 456 Боец 1: 12 урона от Сильный боец. HP 0/25
[2026-05-20 19:54:14] 456 Боец 1 убит Сильный боец
[2026-05-20 19:54:14] 456 Боец 4: 1 урона от Слабый боец. HP 49/60
[2026-05-20 19:54:14] 123 Боец 11: 1 урона от Лучник. HP 58/60
[2026-05-20 19:54:14] 123 Боец 7: 4 урона от Лучник. HP 17/25
[2026-05-20 19:54:14] 123 Боец 9: 1 урона от Лучник. HP 99/100
[2026-05-20 19:54:14] 123 Боец 3: 1 урона от Лучник. HP 39/60
[2026-05-20 19:54:14] 123 Боец 3: 1 урона от Лучник. HP 38/60
[2026-05-20 19:54:14] 123 Боец 3: 1 урона от Лучник. HP 37/60
[2026-05-20 19:54:14] 123 Боец 5: 1 урона от Лучник. HP 96/100
[2026-05-20 19:54:14] 123 Боец 11: 1 урона от Лучник. HP 57/60
[2026-05-20 19:54:14] 123 Боец 5: 1 урона от Лучник. HP 95/100
[2026-05-20 19:54:14] 123 Боец 9: 1 урона от Лучник. HP 98/100
[2026-05-20 19:54:14] 123 Боец 6: 8 урона от Лучник. HP 6/22
[2026-05-20 19:54:14] 123 Боец 3: 1 урона от Лучник. HP 36/60
[2026-05-20 19:54:14] 123 Боец 5: 1 урона от Лучник. HP 94/100
[2026-05-20 19:54:14] 123 Боец 9: 1 урона от Лучник. HP 97/100
[2026-05-20 19:54:16] 456 Боец 6: 1 урона от Сильный боец. HP 69/70
[2026-05-20 19:54:16] 456 Боец 4: 1 урона от Маг. HP 48/60
[2026-05-20 19:54:16] 123 Боец 5: 1 урона от Лучник. HP 93/100
[2026-05-20 19:54:16] 123 Боец 6: 8 урона от Лучник. HP 0/22
[2026-05-20 19:54:16] 123 Боец 6 убит Лучник
[2026-05-20 19:54:16] 123 Боец 11: 1 урона от Лучник. HP 56/60
[2026-05-20 19:54:16] 123 Боец 7: 4 урона от Лучник. HP 13/25
[2026-05-20 19:54:16] 123 Боец 3: 1 урона от Лучник. HP 35/60
[2026-05-20 19:54:16] 123 Боец 7: 4 урона от Лучник. HP 9/25
[2026-05-20 19:54:16] 123 Боец 5: 1 урона от Лучник. HP 92/100
[2026-05-20 19:54:16] 123 Боец 5: 1 урона от Лучник. HP 91/100
[2026-05-20 19:54:16] 123 Боец 3: 1 урона от Лучник. HP 34/60
[2026-05-20 19:54:16] 123 Боец 5: 1 урона от Лучник. HP 90/100
[2026-05-20 19:54:16] 123 Боец 7: 4 урона от Лучник. HP 5/25
[2026-05-20 19:54:16] 123 Боец 9: 1 урона от Лучник. HP 96/100
[2026-05-20 19:54:16] 123 Боец 5: 1 урона от Лучник. HP 89/100
[2026-05-20 19:54:16] 123 Боец 3: 1 урона от Лучник. HP 33/60
[2026-05-20 19:54:16] 123 Боец 7: 4 урона от Лучник. HP 1/25
[2026-05-20 19:54:16] 123 Боец 5: 1 урона от Лучник. HP 88/100
[2026-05-20 19:54:16] 123 Боец 3: 1 урона от Лучник. HP 32/60
[2026-05-20 19:54:16] 123 Боец 11: 1 урона от Лучник. HP 55/60
[2026-05-20 19:54:16] 123 Боец 11: 1 урона от Лучник. HP 54/60
[2026-05-20 19:54:16] 123 Боец 3: 1 урона от Лучник. HP 31/60
[2026-05-20 19:54:16] 123 Боец 3: 1 урона от Лучник. HP 30/60
[2026-05-20 19:54:16] 123 Боец 9: 1 урона от Лучник. HP 95/100
[2026-05-20 19:54:16] 123 Боец 5: 1 урона от Лучник. HP 87/100
[2026-05-20 19:54:16] 123 Боец 3: 1 урона от Лучник. HP 29/60
[2026-05-20 19:54:16] 123 Боец 7: 4 урона от Лучник. HP 0/25
[2026-05-20 19:54:16] 123 Боец 7 убит Лучник
[2026-05-20 19:54:16] 123 Боец 9: 1 урона от Лучник. HP 94/100
[2026-05-20 19:54:16] 123 Боец 5: 1 урона от Лучник. HP 86/100
[2026-05-20 19:54:16] 123 Боец 5: 1 урона от Лучник. HP 85/100
[2026-05-20 19:54:16] 123 Боец 3: 1 урона от Лучник. HP 28/60
[2026-05-20 19:54:16] 123 Боец 5: 1 урона от Лучник. HP 84/100
[2026-05-20 19:54:16] 456 Боец 6: 1 урона от Сильный боец. HP 68/70
[2026-05-20 19:54:16] 123 Боец 9: 1 урона от Лучник. HP 93/100
[2026-05-20 19:54:16] 123 Боец 11: 1 урона от Лучник. HP 53/60
[2026-05-20 19:54:16] 123 Боец 3: 1 урона от Лучник. HP 27/60
[2026-05-20 19:54:16] 123 Боец 11: 1 урона от Лучник. HP 52/60
[2026-05-20 19:54:16] 123 Боец 3: 1 урона от Лучник. HP 26/60
[2026-05-20 19:54:16] 123 Боец 5: 1 урона от Лучник. HP 83/100
[2026-05-20 19:54:16] 123 Боец 5: 1 урона от Лучник. HP 82/100
[2026-05-20 19:54:16] 123 Боец 3: 1 урона от Лучник. HP 25/60
[2026-05-20 19:54:16] 123 Боец 10: 8 урона от Лучник. HP 14/22
[2026-05-20 19:54:16] 123 Боец 3: 1 урона от Лучник. HP 24/60
[2026-05-20 19:54:16] 123 Боец 3: 1 урона от Лучник. HP 23/60
[2026-05-20 19:54:16] 123 Боец 3: 1 урона от Лучник. HP 22/60
[2026-05-20 19:54:16] 123 Боец 3: 1 урона от Лучник. HP 21/60
[2026-05-20 19:54:16] 123 Боец 3: 1 урона от Лучник. HP 20/60
[2026-05-20 19:54:16] 123 Боец 3: 1 урона от Лучник. HP 19/60
[2026-05-20 19:54:16] 123 Боец 3: 1 урона от Лучник. HP 18/60
[2026-05-20 19:54:16] 123 Боец 3: 1 урона от Лучник. HP 17/60
[2026-05-20 19:54:16] 123 Боец 10: 8 урона от Лучник. HP 6/22
[2026-05-20 19:54:16] 123 Боец 12: 1 урона от Лучник. HP 59/60
[2026-05-20 19:54:16] 123 Боец 5: 1 урона от Лучник. HP 81/100
[2026-05-20 19:54:16] 123 Боец 11: 1 урона от Лучник. HP 51/60
[2026-05-20 19:54:16] 123 Боец 3: 1 урона от Лучник. HP 16/60
[2026-05-20 19:54:16] 123 Боец 12: 1 урона от Лучник. HP 58/60
[2026-05-20 19:54:16] 123 Боец 11: 1 урона от Лучник. HP 50/60
[2026-05-20 19:54:16] 123 Боец 9: 1 урона от Лучник. HP 92/100
[2026-05-20 19:54:16] 123 Боец 5: 1 урона от Лучник. HP 80/100
[2026-05-20 19:54:16] 123 Боец 9: 1 урона от Лучник. HP 91/100
[2026-05-20 19:54:16] 123 Боец 3: 1 урона от Лучник. HP 15/60
[2026-05-20 19:54:16] 123 Боец 10: 8 урона от Лучник. HP 0/22
[2026-05-20 19:54:16] 123 Боец 10 убит Лучник
[2026-05-20 19:54:16] 123 Боец 3: 1 урона от Лучник. HP 14/60
[2026-05-20 19:54:16] 123 Боец 9: 1 урона от Лучник. HP 90/100
[2026-05-20 19:54:16] 123 Боец 5: 1 урона от Лучник. HP 79/100
[2026-05-20 19:54:16] 123 Боец 3: 1 урона от Лучник. HP 13/60
[2026-05-20 19:54:16] 123 Боец 3: 1 урона от Лучник. HP 12/60
[2026-05-20 19:54:16] 123 Боец 5: 1 урона от Лучник. HP 78/100
[2026-05-20 19:54:16] 123 Боец 3: 1 урона от Лучник. HP 11/60
[2026-05-20 19:54:16] 123 Боец 5: 1 урона от Лучник. HP 77/100
[2026-05-20 19:54:16] 123 Боец 3: 1 урона от Лучник. HP 10/60
[2026-05-20 19:54:16] 123 Боец 5: 1 урона от Лучник. HP 76/100
[2026-05-20 19:54:16] 123 Боец 5: 1 урона от Лучник. HP 75/100
[2026-05-20 19:54:16] 123 Боец 3: 1 урона от Лучник. HP 9/60
[2026-05-20 19:54:16] 123 Боец 11: 1 урона от Лучник. HP 49/60
[2026-05-20 19:54:16] 123 Боец 9: 1 урона от Лучник. HP 89/100
[2026-05-20 19:54:16] 123 Боец 9: 1 урона от Лучник. HP 88/100
[2026-05-20 19:54:17] 456 Боец 6: 1 урона от Сильный боец. HP 67/70
[2026-05-20 19:54:17] 123 Боец 3: 1 урона от Лучник. HP 8/60
[2026-05-20 19:54:17] 123 Боец 5: 1 урона от Лучник. HP 74/100
[2026-05-20 19:54:17] 123 Боец 3: 1 урона от Лучник. HP 7/60
[2026-05-20 19:54:17] 123 Боец 3: 1 урона от Лучник. HP 6/60
[2026-05-20 19:54:17] 123 Боец 5: 1 урона от Лучник. HP 73/100
[2026-05-20 19:54:17] 123 Боец 5: 1 урона от Лучник. HP 72/100
[2026-05-20 19:54:17] 123 Боец 5: 1 урона от Лучник. HP 71/100
[2026-05-20 19:54:17] 123 Боец 11: 1 урона от Лучник. HP 48/60
[2026-05-20 19:54:17] 123 Боец 5: 1 урона от Лучник. HP 70/100
[2026-05-20 19:54:17] 123 Боец 3: 1 урона от Лучник. HP 5/60
[2026-05-20 19:54:17] 123 Боец 3: 1 урона от Лучник. HP 4/60
[2026-05-20 19:54:17] 123 Боец 9: 1 урона от Лучник. HP 87/100
[2026-05-20 19:54:17] 123 Боец 12: 1 урона от Лучник. HP 57/60
[2026-05-20 19:54:17] 123 Боец 12: 1 урона от Лучник. HP 56/60
[2026-05-20 19:54:17] 123 Боец 3: 1 урона от Лучник. HP 3/60
[2026-05-20 19:54:17] 123 Боец 11: 1 урона от Лучник. HP 47/60
[2026-05-20 19:54:17] 123 Боец 3: 1 урона от Лучник. HP 2/60
[2026-05-20 19:54:17] 123 Боец 5: 1 урона от Лучник. HP 69/100
[2026-05-20 19:54:17] 123 Боец 3: 1 урона от Лучник. HP 1/60
[2026-05-20 19:54:17] 123 Боец 5: 1 урона от Лучник. HP 68/100
[2026-05-20 19:54:17] 123 Боец 9: 1 урона от Лучник. HP 86/100
[2026-05-20 19:54:17] 123 Боец 3: 1 урона от Лучник. HP 0/60
[2026-05-20 19:54:17] 123 Боец 3 убит Лучник
[2026-05-20 19:54:17] 123 Боец 9: 1 урона от Лучник. HP 85/100
[2026-05-20 19:54:17] 123 Боец 9: 1 урона от Лучник. HP 84/100
[2026-05-20 19:54:17] 123 Боец 5: 1 урона от Лучник. HP 67/100
[2026-05-20 19:54:17] 123 Боец 9: 1 урона от Лучник. HP 83/100
[2026-05-20 19:54:17] 123 Боец 11: 1 урона от Лучник. HP 46/60
[2026-05-20 19:54:17] 123 Боец 12: 1 урона от Лучник. HP 55/60
[2026-05-20 19:54:17] 123 Боец 5: 1 урона от Лучник. HP 66/100
[2026-05-20 19:54:17] 123 Боец 5: 1 урона от Лучник. HP 65/100
[2026-05-20 19:54:17] 123 Боец 5: 1 урона от Лучник. HP 64/100
[2026-05-20 19:54:17] 123 Боец 5: 1 урона от Лучник. HP 63/100
[2026-05-20 19:54:17] 123 Боец 9: 1 урона от Лучник. HP 82/100
[2026-05-20 19:54:17] 123 Боец 9: 1 урона от Лучник. HP 81/100
[2026-05-20 19:54:17] 123 Боец 5: 1 урона от Лучник. HP 62/100
[2026-05-20 19:54:17] 123 Боец 9: 1 урона от Лучник. HP 80/100
[2026-05-20 19:54:17] 123 Боец 9: 1 урона от Лучник. HP 79/100
[2026-05-20 19:54:17] 123 Боец 5: 1 урона от Лучник. HP 61/100
[2026-05-20 19:54:17] 123 Боец 5: 1 урона от Лучник. HP 60/100
[2026-05-20 19:54:17] 123 Боец 5: 1 урона от Лучник. HP 59/100
[2026-05-20 19:54:17] 123 Боец 11: 1 урона от Лучник. HP 45/60
[2026-05-20 19:54:17] 123 Боец 5: 1 урона от Лучник. HP 58/100
[2026-05-20 19:54:17] 123 Боец 12: 1 урона от Лучник. HP 54/60
[2026-05-20 19:54:17] 123 Боец 5: 1 урона от Лучник. HP 57/100
[2026-05-20 19:54:17] 123 Боец 9: 1 урона от Лучник. HP 78/100
[2026-05-20 19:54:17] 123 Боец 11: 1 урона от Лучник. HP 44/60
[2026-05-20 19:54:17] 123 Боец 11: 1 урона от Лучник. HP 43/60
[2026-05-20 19:54:17] 123 Боец 12: 1 урона от Лучник. HP 53/60
[2026-05-20 19:54:17] 123 Боец 9: 1 урона от Лучник. HP 77/100
[2026-05-20 19:54:18] 123 Боец 11: 1 урона от Лучник. HP 42/60
[2026-05-20 19:54:18] 123 Боец 5: 1 урона от Лучник. HP 56/100
[2026-05-20 19:54:18] 123 Боец 12: 1 урона от Лучник. HP 52/60
[2026-05-20 19:54:18] 123 Боец 11: 1 урона от Лучник. HP 41/60
[2026-05-20 19:54:18] 123 Боец 9: 1 урона от Лучник. HP 76/100
[2026-05-20 19:54:18] 123 Боец 5: 1 урона от Лучник. HP 55/100
[2026-05-20 19:54:18] 123 Боец 5: 1 урона от Лучник. HP 54/100
[2026-05-20 19:54:18] 123 Боец 9: 1 урона от Лучник. HP 75/100
[2026-05-20 19:54:18] 123 Боец 5: 1 урона от Лучник. HP 53/100
[2026-05-20 19:54:18] 123 Боец 5: 1 урона от Лучник. HP 52/100
[2026-05-20 19:54:18] 123 Боец 12: 1 урона от Лучник. HP 51/60
[2026-05-20 19:54:18] 123 Боец 11: 1 урона от Лучник. HP 40/60
[2026-05-20 19:54:18] 123 Боец 9: 1 урона от Лучник. HP 74/100
[2026-05-20 19:54:18] 123 Боец 9: 1 урона от Лучник. HP 73/100
[2026-05-20 19:54:18] 123 Боец 5: 1 урона от Лучник. HP 51/100
[2026-05-20 19:54:18] 123 Боец 9: 1 урона от Лучник. HP 72/100
[2026-05-20 19:54:18] 123 Боец 5: 1 урона от Лучник. HP 50/100
[2026-05-20 19:54:18] 123 Боец 5: 1 урона от Лучник. HP 49/100
[2026-05-20 19:54:18] 123 Боец 5: 1 урона от Лучник. HP 48/100
[2026-05-20 19:54:18] 123 Боец 5: 1 урона от Лучник. HP 47/100
[2026-05-20 19:54:18] 123 Боец 12: 1 урона от Лучник. HP 50/60
[2026-05-20 19:54:18] 123 Боец 9: 1 урона от Лучник. HP 71/100
[2026-05-20 19:54:18] 123 Боец 5: 1 урона от Лучник. HP 46/100
[2026-05-20 19:54:18] 123 Боец 5: 1 урона от Лучник. HP 45/100
[2026-05-20 19:54:18] 123 Боец 5: 1 урона от Лучник. HP 44/100
[2026-05-20 19:54:18] 123 Боец 9: 1 урона от Лучник. HP 70/100
[2026-05-20 19:54:18] 123 Боец 5: 1 урона от Лучник. HP 43/100
[2026-05-20 19:54:18] 123 Боец 11: 1 урона от Лучник. HP 39/60
[2026-05-20 19:54:18] 123 Боец 5: 1 урона от Лучник. HP 42/100
[2026-05-20 19:54:18] 123 Боец 9: 1 урона от Лучник. HP 69/100
[2026-05-20 19:54:18] 123 Боец 5: 1 урона от Лучник. HP 41/100
[2026-05-20 19:54:18] 123 Боец 9: 1 урона от Лучник. HP 68/100
[2026-05-20 19:54:18] 123 Боец 9: 1 урона от Лучник. HP 67/100
[2026-05-20 19:54:18] 123 Боец 12: 1 урона от Лучник. HP 49/60
[2026-05-20 19:54:18] 123 Боец 12: 1 урона от Лучник. HP 48/60
[2026-05-20 19:54:18] 123 Боец 5: 1 урона от Лучник. HP 40/100
[2026-05-20 19:54:18] 123 Боец 5: 1 урона от Лучник. HP 39/100
[2026-05-20 19:54:18] 123 Боец 5: 1 урона от Лучник. HP 38/100
[2026-05-20 19:54:18] 123 Боец 9: 1 урона от Лучник. HP 66/100
[2026-05-20 19:54:18] 123 Боец 12: 1 урона от Лучник. HP 47/60
[2026-05-20 19:54:18] 123 Боец 5: 1 урона от Лучник. HP 37/100
[2026-05-20 19:54:18] 123 Боец 5: 1 урона от Лучник. HP 36/100
[2026-05-20 19:54:18] 123 Боец 5: 1 урона от Лучник. HP 35/100
[2026-05-20 19:54:18] 123 Боец 5: 1 урона от Лучник. HP 34/100
[2026-05-20 19:54:18] 123 Боец 9: 1 урона от Лучник. HP 65/100
[2026-05-20 19:54:18] 123 Боец 5: 1 урона от Лучник. HP 33/100
[2026-05-20 19:54:18] 123 Боец 9: 1 урона от Лучник. HP 64/100
[2026-05-20 19:54:18] 123 Боец 9: 1 урона от Лучник. HP 63/100
[2026-05-20 19:54:18] 123 Боец 9: 1 урона от Лучник. HP 62/100
[2026-05-20 19:54:18] 123 Боец 12: 1 урона от Лучник. HP 46/60
[2026-05-20 19:54:18] 123 Боец 5: 1 урона от Лучник. HP 32/100
[2026-05-20 19:54:18] 123 Боец 5: 1 урона от Лучник. HP 31/100
[2026-05-20 19:54:18] 123 Боец 12: 1 урона от Лучник. HP 45/60
[2026-05-20 19:54:18] 123 Боец 9: 1 урона от Лучник. HP 61/100
[2026-05-20 19:54:18] 123 Боец 11: 1 урона от Лучник. HP 38/60
[2026-05-20 19:54:18] 123 Боец 5: 1 урона от Лучник. HP 30/100
[2026-05-20 19:54:18] 123 Боец 5: 1 урона от Лучник. HP 29/100
[2026-05-20 19:54:18] 123 Боец 12: 1 урона от Лучник. HP 44/60
[2026-05-20 19:54:18] 123 Боец 12: 1 урона от Лучник. HP 43/60
[2026-05-20 19:54:18] 123 Боец 11: 1 урона от Лучник. HP 37/60
[2026-05-20 19:54:18] 123 Боец 5: 1 урона от Лучник. HP 28/100
[2026-05-20 19:54:18] 123 Боец 11: 1 урона от Лучник. HP 36/60
[2026-05-20 19:54:18] 123 Боец 5: 1 урона от Лучник. HP 27/100
[2026-05-20 19:54:18] 123 Боец 11: 1 урона от Лучник. HP 35/60
[2026-05-20 19:54:18] 123 Боец 5: 1 урона от Лучник. HP 26/100
[2026-05-20 19:54:18] 123 Боец 5: 1 урона от Лучник. HP 25/100
[2026-05-20 19:54:18] 123 Боец 11: 1 урона от Лучник. HP 34/60
[2026-05-20 19:54:18] 123 Боец 5: 1 урона от Лучник. HP 24/100
[2026-05-20 19:54:18] 123 Боец 9: 1 урона от Лучник. HP 60/100
[2026-05-20 19:54:18] 123 Боец 5: 1 урона от Лучник. HP 23/100
[2026-05-20 19:54:18] 123 Боец 5: 1 урона от Лучник. HP 22/100
[2026-05-20 19:54:18] 123 Боец 12: 1 урона от Лучник. HP 42/60
[2026-05-20 19:54:18] 123 Боец 5: 1 урона от Лучник. HP 21/100
[2026-05-20 19:54:19] 123 Боец 12: 1 урона от Лучник. HP 41/60
[2026-05-20 19:54:19] 123 Боец 9: 1 урона от Лучник. HP 59/100
[2026-05-20 19:54:19] 123 Боец 9: 1 урона от Лучник. HP 58/100
[2026-05-20 19:54:19] 123 Боец 5: 1 урона от Лучник. HP 20/100
[2026-05-20 19:54:19] 123 Боец 9: 1 урона от Лучник. HP 57/100
[2026-05-20 19:54:19] 123 Боец 5: 1 урона от Лучник. HP 19/100
[2026-05-20 19:54:19] 123 Боец 11: 1 урона от Лучник. HP 33/60
[2026-05-20 19:54:19] 123 Боец 11: 1 урона от Лучник. HP 32/60
[2026-05-20 19:54:19] 123 Боец 12: 1 урона от Лучник. HP 40/60
[2026-05-20 19:54:19] 123 Боец 9: 1 урона от Лучник. HP 56/100
[2026-05-20 19:54:19] 123 Боец 5: 1 урона от Лучник. HP 18/100
[2026-05-20 19:54:19] 123 Боец 9: 1 урона от Лучник. HP 55/100
[2026-05-20 19:54:19] 123 Боец 5: 1 урона от Лучник. HP 17/100
[2026-05-20 19:54:19] 123 Боец 9: 1 урона от Лучник. HP 54/100
[2026-05-20 19:54:19] 123 Боец 9: 1 урона от Лучник. HP 53/100
[2026-05-20 19:54:19] 123 Боец 12: 1 урона от Лучник. HP 39/60
[2026-05-20 19:54:19] 123 Боец 9: 1 урона от Лучник. HP 52/100
[2026-05-20 19:54:19] 123 Боец 5: 1 урона от Лучник. HP 16/100
[2026-05-20 19:54:19] 123 Боец 9: 1 урона от Лучник. HP 51/100
[2026-05-20 19:54:19] 123 Боец 9: 1 урона от Лучник. HP 50/100
[2026-05-20 19:54:19] 123 Боец 11: 1 урона от Лучник. HP 31/60
[2026-05-20 19:54:19] 123 Боец 5: 1 урона от Лучник. HP 15/100
[2026-05-20 19:54:19] 123 Боец 5: 1 урона от Лучник. HP 14/100
[2026-05-20 19:54:19] 123 Боец 11: 1 урона от Лучник. HP 30/60
[2026-05-20 19:54:19] 123 Боец 11: 1 урона от Лучник. HP 29/60
[2026-05-20 19:54:19] 123 Боец 9: 1 урона от Лучник. HP 49/100
[2026-05-20 19:54:19] 123 Боец 9: 1 урона от Лучник. HP 48/100
[2026-05-20 19:54:19] 123 Боец 5: 1 урона от Лучник. HP 13/100
[2026-05-20 19:54:19] 123 Боец 5: 1 урона от Лучник. HP 12/100
[2026-05-20 19:54:19] 123 Боец 9: 1 урона от Лучник. HP 47/100
[2026-05-20 19:54:19] 123 Боец 5: 1 урона от Лучник. HP 11/100
[2026-05-20 19:54:19] 123 Боец 5: 1 урона от Лучник. HP 10/100
[2026-05-20 19:54:19] 123 Боец 9: 1 урона от Лучник. HP 46/100
[2026-05-20 19:54:19] 123 Боец 9: 1 урона от Лучник. HP 45/100
[2026-05-20 19:54:19] 123 Боец 9: 1 урона от Лучник. HP 44/100
[2026-05-20 19:54:19] 123 Боец 9: 1 урона от Лучник. HP 43/100
[2026-05-20 19:54:19] 123 Боец 12: 1 урона от Лучник. HP 38/60
[2026-05-20 19:54:19] 123 Боец 12: 1 урона от Лучник. HP 37/60
[2026-05-20 19:54:19] 123 Боец 5: 1 урона от Лучник. HP 9/100
[2026-05-20 19:54:19] 123 Боец 5: 1 урона от Лучник. HP 8/100
[2026-05-20 19:54:19] 123 Боец 5: 1 урона от Лучник. HP 7/100
[2026-05-20 19:54:19] 123 Боец 5: 1 урона от Лучник. HP 6/100
[2026-05-20 19:54:19] 123 Боец 9: 1 урона от Лучник. HP 42/100
[2026-05-20 19:54:19] 123 Боец 5: 1 урона от Лучник. HP 5/100
[2026-05-20 19:54:19] 123 Боец 9: 1 урона от Лучник. HP 41/100
[2026-05-20 19:54:19] 123 Боец 9: 1 урона от Лучник. HP 40/100
[2026-05-20 19:54:19] 123 Боец 9: 1 урона от Лучник. HP 39/100
[2026-05-20 19:54:19] 123 Боец 9: 1 урона от Лучник. HP 38/100
[2026-05-20 19:54:19] 123 Боец 5: 1 урона от Лучник. HP 4/100
[2026-05-20 19:54:19] 123 Боец 12: 1 урона от Лучник. HP 36/60
[2026-05-20 19:54:19] 123 Боец 11: 1 урона от Лучник. HP 28/60
[2026-05-20 19:54:19] 123 Боец 11: 1 урона от Лучник. HP 27/60
[2026-05-20 19:54:19] 123 Боец 11: 1 урона от Лучник. HP 26/60
[2026-05-20 19:54:19] 123 Боец 9: 1 урона от Лучник. HP 37/100
[2026-05-20 19:54:19] 123 Боец 5: 1 урона от Лучник. HP 3/100
[2026-05-20 19:54:19] 123 Боец 5: 1 урона от Лучник. HP 2/100
[2026-05-20 19:54:19] 123 Боец 9: 1 урона от Лучник. HP 36/100
[2026-05-20 19:54:19] 123 Боец 5: 1 урона от Лучник. HP 1/100
[2026-05-20 19:54:19] 123 Боец 9: 1 урона от Лучник. HP 35/100
[2026-05-20 19:54:19] 123 Боец 9: 1 урона от Лучник. HP 34/100
[2026-05-20 19:54:19] 123 Боец 9: 1 урона от Лучник. HP 33/100
[2026-05-20 19:54:19] 123 Боец 5: 1 урона от Лучник. HP 0/100
[2026-05-20 19:54:19] 123 Боец 5 убит Лучник
[2026-05-20 19:54:19] 123 Боец 9: 1 урона от Лучник. HP 32/100
[2026-05-20 19:54:19] 123 Боец 9: 1 урона от Лучник. HP 31/100
[2026-05-20 19:54:19] 123 Боец 9: 1 урона от Лучник. HP 30/100
[2026-05-20 19:54:19] 123 Боец 9: 1 урона от Лучник. HP 29/100
[2026-05-20 19:54:19] 123 Боец 12: 1 урона от Лучник. HP 35/60
[2026-05-20 19:54:19] 123 Боец 9: 1 урона от Лучник. HP 28/100
[2026-05-20 19:54:19] 123 Боец 11: 1 урона от Лучник. HP 25/60
[2026-05-20 19:54:19] 123 Боец 9: 1 урона от Лучник. HP 27/100
[2026-05-20 19:54:19] 123 Боец 9: 1 урона от Лучник. HP 26/100
[2026-05-20 19:54:19] 123 Боец 11: 1 урона от Лучник. HP 24/60
[2026-05-20 19:54:19] 123 Боец 9: 1 урона от Лучник. HP 25/100
[2026-05-20 19:54:19] 123 Боец 12: 1 урона от Лучник. HP 34/60
[2026-05-20 19:54:19] 123 Боец 9: 1 урона от Лучник. HP 24/100
[2026-05-20 19:54:19] 123 Боец 9: 1 урона от Лучник. HP 23/100
[2026-05-20 19:54:19] 123 Боец 11: 1 урона от Лучник. HP 23/60
[2026-05-20 19:54:19] 123 Боец 11: 1 урона от Лучник. HP 22/60
[2026-05-20 19:54:19] 123 Боец 9: 1 урона от Лучник. HP 22/100
[2026-05-20 19:54:19] 123 Боец 9: 1 урона от Лучник. HP 21/100
[2026-05-20 20:45:01] ая Боец 1: 1 урона от Лучник. HP 69/70
[2026-05-20 20:45:01] ая Боец 2: 1 урона от Маг. HP 69/70
[2026-05-20 20:45:01] нов Боец 3: 1 урона от Слабый боец. HP 69/70
[2026-05-20 20:45:01] ая Боец 3: 4 урона от Лучник. HP 21/25
[2026-05-20 20:45:01] ая Боец 1: 1 урона от Лучник. HP 69/70
[2026-05-20 20:45:03] ая Боец 1: 1 урона от Лучник. HP 68/70
[2026-05-20 20:45:03] ая Боец 2: 1 урона от Маг. HP 69/70
[2026-05-20 20:45:03] нов Боец 3: 1 урона от Слабый боец. HP 68/70
[2026-05-20 20:45:03] ая Боец 5: 1 урона от Лучник. HP 59/60
[2026-05-20 20:45:03] ая Боец 1: 1 урона от Лучник. HP 67/70
[2026-05-20 20:45:04] ая Боец 1: 1 урона от Лучник. HP 66/70
[2026-05-20 20:45:04] ая Боец 2: 1 урона от Маг. HP 69/70
[2026-05-20 20:45:04] нов Боец 3: 1 урона от Слабый боец. HP 67/70
[2026-05-20 20:45:04] ая Боец 2: 1 урона от Лучник. HP 68/70
[2026-05-20 20:45:04] ая Боец 1: 1 урона от Лучник. HP 69/70
[2026-05-20 20:45:05] ая Боец 1: 1 урона от Лучник. HP 68/70
[2026-05-20 20:45:05] ая Боец 2: 1 урона от Маг. HP 69/70
[2026-05-20 20:45:05] нов Боец 3: 1 урона от Слабый боец. HP 66/70
[2026-05-20 20:45:05] ая Боец 3: 4 урона от Лучник. HP 21/25
[2026-05-20 20:45:05] ая Боец 7: 1 урона от Лучник. HP 99/100
[2026-05-20 20:45:06] ая Боец 1: 1 урона от Лучник. HP 69/70
[2026-05-20 20:45:06] ая Боец 2: 1 урона от Маг. HP 68/70
[2026-05-20 20:45:06] нов Боец 3: 1 урона от Слабый боец. HP 65/70
[2026-05-20 20:45:06] ая Боец 1: 1 урона от Лучник. HP 68/70
[2026-05-20 20:45:06] ая Боец 3: 4 урона от Лучник. HP 21/25
[2026-05-20 20:45:07] ая Боец 1: 1 урона от Лучник. HP 67/70
[2026-05-20 20:45:07] ая Боец 2: 1 урона от Маг. HP 69/70
[2026-05-20 20:45:07] нов Боец 3: 1 урона от Слабый боец. HP 69/70
[2026-05-20 20:45:07] ая Боец 1: 1 урона от Лучник. HP 66/70
[2026-05-20 20:45:07] ая Боец 2: 1 урона от Лучник. HP 69/70
[2026-05-20 20:45:07] ая Боец 1: 1 урона от Лучник. HP 69/70
[2026-05-20 20:45:07] ая Боец 2: 1 урона от Маг. HP 68/70
[2026-05-20 20:45:07] нов Боец 3: 1 урона от Слабый боец. HP 68/70
[2026-05-20 20:45:07] ая Боец 1: 1 урона от Лучник. HP 69/70
[2026-05-20 20:45:07] ая Боец 7: 1 урона от Лучник. HP 99/100
[2026-05-20 20:45:07] ая Боец 1: 1 урона от Лучник. HP 68/70
[2026-05-20 20:45:07] ая Боец 2: 1 урона от Маг. HP 67/70
[2026-05-20 20:45:07] нов Боец 3: 1 урона от Слабый боец. HP 67/70
[2026-05-20 20:45:07] ая Боец 4: 1 урона от Лучник. HP 99/100
[2026-05-20 20:45:07] ая Боец 10: 8 урона от Лучник. HP 14/22
[2026-05-20 20:45:08] ая Боец 1: 1 урона от Лучник. HP 67/70
[2026-05-20 20:45:08] ая Боец 2: 1 урона от Маг. HP 69/70
[2026-05-20 20:45:08] нов Боец 3: 1 урона от Слабый боец. HP 66/70
[2026-05-20 20:45:08] ая Боец 1: 1 урона от Лучник. HP 66/70
[2026-05-20 20:45:08] ая Боец 1: 1 урона от Лучник. HP 65/70
[2026-05-20 20:45:08] ая Боец 1: 1 урона от Лучник. HP 64/70
[2026-05-20 20:45:08] ая Боец 2: 1 урона от Маг. HP 69/70
[2026-05-20 20:45:08] нов Боец 3: 1 урона от Слабый боец. HP 65/70
[2026-05-20 20:45:08] ая Боец 4: 1 урона от Лучник. HP 98/100
[2026-05-20 20:45:08] ая Боец 5: 1 урона от Лучник. HP 58/60
[2026-05-20 20:45:08] ая Боец 1: 1 урона от Лучник. HP 69/70
[2026-05-20 20:45:08] ая Боец 2: 1 урона от Маг. HP 68/70
[2026-05-20 20:45:08] нов Боец 3: 1 урона от Слабый боец. HP 64/70
[2026-05-20 20:45:08] ая Боец 3: 4 урона от Лучник. HP 21/25
[2026-05-20 20:45:08] ая Боец 2: 1 урона от Лучник. HP 69/70
[2026-05-20 20:45:08] ая Боец 1: 1 урона от Лучник. HP 69/70
[2026-05-20 20:45:08] ая Боец 2: 1 урона от Маг. HP 68/70
[2026-05-20 20:45:08] нов Боец 3: 1 урона от Слабый боец. HP 63/70
[2026-05-20 20:45:08] ая Боец 2: 1 урона от Лучник. HP 67/70
[2026-05-20 20:45:08] ая Боец 2: 1 урона от Лучник. HP 66/70
[2026-05-20 20:45:09] ая Боец 1: 1 урона от Лучник. HP 69/70
[2026-05-20 20:45:09] ая Боец 2: 1 урона от Маг. HP 65/70
[2026-05-20 20:45:09] нов Боец 3: 1 урона от Слабый боец. HP 62/70
[2026-05-20 20:45:09] ая Боец 2: 1 урона от Лучник. HP 64/70
[2026-05-20 20:45:09] ая Боец 1: 1 урона от Лучник. HP 69/70
[2026-05-20 20:45:09] ая Боец 1: 1 урона от Лучник. HP 69/70
[2026-05-20 20:45:09] ая Боец 2: 1 урона от Маг. HP 69/70
[2026-05-20 20:45:09] нов Боец 3: 1 урона от Слабый боец. HP 61/70
[2026-05-20 20:45:09] ая Боец 2: 1 урона от Лучник. HP 68/70
[2026-05-20 20:45:09] ая Боец 8: 10 урона от Лучник. HP 5/15
[2026-05-20 20:45:09] ая Боец 1: 1 урона от Лучник. HP 69/70
[2026-05-20 20:45:09] ая Боец 2: 1 урона от Маг. HP 67/70
[2026-05-20 20:45:09] нов Боец 3: 1 урона от Слабый боец. HP 60/70
[2026-05-20 20:45:09] ая Боец 4: 1 урона от Лучник. HP 99/100
[2026-05-20 20:45:09] ая Боец 1: 1 урона от Лучник. HP 68/70
[2026-05-20 20:45:09] ая Боец 1: 1 урона от Лучник. HP 69/70
[2026-05-20 20:45:09] ая Боец 2: 1 урона от Маг. HP 66/70
[2026-05-20 20:45:09] нов Боец 3: 1 урона от Слабый боец. HP 59/70
[2026-05-20 20:45:09] ая Боец 2: 1 урона от Лучник. HP 69/70
[2026-05-20 20:45:09] ая Боец 1: 1 урона от Лучник. HP 69/70
[2026-05-20 20:45:09] ая Боец 1: 1 урона от Лучник. HP 69/70
[2026-05-20 20:45:09] ая Боец 2: 1 урона от Маг. HP 68/70
[2026-05-20 20:45:09] нов Боец 3: 1 урона от Слабый боец. HP 58/70
[2026-05-20 20:45:09] ая Боец 2: 1 урона от Лучник. HP 69/70
[2026-05-20 20:45:09] ая Боец 7: 1 урона от Лучник. HP 99/100
[2026-05-20 20:45:10] ая Боец 1: 1 урона от Лучник. HP 69/70
[2026-05-20 20:45:10] ая Боец 2: 1 урона от Маг. HP 68/70
[2026-05-20 20:45:10] нов Боец 3: 1 урона от Слабый боец. HP 57/70
[2026-05-20 20:45:10] ая Боец 1: 1 урона от Лучник. HP 68/70
[2026-05-20 20:45:10] ая Боец 5: 1 урона от Лучник. HP 57/60
[2026-05-20 20:45:10] ая Боец 1: 1 урона от Лучник. HP 67/70
[2026-05-20 20:45:10] ая Боец 2: 1 урона от Маг. HP 69/70
[2026-05-20 20:45:10] нов Боец 3: 1 урона от Слабый боец. HP 56/70
[2026-05-20 20:45:10] ая Боец 4: 1 урона от Лучник. HP 98/100
[2026-05-20 20:45:10] ая Боец 3: 4 урона от Лучник. HP 21/25
[2026-05-20 20:45:10] ая Боец 1: 1 урона от Лучник. HP 69/70
[2026-05-20 20:45:10] ая Боец 2: 1 урона от Маг. HP 69/70
[2026-05-20 20:45:10] нов Боец 3: 1 урона от Слабый боец. HP 55/70
[2026-05-20 20:45:10] ая Боец 1: 1 урона от Лучник. HP 69/70
[2026-05-20 20:45:10] ая Боец 1: 1 урона от Лучник. HP 68/70
[2026-05-20 20:45:10] ая Боец 1: 1 урона от Лучник. HP 67/70
[2026-05-20 20:45:10] ая Боец 2: 1 урона от Маг. HP 69/70
[2026-05-20 20:45:10] нов Боец 3: 1 урона от Слабый боец. HP 54/70
[2026-05-20 20:45:10] ая Боец 5: 1 урона от Лучник. HP 56/60
[2026-05-20 20:45:10] ая Боец 1: 1 урона от Лучник. HP 66/70
[2026-05-20 20:45:11] ая Боец 1: 1 урона от Лучник. HP 69/70
[2026-05-20 20:45:11] ая Боец 2: 1 урона от Маг. HP 69/70
[2026-05-20 20:45:11] нов Боец 3: 1 урона от Слабый боец. HP 53/70
[2026-05-20 20:45:11] ая Боец 2: 1 урона от Лучник. HP 69/70
[2026-05-20 20:45:11] ая Боец 1: 1 урона от Лучник. HP 69/70
[2026-05-20 20:45:11] ая Боец 1: 1 урона от Лучник. HP 69/70
[2026-05-20 20:45:11] ая Боец 2: 1 урона от Маг. HP 68/70
[2026-05-20 20:45:11] нов Боец 3: 1 урона от Слабый боец. HP 52/70
[2026-05-20 20:45:11] ая Боец 6: 10 урона от Лучник. HP 5/15
[2026-05-20 20:45:11] ая Боец 2: 1 урона от Лучник. HP 69/70
[2026-05-20 20:45:11] ая Боец 1: 1 урона от Лучник. HP 69/70
[2026-05-20 20:45:11] ая Боец 2: 1 урона от Маг. HP 68/70
[2026-05-20 20:45:11] нов Боец 3: 1 урона от Слабый боец. HP 51/70
[2026-05-20 20:45:11] ая Боец 3: 4 урона от Лучник. HP 17/25
[2026-05-20 20:45:11] ая Боец 3: 4 урона от Лучник. HP 21/25
[2026-05-20 20:45:11] ая Боец 1: 1 урона от Лучник. HP 68/70
[2026-05-20 20:45:12] ая Боец 2: 1 урона от Маг. HP 69/70
[2026-05-20 20:45:12] нов Боец 3: 1 урона от Слабый боец. HP 50/70
[2026-05-20 20:45:12] ая Боец 1: 1 урона от Лучник. HP 67/70
[2026-05-20 20:45:12] ая Боец 1: 1 урона от Лучник. HP 66/70
[2026-05-20 20:45:12] ая Боец 1: 1 урона от Лучник. HP 65/70
[2026-05-20 20:45:12] ая Боец 2: 1 урона от Маг. HP 68/70
[2026-05-20 20:45:12] нов Боец 3: 1 урона от Слабый боец. HP 49/70
[2026-05-20 20:45:12] ая Боец 4: 1 урона от Лучник. HP 99/100
[2026-05-20 20:45:12] ая Боец 9: 1 урона от Лучник. HP 99/100
[2026-05-20 20:45:12] ая Боец 1: 1 урона от Лучник. HP 64/70
[2026-05-20 20:45:12] ая Боец 2: 1 урона от Маг. HP 69/70
[2026-05-20 20:45:12] нов Боец 3: 1 урона от Слабый боец. HP 69/70
[2026-05-20 20:45:12] ая Боец 1: 1 урона от Лучник. HP 69/70
[2026-05-20 20:45:12] ая Боец 3: 4 урона от Лучник. HP 21/25
[2026-05-20 20:45:12] ая Боец 1: 1 урона от Лучник. HP 69/70
[2026-05-20 20:45:12] ая Боец 2: 1 урона от Маг. HP 68/70
[2026-05-20 20:45:12] нов Боец 3: 1 урона от Слабый боец. HP 68/70
[2026-05-20 20:45:12] ая Боец 5: 1 урона от Лучник. HP 55/60
[2026-05-20 20:45:12] ая Боец 1: 1 урона от Лучник. HP 69/70
[2026-05-20 20:45:13] ая Боец 1: 1 урона от Лучник. HP 68/70
[2026-05-20 20:45:13] ая Боец 2: 1 урона от Маг. HP 69/70
[2026-05-20 20:45:13] нов Боец 3: 1 урона от Слабый боец. HP 67/70
[2026-05-20 20:45:13] ая Боец 3: 4 урона от Лучник. HP 21/25
[2026-05-20 20:45:13] ая Боец 5: 1 урона от Лучник. HP 54/60
[2026-05-20 20:45:13] ая Боец 1: 1 урона от Лучник. HP 69/70
[2026-05-20 20:45:13] ая Боец 2: 1 урона от Маг. HP 69/70
[2026-05-20 20:45:13] нов Боец 3: 1 урона от Слабый боец. HP 66/70
[2026-05-20 20:45:13] ая Боец 1: 1 урона от Лучник. HP 69/70
[2026-05-20 20:45:13] ая Боец 2: 1 урона от Лучник. HP 69/70
[2026-05-20 20:45:13] ая Боец 1: 1 урона от Лучник. HP 68/70
[2026-05-20 20:45:13] ая Боец 2: 1 урона от Маг. HP 68/70
[2026-05-20 20:45:13] нов Боец 3: 1 урона от Слабый боец. HP 65/70
[2026-05-20 20:45:13] ая Боец 1: 1 урона от Лучник. HP 69/70
[2026-05-20 20:45:13] ая Боец 1: 1 урона от Лучник. HP 68/70
[2026-05-20 20:45:14] ая Боец 1: 1 урона от Лучник. HP 67/70
[2026-05-20 20:45:14] ая Боец 2: 1 урона от Маг. HP 69/70
[2026-05-20 20:45:14] нов Боец 3: 1 урона от Слабый боец. HP 64/70
[2026-05-20 20:45:14] ая Боец 4: 1 урона от Лучник. HP 99/100
[2026-05-20 20:45:14] ая Боец 2: 1 урона от Лучник. HP 69/70
[2026-05-20 20:45:14] ая Боец 1: 1 урона от Лучник. HP 69/70
[2026-05-20 20:45:14] ая Боец 2: 1 урона от Маг. HP 69/70
[2026-05-20 20:45:14] нов Боец 3: 1 урона от Слабый боец. HP 63/70
[2026-05-20 20:45:14] ая Боец 5: 1 урона от Лучник. HP 53/60
[2026-05-20 20:45:14] ая Боец 7: 1 урона от Лучник. HP 99/100
[2026-05-20 20:45:14] ая Боец 1: 1 урона от Лучник. HP 68/70
[2026-05-20 20:45:14] ая Боец 2: 1 урона от Маг. HP 69/70
[2026-05-20 20:45:14] нов Боец 3: 1 урона от Слабый боец. HP 62/70
[2026-05-20 20:45:14] ая Боец 1: 1 урона от Лучник. HP 69/70
[2026-05-20 20:45:14] ая Боец 4: 1 урона от Лучник. HP 99/100
[2026-05-20 20:45:15] ая Боец 1: 1 урона от Лучник. HP 69/70
[2026-05-20 20:45:15] ая Боец 2: 1 урона от Маг. HP 68/70
[2026-05-20 20:45:15] нов Боец 3: 1 урона от Слабый боец. HP 61/70
[2026-05-20 20:45:15] ая Боец 2: 1 урона от Лучник. HP 67/70
[2026-05-20 20:45:15] ая Боец 5: 1 урона от Лучник. HP 52/60
[2026-05-20 20:45:15] ая Боец 1: 1 урона от Лучник. HP 69/70
[2026-05-20 20:45:15] ая Боец 2: 1 урона от Маг. HP 66/70
[2026-05-20 20:45:15] нов Боец 3: 1 урона от Слабый боец. HP 60/70
[2026-05-20 20:45:15] ая Боец 3: 4 урона от Лучник. HP 21/25
[2026-05-20 20:45:15] ая Боец 3: 4 урона от Лучник. HP 21/25
[2026-05-20 20:45:15] ая Боец 1: 1 урона от Лучник. HP 68/70
[2026-05-20 20:45:15] ая Боец 2: 1 урона от Маг. HP 69/70
[2026-05-20 20:45:15] нов Боец 3: 1 урона от Слабый боец. HP 59/70
[2026-05-20 20:45:15] ая Боец 4: 1 урона от Лучник. HP 99/100
[2026-05-20 20:45:15] ая Боец 3: 4 урона от Лучник. HP 17/25
[2026-05-20 20:45:16] ая Боец 1: 1 урона от Лучник. HP 67/70
[2026-05-20 20:45:16] ая Боец 2: 1 урона от Маг. HP 69/70
[2026-05-20 20:45:16] нов Боец 3: 1 урона от Слабый боец. HP 58/70
[2026-05-20 20:45:16] ая Боец 6: 10 урона от Лучник. HP 5/15
[2026-05-20 20:45:16] ая Боец 8: 10 урона от Лучник. HP 5/15
[2026-05-20 20:45:16] ая Боец 1: 1 урона от Лучник. HP 69/70
[2026-05-20 20:45:16] ая Боец 2: 1 урона от Маг. HP 69/70
[2026-05-20 20:45:16] нов Боец 3: 1 урона от Слабый боец. HP 57/70
[2026-05-20 20:45:16] ая Боец 7: 1 урона от Лучник. HP 99/100
[2026-05-20 20:45:16] ая Боец 2: 1 урона от Лучник. HP 68/70
[2026-05-20 20:45:17] ая Боец 1: 1 урона от Лучник. HP 69/70
[2026-05-20 20:45:17] ая Боец 2: 1 урона от Маг. HP 69/70
[2026-05-20 20:45:17] нов Боец 3: 1 урона от Слабый боец. HP 56/70
[2026-05-20 20:45:17] ая Боец 4: 1 урона от Лучник. HP 99/100
[2026-05-20 20:45:17] ая Боец 4: 1 урона от Лучник. HP 98/100
[2026-05-20 20:45:17] ая Боец 1: 1 урона от Лучник. HP 69/70
[2026-05-20 20:45:17] ая Боец 2: 1 урона от Маг. HP 69/70
[2026-05-20 20:45:17] нов Боец 3: 1 урона от Слабый боец. HP 55/70
[2026-05-20 20:45:17] ая Боец 1: 1 урона от Лучник. HP 68/70
[2026-05-20 20:45:17] ая Боец 1: 1 урона от Лучник. HP 67/70
[2026-05-20 20:45:17] ая Боец 1: 1 урона от Лучник. HP 66/70
[2026-05-20 20:45:17] ая Боец 2: 1 урона от Маг. HP 69/70
[2026-05-20 20:45:17] нов Боец 3: 1 урона от Слабый боец. HP 54/70
[2026-05-20 20:45:17] ая Боец 1: 1 урона от Лучник. HP 65/70
[2026-05-20 20:45:17] ая Боец 1: 1 урона от Лучник. HP 64/70
[2026-05-20 20:45:18] ая Боец 1: 1 урона от Лучник. HP 63/70
[2026-05-20 20:45:18] ая Боец 2: 1 урона от Маг. HP 69/70
[2026-05-20 20:45:18] нов Боец 3: 1 урона от Слабый боец. HP 53/70
[2026-05-20 20:45:18] ая Боец 3: 4 урона от Лучник. HP 21/25
[2026-05-20 20:45:18] ая Боец 4: 1 урона от Лучник. HP 99/100
[2026-05-20 20:45:18] ая Боец 1: 1 урона от Лучник. HP 62/70
[2026-05-20 20:45:18] ая Боец 2: 1 урона от Маг. HP 69/70
[2026-05-20 20:45:18] нов Боец 3: 1 урона от Слабый боец. HP 52/70
[2026-05-20 20:45:18] ая Боец 2: 1 урона от Лучник. HP 68/70
[2026-05-20 20:45:18] ая Боец 2: 1 урона от Лучник. HP 67/70
[2026-05-20 20:45:19] ая Боец 1: 1 урона от Лучник. HP 61/70
[2026-05-20 20:45:19] ая Боец 2: 1 урона от Маг. HP 66/70
[2026-05-20 20:45:19] нов Боец 3: 1 урона от Слабый боец. HP 51/70
[2026-05-20 20:45:19] ая Боец 2: 1 урона от Лучник. HP 65/70
[2026-05-20 20:45:19] ая Боец 2: 1 урона от Лучник. HP 69/70
[2026-05-20 20:45:19] ая Боец 1: 1 урона от Лучник. HP 69/70
[2026-05-20 20:45:19] ая Боец 2: 1 урона от Маг. HP 69/70
[2026-05-20 20:45:19] нов Боец 3: 1 урона от Слабый боец. HP 50/70
[2026-05-20 20:45:19] ая Боец 1: 1 урона от Лучник. HP 68/70
[2026-05-20 20:45:19] ая Боец 3: 4 урона от Лучник. HP 21/25
[2026-05-20 20:45:19] ая Боец 1: 1 урона от Лучник. HP 67/70
[2026-05-20 20:45:20] ая Боец 2: 1 урона от Маг. HP 69/70
[2026-05-20 20:45:20] нов Боец 3: 1 урона от Слабый боец. HP 49/70
[2026-05-20 20:45:20] ая Боец 1: 1 урона от Лучник. HP 69/70
[2026-05-20 20:45:20] ая Боец 1: 1 урона от Лучник. HP 68/70
[2026-05-20 20:45:20] ая Боец 1: 1 урона от Лучник. HP 67/70
[2026-05-20 20:45:20] ая Боец 2: 1 урона от Маг. HP 68/70
[2026-05-20 20:45:20] нов Боец 3: 1 урона от Слабый боец. HP 48/70
[2026-05-20 20:45:20] ая Боец 1: 1 урона от Лучник. HP 66/70
[2026-05-20 20:45:20] ая Боец 2: 1 урона от Лучник. HP 67/70
[2026-05-20 20:45:20] ая Боец 1: 1 урона от Лучник. HP 65/70
[2026-05-20 20:45:21] ая Боец 2: 1 урона от Маг. HP 66/70
[2026-05-20 20:45:21] нов Боец 3: 1 урона от Слабый боец. HP 47/70
[2026-05-20 20:45:21] ая Боец 2: 1 урона от Лучник. HP 65/70
[2026-05-20 20:45:21] ая Боец 2: 1 урона от Лучник. HP 69/70
[2026-05-20 20:45:21] ая Боец 1: 1 урона от Лучник. HP 69/70
[2026-05-20 20:45:21] ая Боец 2: 1 урона от Маг. HP 68/70
[2026-05-20 20:45:21] нов Боец 3: 1 урона от Слабый боец. HP 46/70
[2026-05-20 20:45:21] ая Боец 7: 1 урона от Лучник. HP 99/100
[2026-05-20 20:45:21] ая Боец 3: 4 урона от Лучник. HP 21/25
[2026-05-20 20:45:22] ая Боец 1: 1 урона от Лучник. HP 68/70
[2026-05-20 20:45:22] ая Боец 2: 1 урона от Маг. HP 69/70
[2026-05-20 20:45:22] нов Боец 3: 1 урона от Слабый боец. HP 45/70
[2026-05-20 20:45:22] ая Боец 3: 4 урона от Лучник. HP 21/25
[2026-05-20 20:45:22] ая Боец 2: 1 урона от Лучник. HP 69/70
[2026-05-20 20:45:22] ая Боец 1: 1 урона от Лучник. HP 69/70
[2026-05-20 20:45:22] ая Боец 2: 1 урона от Маг. HP 68/70
[2026-05-20 20:45:22] нов Боец 3: 1 урона от Слабый боец. HP 44/70
[2026-05-20 20:45:22] ая Боец 4: 1 урона от Лучник. HP 99/100
[2026-05-20 20:45:22] ая Боец 3: 4 урона от Лучник. HP 17/25
[2026-05-20 20:45:23] ая Боец 1: 1 урона от Лучник. HP 68/70
[2026-05-20 20:45:23] ая Боец 2: 1 урона от Маг. HP 69/70
[2026-05-20 20:45:23] нов Боец 3: 1 урона от Слабый боец. HP 43/70
[2026-05-20 20:45:23] ая Боец 1: 1 урона от Лучник. HP 67/70
[2026-05-20 20:45:23] ая Боец 7: 1 урона от Лучник. HP 99/100
[2026-05-20 20:45:23] ая Боец 1: 1 урона от Лучник. HP 66/70
[2026-05-20 20:45:23] ая Боец 2: 1 урона от Маг. HP 69/70
[2026-05-20 20:45:23] нов Боец 3: 1 урона от Слабый боец. HP 42/70
[2026-05-20 20:45:23] ая Боец 6: 10 урона от Лучник. HP 5/15
[2026-05-20 20:45:23] ая Боец 8: 10 урона от Лучник. HP 5/15
[2026-05-20 20:45:24] ая Боец 1: 1 урона от Лучник. HP 69/70
[2026-05-20 20:45:24] ая Боец 2: 1 урона от Маг. HP 69/70
[2026-05-20 20:45:24] нов Боец 3: 1 урона от Слабый боец. HP 41/70
[2026-05-20 20:45:24] ая Боец 2: 1 урона от Лучник. HP 69/70
[2026-05-20 20:45:24] ая Боец 2: 1 урона от Лучник. HP 68/70
[2026-05-20 20:45:24] ая Боец 1: 1 урона от Лучник. HP 69/70
[2026-05-20 20:45:24] ая Боец 2: 1 урона от Маг. HP 67/70
[2026-05-20 20:45:24] нов Боец 3: 1 урона от Слабый боец. HP 40/70
[2026-05-20 20:45:24] ая Боец 10: 8 урона от Лучник. HP 14/22
[2026-05-20 20:45:24] ая Боец 3: 4 урона от Лучник. HP 21/25
[2026-05-20 20:45:25] ая Боец 1: 1 урона от Лучник. HP 68/70
[2026-05-20 20:45:25] ая Боец 2: 1 урона от Маг. HP 66/70
[2026-05-20 20:45:25] нов Боец 3: 1 урона от Слабый боец. HP 39/70
[2026-05-20 20:45:25] ая Боец 1: 1 урона от Лучник. HP 67/70
[2026-05-20 20:45:25] ая Боец 8: 10 урона от Лучник. HP 5/15
[2026-05-20 20:45:25] ая Боец 1: 1 урона от Лучник. HP 66/70
[2026-05-20 20:45:25] ая Боец 2: 1 урона от Маг. HP 69/70
[2026-05-20 20:45:25] нов Боец 3: 1 урона от Слабый боец. HP 38/70
[2026-05-20 20:45:25] ая Боец 6: 10 урона от Лучник. HP 5/15
[2026-05-20 20:45:25] ая Боец 4: 1 урона от Лучник. HP 99/100
[2026-05-20 20:45:26] ая Боец 1: 1 урона от Лучник. HP 65/70
[2026-05-20 20:45:26] ая Боец 2: 1 урона от Маг. HP 69/70
[2026-05-20 20:45:26] нов Боец 3: 1 урона от Слабый боец. HP 37/70
[2026-05-20 20:45:26] ая Боец 2: 1 урона от Лучник. HP 69/70
[2026-05-20 20:45:26] ая Боец 7: 1 урона от Лучник. HP 99/100
[2026-05-20 20:45:26] ая Боец 1: 1 урона от Лучник. HP 64/70
[2026-05-20 20:45:26] ая Боец 2: 1 урона от Маг. HP 68/70
[2026-05-20 20:45:26] нов Боец 3: 1 урона от Слабый боец. HP 36/70
[2026-05-20 20:45:26] ая Боец 3: 4 урона от Лучник. HP 21/25
[2026-05-20 20:45:26] ая Боец 3: 4 урона от Лучник. HP 17/25
[2026-05-20 20:45:27] ая Боец 1: 1 урона от Лучник. HP 69/70
[2026-05-20 20:45:27] ая Боец 2: 1 урона от Маг. HP 69/70
[2026-05-20 20:45:27] нов Боец 3: 1 урона от Слабый боец. HP 35/70
[2026-05-20 20:45:27] ая Боец 1: 1 урона от Лучник. HP 69/70
[2026-05-20 20:45:27] ая Боец 2: 1 урона от Лучник. HP 68/70
[2026-05-20 20:45:27] ая Боец 1: 1 урона от Лучник. HP 68/70
[2026-05-20 20:45:27] ая Боец 2: 1 урона от Маг. HP 67/70
[2026-05-20 20:45:28] нов Боец 3: 1 урона от Слабый боец. HP 34/70
[2026-05-20 20:45:28] ая Боец 1: 1 урона от Лучник. HP 67/70
[2026-05-20 20:45:28] ая Боец 3: 4 урона от Лучник. HP 21/25
[2026-05-20 20:45:28] ая Боец 1: 1 урона от Лучник. HP 66/70
[2026-05-20 20:45:28] ая Боец 2: 1 урона от Маг. HP 69/70
[2026-05-20 20:45:28] нов Боец 3: 1 урона от Слабый боец. HP 33/70
[2026-05-20 20:45:28] ая Боец 3: 4 урона от Лучник. HP 21/25
[2026-05-20 20:45:28] ая Боец 4: 1 урона от Лучник. HP 99/100
[2026-05-20 20:45:29] ая Боец 1: 1 урона от Лучник. HP 69/70
[2026-05-20 20:45:29] ая Боец 2: 1 урона от Маг. HP 69/70
[2026-05-20 20:45:29] нов Боец 3: 1 урона от Слабый боец. HP 32/70
[2026-05-20 20:45:29] ая Боец 2: 1 урона от Лучник. HP 68/70
[2026-05-20 20:45:29] ая Боец 6: 10 урона от Лучник. HP 5/15
[2026-05-20 20:45:29] ая Боец 1: 1 урона от Лучник. HP 69/70
[2026-05-20 20:45:29] ая Боец 2: 1 урона от Маг. HP 67/70
[2026-05-20 20:45:29] нов Боец 3: 1 урона от Слабый боец. HP 31/70
[2026-05-20 20:45:29] ая Боец 3: 4 урона от Лучник. HP 21/25
[2026-05-20 20:45:29] ая Боец 4: 1 урона от Лучник. HP 99/100
[2026-05-20 20:45:30] ая Боец 1: 1 урона от Лучник. HP 69/70
[2026-05-20 20:45:30] ая Боец 2: 1 урона от Маг. HP 69/70
[2026-05-20 20:45:30] нов Боец 3: 1 урона от Слабый боец. HP 30/70
[2026-05-20 20:45:30] ая Боец 2: 1 урона от Лучник. HP 69/70
[2026-05-20 20:45:30] ая Боец 1: 1 урона от Лучник. HP 68/70
[2026-05-20 20:45:30] ая Боец 1: 1 урона от Лучник. HP 67/70
[2026-05-20 20:45:30] ая Боец 2: 1 урона от Маг. HP 68/70
[2026-05-20 20:45:30] нов Боец 3: 1 урона от Слабый боец. HP 29/70
[2026-05-20 20:45:30] ая Боец 3: 4 урона от Лучник. HP 21/25
[2026-05-20 20:45:30] ая Боец 1: 1 урона от Лучник. HP 66/70
[2026-05-20 20:45:31] ая Боец 1: 1 урона от Лучник. HP 65/70
[2026-05-20 20:45:31] ая Боец 2: 1 урона от Маг. HP 69/70
[2026-05-20 20:45:31] нов Боец 3: 1 урона от Слабый боец. HP 28/70
[2026-05-20 20:45:31] ая Боец 1: 1 урона от Лучник. HP 64/70
[2026-05-20 20:45:31] ая Боец 4: 1 урона от Лучник. HP 99/100
[2026-05-20 20:45:32] ая Боец 1: 1 урона от Лучник. HP 63/70
[2026-05-20 20:45:32] ая Боец 2: 1 урона от Маг. HP 69/70
[2026-05-20 20:45:32] нов Боец 3: 1 урона от Слабый боец. HP 27/70
[2026-05-20 20:45:32] ая Боец 4: 1 урона от Лучник. HP 98/100
[2026-05-20 20:45:32] ая Боец 2: 1 урона от Лучник. HP 69/70
[2026-05-20 20:45:32] ая Боец 1: 1 урона от Лучник. HP 69/70
[2026-05-20 20:45:32] ая Боец 2: 1 урона от Маг. HP 68/70
[2026-05-20 20:45:32] нов Боец 3: 1 урона от Слабый боец. HP 26/70
[2026-05-20 20:45:32] ая Боец 5: 1 урона от Лучник. HP 51/60
[2026-05-20 20:45:32] ая Боец 3: 4 урона от Лучник. HP 21/25
[2026-05-20 20:45:33] ая Боец 1: 1 урона от Лучник. HP 69/70
[2026-05-20 20:45:33] ая Боец 2: 1 урона от Маг. HP 67/70
[2026-05-20 20:45:33] нов Боец 3: 1 урона от Слабый боец. HP 25/70
[2026-05-20 20:45:33] ая Боец 2: 1 урона от Лучник. HP 66/70
[2026-05-20 20:45:33] ая Боец 5: 1 урона от Лучник. HP 50/60
[2026-05-20 20:45:33] ая Боец 1: 1 урона от Лучник. HP 69/70
[2026-05-20 20:45:33] ая Боец 2: 1 урона от Маг. HP 65/70
[2026-05-20 20:45:34] нов Боец 3: 1 урона от Слабый боец. HP 24/70
[2026-05-20 20:45:34] ая Боец 3: 4 урона от Лучник. HP 21/25
[2026-05-20 20:45:34] ая Боец 1: 1 урона от Лучник. HP 68/70
[2026-05-20 20:45:34] ая Боец 1: 1 урона от Лучник. HP 67/70
[2026-05-20 20:45:34] ая Боец 2: 1 урона от Маг. HP 69/70
[2026-05-20 20:45:34] нов Боец 3: 1 урона от Слабый боец. HP 23/70
[2026-05-20 20:45:34] ая Боец 3: 4 урона от Лучник. HP 21/25
[2026-05-20 20:45:34] ая Боец 4: 1 урона от Лучник. HP 99/100
[2026-05-20 20:45:35] ая Боец 1: 1 урона от Лучник. HP 66/70
[2026-05-20 20:45:35] ая Боец 2: 1 урона от Маг. HP 69/70
[2026-05-20 20:45:35] нов Боец 3: 1 урона от Слабый боец. HP 22/70
[2026-05-20 20:45:35] ая Боец 4: 1 урона от Лучник. HP 98/100
[2026-05-20 20:45:35] ая Боец 5: 1 урона от Лучник. HP 49/60
[2026-05-20 20:45:35] ая Боец 1: 1 урона от Лучник. HP 69/70
[2026-05-20 20:45:35] ая Боец 2: 1 урона от Маг. HP 69/70
[2026-05-20 20:45:35] нов Боец 3: 1 урона от Слабый боец. HP 21/70
[2026-05-20 20:45:36] ая Боец 1: 1 урона от Лучник. HP 69/70
[2026-05-20 20:45:36] ая Боец 7: 1 урона от Лучник. HP 99/100
[2026-05-20 20:45:36] ая Боец 1: 1 урона от Лучник. HP 69/70
[2026-05-20 20:45:36] ая Боец 2: 1 урона от Маг. HP 68/70
[2026-05-20 20:45:36] нов Боец 3: 1 урона от Слабый боец. HP 20/70
[2026-05-20 20:45:36] ая Боец 6: 10 урона от Лучник. HP 5/15
[2026-05-20 20:45:36] ая Боец 4: 1 урона от Лучник. HP 97/100
[2026-05-20 20:45:37] ая Боец 1: 1 урона от Лучник. HP 69/70
[2026-05-20 20:45:37] ая Боец 2: 1 урона от Маг. HP 69/70
[2026-05-20 20:45:37] нов Боец 3: 1 урона от Слабый боец. HP 19/70
[2026-05-20 20:45:37] ая Боец 4: 1 урона от Лучник. HP 96/100
[2026-05-20 20:45:37] ая Боец 3: 4 урона от Лучник. HP 21/25
[2026-05-20 20:45:37] ая Боец 1: 1 урона от Лучник. HP 69/70
[2026-05-20 20:45:37] ая Боец 2: 1 урона от Маг. HP 69/70
[2026-05-20 20:45:37] нов Боец 3: 1 урона от Слабый боец. HP 18/70
[2026-05-20 20:45:37] ая Боец 2: 1 урона от Лучник. HP 68/70
[2026-05-20 20:45:37] ая Боец 3: 4 урона от Лучник. HP 17/25
[2026-05-20 20:45:38] ая Боец 1: 1 урона от Лучник. HP 69/70
[2026-05-20 20:45:38] ая Боец 2: 1 урона от Маг. HP 67/70
[2026-05-20 20:45:38] нов Боец 3: 1 урона от Слабый боец. HP 17/70
[2026-05-20 20:45:38] ая Боец 4: 1 урона от Лучник. HP 99/100
[2026-05-20 20:45:38] ая Боец 1: 1 урона от Лучник. HP 69/70
[2026-05-20 20:45:39] ая Боец 1: 1 урона от Лучник. HP 68/70
[2026-05-20 20:45:39] ая Боец 2: 1 урона от Маг. HP 66/70
[2026-05-20 20:45:39] нов Боец 3: 1 урона от Слабый боец. HP 16/70
[2026-05-20 20:45:39] ая Боец 4: 1 урона от Лучник. HP 99/100
[2026-05-20 20:45:39] ая Боец 3: 4 урона от Лучник. HP 21/25
[2026-05-20 20:45:39] ая Боец 1: 1 урона от Лучник. HP 67/70
[2026-05-20 20:45:39] ая Боец 2: 1 урона от Маг. HP 69/70
[2026-05-20 20:45:39] нов Боец 3: 1 урона от Слабый боец. HP 15/70
[2026-05-20 20:45:39] ая Боец 1: 1 урона от Лучник. HP 69/70
[2026-05-20 20:45:39] ая Боец 4: 1 урона от Лучник. HP 98/100
[2026-05-20 20:45:40] ая Боец 1: 1 урона от Лучник. HP 69/70
[2026-05-20 20:45:40] ая Боец 2: 1 урона от Маг. HP 69/70
[2026-05-20 20:45:40] нов Боец 3: 1 урона от Слабый боец. HP 14/70
[2026-05-20 20:45:40] ая Боец 7: 1 урона от Лучник. HP 99/100
[2026-05-20 20:45:40] ая Боец 2: 1 урона от Лучник. HP 68/70
[2026-05-20 20:45:41] ая Боец 1: 1 урона от Лучник. HP 69/70
[2026-05-20 20:45:41] ая Боец 2: 1 урона от Маг. HP 69/70
[2026-05-20 20:45:41] нов Боец 3: 1 урона от Слабый боец. HP 13/70
[2026-05-20 20:45:41] ая Боец 3: 4 урона от Лучник. HP 21/25
[2026-05-20 20:45:41] ая Боец 6: 10 урона от Лучник. HP 5/15
[2026-05-20 20:45:41] ая Боец 1: 1 урона от Лучник. HP 69/70
[2026-05-20 20:45:41] ая Боец 2: 1 урона от Маг. HP 69/70
[2026-05-20 20:45:41] нов Боец 3: 1 урона от Слабый боец. HP 12/70
[2026-05-20 20:45:42] ая Боец 1: 1 урона от Лучник. HP 68/70
[2026-05-20 20:45:42] ая Боец 1: 1 урона от Лучник. HP 67/70
[2026-05-20 20:45:42] ая Боец 1: 1 урона от Лучник. HP 66/70
[2026-05-20 20:45:42] ая Боец 2: 1 урона от Маг. HP 69/70
[2026-05-20 20:45:42] нов Боец 3: 1 урона от Слабый боец. HP 11/70
[2026-05-20 20:45:42] ая Боец 6: 10 урона от Лучник. HP 0/15
[2026-05-20 20:45:42] ая Боец 6 убит Лучник
[2026-05-20 20:45:42] ая Боец 2: 1 урона от Лучник. HP 68/70
[2026-05-20 20:45:43] ая Боец 1: 1 урона от Лучник. HP 69/70
[2026-05-20 20:45:43] ая Боец 2: 1 урона от Маг. HP 69/70
[2026-05-20 20:45:43] нов Боец 3: 1 урона от Слабый боец. HP 10/70
[2026-05-20 20:45:43] ая Боец 3: 4 урона от Лучник. HP 21/25
[2026-05-20 20:45:43] ая Боец 1: 1 урона от Лучник. HP 68/70
[2026-05-20 20:45:44] ая Боец 1: 1 урона от Лучник. HP 69/70
[2026-05-20 20:45:44] ая Боец 2: 1 урона от Маг. HP 69/70
[2026-05-20 20:45:44] нов Боец 3: 1 урона от Слабый боец. HP 9/70
[2026-05-20 20:45:44] ая Боец 2: 1 урона от Лучник. HP 68/70
[2026-05-20 20:45:44] ая Боец 1: 1 урона от Лучник. HP 69/70
[2026-05-20 20:45:44] ая Боец 1: 1 урона от Лучник. HP 68/70
[2026-05-20 20:45:44] ая Боец 2: 1 урона от Маг. HP 67/70
[2026-05-20 20:45:44] нов Боец 3: 1 урона от Слабый боец. HP 8/70
[2026-05-20 20:45:44] ая Боец 4: 1 урона от Лучник. HP 99/100
[2026-05-20 20:45:44] ая Боец 3: 4 урона от Лучник. HP 17/25
[2026-05-20 20:45:45] ая Боец 1: 1 урона от Лучник. HP 69/70
[2026-05-20 20:45:45] ая Боец 2: 1 урона от Маг. HP 66/70
[2026-05-20 20:45:45] нов Боец 3: 1 урона от Слабый боец. HP 7/70
[2026-05-20 20:45:45] ая Боец 1: 1 урона от Лучник. HP 69/70
[2026-05-20 20:45:45] ая Боец 1: 1 урона от Лучник. HP 68/70
[2026-05-20 20:45:46] ая Боец 1: 1 урона от Лучник. HP 67/70
[2026-05-20 20:45:46] ая Боец 2: 1 урона от Маг. HP 65/70
[2026-05-20 20:45:46] нов Боец 3: 1 урона от Слабый боец. HP 6/70
[2026-05-20 20:45:46] ая Боец 4: 1 урона от Лучник. HP 99/100
[2026-05-20 20:45:46] ая Боец 3: 4 урона от Лучник. HP 21/25
[2026-05-20 20:45:46] ая Боец 1: 1 урона от Лучник. HP 69/70
[2026-05-20 20:45:47] ая Боец 2: 1 урона от Маг. HP 64/70
[2026-05-20 20:45:47] нов Боец 3: 1 урона от Слабый боец. HP 5/70
[2026-05-20 20:45:47] ая Боец 1: 1 урона от Лучник. HP 69/70
[2026-05-20 20:45:47] ая Боец 3: 4 урона от Лучник. HP 17/25
[2026-05-20 20:45:47] ая Боец 1: 1 урона от Лучник. HP 68/70
[2026-05-20 20:45:47] ая Боец 2: 1 урона от Маг. HP 63/70
[2026-05-20 20:45:47] нов Боец 3: 1 урона от Слабый боец. HP 4/70
[2026-05-20 20:45:47] ая Боец 4: 1 урона от Лучник. HP 99/100
[2026-05-20 20:45:47] ая Боец 1: 1 урона от Лучник. HP 67/70
[2026-05-20 20:45:48] ая Боец 1: 1 урона от Лучник. HP 69/70
[2026-05-20 20:45:48] ая Боец 2: 1 урона от Маг. HP 62/70
[2026-05-20 20:45:48] нов Боец 3: 1 урона от Слабый боец. HP 3/70
[2026-05-20 20:45:48] ая Боец 1: 1 урона от Лучник. HP 69/70
[2026-05-20 20:45:48] ая Боец 1: 1 урона от Лучник. HP 68/70
[2026-05-20 20:45:49] ая Боец 1: 1 урона от Лучник. HP 67/70
[2026-05-20 20:45:49] ая Боец 2: 1 урона от Маг. HP 61/70
[2026-05-20 20:45:49] нов Боец 3: 1 урона от Слабый боец. HP 2/70
[2026-05-20 20:45:49] ая Боец 3: 4 урона от Лучник. HP 21/25
[2026-05-20 20:45:49] ая Боец 1: 1 урона от Лучник. HP 66/70
[2026-05-20 20:45:50] ая Боец 1: 1 урона от Лучник. HP 65/70
[2026-05-20 20:45:50] ая Боец 2: 1 урона от Маг. HP 60/70
[2026-05-20 20:45:50] нов Боец 3: 1 урона от Слабый боец. HP 1/70
[2026-05-20 20:45:50] ая Боец 3: 4 урона от Лучник. HP 21/25
[2026-05-20 20:45:50] ая Боец 3: 4 урона от Лучник. HP 17/25
[2026-05-20 20:45:50] ая Боец 1: 1 урона от Лучник. HP 69/70
[2026-05-20 20:45:50] ая Боец 2: 1 урона от Маг. HP 69/70
[2026-05-20 20:45:51] нов Боец 3: 1 урона от Слабый боец. HP 0/70
[2026-05-20 20:45:51] нов Боец 3 убит Слабый боец
[2026-05-20 20:45:51] ая Боец 2: 1 урона от Лучник. HP 68/70
[2026-05-20 20:45:51] ая Боец 3: 4 урона от Лучник. HP 21/25
[2026-05-20 20:45:51] ая Боец 1: 1 урона от Лучник. HP 68/70
[2026-05-20 20:45:51] ая Боец 2: 1 урона от Маг. HP 67/70
[2026-05-20 20:45:51] ая Боец 3: 2 урона от Слабый боец. HP 19/25
[2026-05-20 20:45:52] ая Боец 1: 1 урона от Лучник. HP 67/70
[2026-05-20 20:45:52] ая Боец 3: 4 урона от Лучник. HP 15/25
[2026-05-20 20:45:52] ая Боец 1: 1 урона от Лучник. HP 66/70
[2026-05-20 20:45:52] ая Боец 2: 1 урона от Маг. HP 69/70
[2026-05-20 20:45:52] ая Боец 3: 2 урона от Слабый боец. HP 13/25
[2026-05-20 20:45:53] ая Боец 2: 1 урона от Лучник. HP 68/70
[2026-05-20 20:45:53] ая Боец 3: 4 урона от Лучник. HP 9/25
[2026-05-20 20:45:53] ая Боец 1: 1 урона от Лучник. HP 65/70
[2026-05-20 20:45:53] ая Боец 2: 1 урона от Маг. HP 69/70
[2026-05-20 20:45:53] ая Боец 3: 2 урона от Слабый боец. HP 7/25
[2026-05-20 20:45:53] ая Боец 5: 1 урона от Лучник. HP 48/60
[2026-05-20 20:45:53] ая Боец 1: 1 урона от Лучник. HP 69/70
[2026-05-20 20:45:54] ая Боец 1: 1 урона от Лучник. HP 68/70
[2026-05-20 20:45:54] ая Боец 2: 1 урона от Маг. HP 69/70
[2026-05-20 20:45:54] ая Боец 3: 2 урона от Слабый боец. HP 5/25
[2026-05-20 20:45:54] ая Боец 2: 1 урона от Лучник. HP 69/70
[2026-05-20 20:45:54] ая Боец 1: 1 урона от Лучник. HP 69/70
[2026-05-20 20:45:55] ая Боец 1: 1 урона от Лучник. HP 69/70
[2026-05-20 20:45:55] ая Боец 2: 1 урона от Маг. HP 68/70
[2026-05-20 20:45:55] ая Боец 3: 2 урона от Слабый боец. HP 23/25
[2026-05-20 20:45:55] ая Боец 3: 4 урона от Лучник. HP 19/25
[2026-05-20 20:45:55] ая Боец 1: 1 урона от Лучник. HP 69/70
[2026-05-20 20:45:56] ая Боец 1: 1 урона от Лучник. HP 68/70
[2026-05-20 20:45:56] ая Боец 2: 1 урона от Маг. HP 67/70
[2026-05-20 20:45:56] ая Боец 3: 2 урона от Слабый боец. HP 17/25
[2026-05-20 20:45:56] ая Боец 1: 1 урона от Лучник. HP 69/70
[2026-05-20 20:45:56] ая Боец 3: 4 урона от Лучник. HP 13/25
[2026-05-20 20:45:57] ая Боец 1: 1 урона от Лучник. HP 69/70
[2026-05-20 20:45:57] ая Боец 2: 1 урона от Маг. HP 66/70
[2026-05-20 20:45:57] ая Боец 3: 2 урона от Слабый боец. HP 11/25
[2026-05-20 20:45:57] ая Боец 1: 1 урона от Лучник. HP 69/70
[2026-05-20 20:45:57] ая Боец 1: 1 урона от Лучник. HP 68/70
[2026-05-20 20:45:58] ая Боец 1: 1 урона от Лучник. HP 67/70
[2026-05-20 20:45:58] ая Боец 2: 1 урона от Маг. HP 69/70
[2026-05-20 20:45:58] ая Боец 3: 2 урона от Слабый боец. HP 9/25
[2026-05-20 20:45:58] ая Боец 1: 1 урона от Лучник. HP 66/70
[2026-05-20 20:45:58] ая Боец 1: 1 урона от Лучник. HP 65/70
[2026-05-20 20:45:59] ая Боец 1: 1 урона от Лучник. HP 64/70
[2026-05-20 20:45:59] ая Боец 2: 1 урона от Маг. HP 69/70
[2026-05-20 20:45:59] ая Боец 3: 2 урона от Слабый боец. HP 7/25
[2026-05-20 20:45:59] ая Боец 7: 1 урона от Лучник. HP 99/100
[2026-05-20 20:45:59] ая Боец 5: 1 урона от Лучник. HP 47/60
[2026-05-20 20:46:00] ая Боец 1: 1 урона от Лучник. HP 63/70
[2026-05-20 20:46:00] ая Боец 2: 1 урона от Маг. HP 68/70
[2026-05-20 20:46:00] ая Боец 3: 2 урона от Слабый боец. HP 5/25
[2026-05-20 20:46:00] ая Боец 3: 4 урона от Лучник. HP 1/25
[2026-05-20 20:46:00] ая Боец 2: 1 урона от Лучник. HP 67/70
[2026-05-20 20:46:01] ая Боец 1: 1 урона от Лучник. HP 62/70
[2026-05-20 20:46:01] ая Боец 2: 1 урона от Маг. HP 66/70
[2026-05-20 20:46:01] ая Боец 3: 2 урона от Слабый боец. HP 0/25
[2026-05-20 20:46:01] ая Боец 3 убит Слабый боец
[2026-05-20 20:46:01] ая Боец 2: 1 урона от Лучник. HP 65/70
[2026-05-20 20:46:01] ая Боец 2: 1 урона от Лучник. HP 64/70
[2026-05-20 20:46:02] ая Боец 1: 1 урона от Лучник. HP 69/70
[2026-05-20 20:46:02] ая Боец 2: 1 урона от Маг. HP 69/70
[2026-05-20 20:46:02] ая Боец 4: 1 урона от Слабый боец. HP 99/100
[2026-05-20 20:46:02] ая Боец 7: 1 урона от Лучник. HP 99/100
[2026-05-20 20:46:02] ая Боец 1: 1 урона от Лучник. HP 68/70
[2026-05-20 20:46:03] ая Боец 1: 1 урона от Лучник. HP 67/70
[2026-05-20 20:46:03] ая Боец 2: 1 урона от Маг. HP 69/70
[2026-05-20 20:46:03] ая Боец 4: 1 урона от Слабый боец. HP 98/100
[2026-05-20 20:46:03] ая Боец 2: 1 урона от Лучник. HP 68/70
[2026-05-20 20:46:03] ая Боец 4: 1 урона от Лучник. HP 99/100
[2026-05-20 20:46:04] ая Боец 1: 1 урона от Лучник. HP 69/70
[2026-05-20 20:46:04] ая Боец 2: 1 урона от Маг. HP 69/70
[2026-05-20 20:46:04] ая Боец 4: 1 урона от Слабый боец. HP 98/100
[2026-05-20 20:46:04] ая Боец 10: 8 урона от Лучник. HP 14/22
[2026-05-20 20:46:04] ая Боец 5: 1 урона от Лучник. HP 46/60
[2026-05-20 20:46:05] ая Боец 1: 1 урона от Лучник. HP 69/70
[2026-05-20 20:46:05] ая Боец 2: 1 урона от Маг. HP 69/70
[2026-05-20 20:46:05] ая Боец 4: 1 урона от Слабый боец. HP 97/100
[2026-05-20 20:46:05] ая Боец 7: 1 урона от Лучник. HP 98/100
[2026-05-20 20:46:05] ая Боец 2: 1 урона от Лучник. HP 69/70
[2026-05-20 20:46:05] ая Боец 1: 1 урона от Лучник. HP 68/70
[2026-05-20 20:46:06] ая Боец 2: 1 урона от Маг. HP 69/70
[2026-05-20 20:46:06] ая Боец 4: 1 урона от Слабый боец. HP 99/100
[2026-05-20 20:46:06] ая Боец 4: 1 урона от Лучник. HP 99/100
[2026-05-20 20:46:06] ая Боец 5: 1 урона от Лучник. HP 45/60
[2026-05-20 20:46:06] ая Боец 1: 1 урона от Лучник. HP 67/70
[2026-05-20 20:46:06] ая Боец 2: 1 урона от Маг. HP 69/70
[2026-05-20 20:46:07] ая Боец 4: 1 урона от Слабый боец. HP 98/100
[2026-05-20 20:46:07] ая Боец 5: 1 урона от Лучник. HP 44/60
[2026-05-20 20:46:07] ая Боец 1: 1 урона от Лучник. HP 66/70
[2026-05-20 20:46:07] ая Боец 1: 1 урона от Лучник. HP 65/70
[2026-05-20 20:46:07] ая Боец 2: 1 урона от Маг. HP 69/70
[2026-05-20 20:46:08] ая Боец 4: 1 урона от Слабый боец. HP 99/100
[2026-05-20 20:46:08] ая Боец 5: 1 урона от Лучник. HP 43/60
[2026-05-20 20:46:08] ая Боец 7: 1 урона от Лучник. HP 97/100
[2026-05-20 20:46:08] ая Боец 1: 1 урона от Лучник. HP 64/70
[2026-05-20 20:46:08] ая Боец 2: 1 урона от Маг. HP 69/70
[2026-05-20 20:46:09] ая Боец 4: 1 урона от Слабый боец. HP 98/100
[2026-05-20 20:46:09] ая Боец 1: 1 урона от Лучник. HP 69/70
[2026-05-20 20:46:09] ая Боец 8: 10 урона от Лучник. HP 5/15
[2026-05-20 20:46:09] ая Боец 1: 1 урона от Лучник. HP 68/70
[2026-05-20 20:46:09] ая Боец 2: 1 урона от Маг. HP 68/70
[2026-05-20 20:46:10] ая Боец 4: 1 урона от Слабый боец. HP 99/100
[2026-05-20 20:46:10] ая Боец 2: 1 урона от Лучник. HP 67/70
[2026-05-20 20:46:10] ая Боец 4: 1 урона от Лучник. HP 98/100
[2026-05-20 20:46:10] ая Боец 1: 1 урона от Лучник. HP 67/70
[2026-05-20 20:46:10] ая Боец 2: 1 урона от Маг. HP 69/70
[2026-05-20 20:46:10] ая Боец 4: 1 урона от Слабый боец. HP 97/100
[2026-05-20 20:46:11] ая Боец 9: 1 урона от Лучник. HP 99/100
[2026-05-20 20:46:11] ая Боец 2: 1 урона от Лучник. HP 69/70
[2026-05-20 20:46:11] ая Боец 1: 1 урона от Лучник. HP 69/70
[2026-05-20 20:46:11] ая Боец 2: 1 урона от Маг. HP 68/70
[2026-05-20 20:46:11] ая Боец 4: 1 урона от Слабый боец. HP 99/100
[2026-05-20 20:46:12] ая Боец 1: 1 урона от Лучник. HP 68/70
[2026-05-20 20:46:12] ая Боец 1: 1 урона от Лучник. HP 67/70
[2026-05-20 20:46:12] ая Боец 1: 1 урона от Лучник. HP 66/70
[2026-05-20 20:46:12] ая Боец 2: 1 урона от Маг. HP 69/70
[2026-05-20 20:46:12] ая Боец 4: 1 урона от Слабый боец. HP 99/100
[2026-05-20 20:46:12] ая Боец 1: 1 урона от Лучник. HP 69/70
[2026-05-20 20:46:12] ая Боец 2: 1 урона от Лучник. HP 68/70
[2026-05-20 20:46:13] ая Боец 1: 1 урона от Лучник. HP 68/70
[2026-05-20 20:46:13] ая Боец 2: 1 урона от Маг. HP 67/70
[2026-05-20 20:46:13] ая Боец 4: 1 урона от Слабый боец. HP 98/100
[2026-05-20 20:46:13] ая Боец 2: 1 урона от Лучник. HP 66/70
[2026-05-20 20:46:13] ая Боец 1: 1 урона от Лучник. HP 69/70
[2026-05-20 20:46:14] ая Боец 1: 1 урона от Лучник. HP 68/70
[2026-05-20 20:46:14] ая Боец 2: 1 урона от Маг. HP 65/70
[2026-05-20 20:46:14] ая Боец 4: 1 урона от Слабый боец. HP 97/100
[2026-05-20 20:46:14] ая Боец 5: 1 урона от Лучник. HP 42/60
[2026-05-20 20:46:14] ая Боец 8: 10 урона от Лучник. HP 0/15
[2026-05-20 20:46:14] ая Боец 8 убит Лучник
[2026-05-20 20:46:15] ая Боец 1: 1 урона от Лучник. HP 69/70
[2026-05-20 20:46:15] ая Боец 2: 1 урона от Маг. HP 64/70
[2026-05-20 20:46:15] ая Боец 4: 1 урона от Слабый боец. HP 99/100
[2026-05-20 20:46:15] ая Боец 2: 1 урона от Лучник. HP 63/70
[2026-05-20 20:46:15] ая Боец 1: 1 урона от Лучник. HP 68/70
[2026-05-20 20:46:16] ая Боец 1: 1 урона от Лучник. HP 67/70
[2026-05-20 20:46:16] ая Боец 2: 1 урона от Маг. HP 62/70
[2026-05-20 20:46:16] ая Боец 4: 1 урона от Слабый боец. HP 98/100
[2026-05-20 20:46:16] ая Боец 1: 1 урона от Лучник. HP 66/70
[2026-05-20 20:46:16] ая Боец 7: 1 урона от Лучник. HP 99/100
[2026-05-20 20:46:17] ая Боец 1: 1 урона от Лучник. HP 65/70
[2026-05-20 20:46:17] ая Боец 2: 1 урона от Маг. HP 61/70
[2026-05-20 20:46:17] ая Боец 4: 1 урона от Слабый боец. HP 97/100
[2026-05-20 20:46:18] ая Боец 1: 1 урона от Лучник. HP 64/70
[2026-05-20 20:46:18] ая Боец 5: 1 урона от Лучник. HP 41/60
[2026-05-20 20:46:18] ая Боец 1: 1 урона от Лучник. HP 63/70
[2026-05-20 20:46:18] ая Боец 2: 1 урона от Маг. HP 60/70
[2026-05-20 20:46:19] ая Боец 4: 1 урона от Слабый боец. HP 96/100
[2026-05-20 20:46:19] ая Боец 4: 1 урона от Лучник. HP 95/100
[2026-05-20 20:46:19] ая Боец 2: 1 урона от Лучник. HP 59/70
[2026-05-20 20:46:19] ая Боец 1: 1 урона от Лучник. HP 62/70
[2026-05-20 20:46:20] ая Боец 2: 1 урона от Маг. HP 58/70
[2026-05-20 20:46:20] ая Боец 4: 1 урона от Слабый боец. HP 94/100
[2026-05-20 20:46:20] ая Боец 7: 1 урона от Лучник. HP 98/100
[2026-05-20 20:46:20] ая Боец 1: 1 урона от Лучник. HP 61/70
[2026-05-20 20:46:20] ая Боец 1: 1 урона от Лучник. HP 60/70
[2026-05-20 20:46:21] ая Боец 2: 1 урона от Маг. HP 57/70
[2026-05-20 20:46:21] ая Боец 4: 1 урона от Слабый боец. HP 93/100
[2026-05-20 20:46:21] ая Боец 4: 1 урона от Лучник. HP 92/100
[2026-05-20 20:46:21] ая Боец 2: 1 урона от Лучник. HP 56/70
[2026-05-20 20:46:22] ая Боец 1: 1 урона от Лучник. HP 59/70
[2026-05-20 20:46:22] ая Боец 2: 1 урона от Маг. HP 55/70
[2026-05-20 20:46:22] ая Боец 4: 1 урона от Слабый боец. HP 91/100
[2026-05-20 20:46:22] ая Боец 9: 1 урона от Лучник. HP 99/100
[2026-05-20 20:46:22] ая Боец 1: 1 урона от Лучник. HP 58/70
[2026-05-20 20:46:23] ая Боец 1: 1 урона от Лучник. HP 57/70
[2026-05-20 20:46:23] ая Боец 2: 1 урона от Маг. HP 54/70
[2026-05-20 20:46:23] ая Боец 4: 1 урона от Слабый боец. HP 90/100
[2026-05-20 20:46:23] ая Боец 5: 1 урона от Лучник. HP 40/60
[2026-05-20 20:46:23] ая Боец 9: 1 урона от Лучник. HP 98/100
[2026-05-20 20:46:24] ая Боец 1: 1 урона от Лучник. HP 56/70
[2026-05-20 20:46:24] ая Боец 2: 1 урона от Маг. HP 53/70
[2026-05-20 20:46:24] ая Боец 4: 1 урона от Слабый боец. HP 89/100
[2026-05-20 20:46:24] ая Боец 4: 1 урона от Лучник. HP 88/100
[2026-05-20 20:46:24] ая Боец 2: 1 урона от Лучник. HP 52/70
[2026-05-20 20:46:25] ая Боец 1: 1 урона от Лучник. HP 55/70
[2026-05-20 20:46:25] ая Боец 2: 1 урона от Маг. HP 51/70
[2026-05-20 20:46:25] ая Боец 4: 1 урона от Слабый боец. HP 87/100
[2026-05-20 20:46:25] ая Боец 5: 1 урона от Лучник. HP 39/60
[2026-05-20 20:46:25] ая Боец 9: 1 урона от Лучник. HP 97/100
[2026-05-20 20:46:26] ая Боец 1: 1 урона от Лучник. HP 54/70
[2026-05-20 20:46:26] ая Боец 2: 1 урона от Маг. HP 50/70
[2026-05-20 20:46:26] ая Боец 4: 1 урона от Слабый боец. HP 86/100
[2026-05-20 20:46:26] ая Боец 1: 1 урона от Лучник. HP 53/70
[2026-05-20 20:46:26] ая Боец 5: 1 урона от Лучник. HP 38/60
[2026-05-20 20:46:27] ая Боец 1: 1 урона от Лучник. HP 52/70
[2026-05-20 20:46:27] ая Боец 2: 1 урона от Маг. HP 49/70
[2026-05-20 20:46:27] ая Боец 4: 1 урона от Слабый боец. HP 85/100
[2026-05-20 20:46:27] ая Боец 1: 1 урона от Лучник. HP 51/70
[2026-05-20 20:46:27] ая Боец 1: 1 урона от Лучник. HP 50/70
[2026-05-20 20:46:28] ая Боец 1: 1 урона от Лучник. HP 49/70
[2026-05-20 20:46:28] ая Боец 2: 1 урона от Маг. HP 48/70
[2026-05-20 20:46:28] ая Боец 4: 1 урона от Слабый боец. HP 84/100
[2026-05-20 20:46:28] ая Боец 1: 1 урона от Лучник. HP 48/70
[2026-05-20 20:46:28] ая Боец 7: 1 урона от Лучник. HP 97/100
[2026-05-20 20:46:29] ая Боец 1: 1 урона от Лучник. HP 47/70
[2026-05-20 20:46:29] ая Боец 2: 1 урона от Маг. HP 47/70
[2026-05-20 20:46:29] ая Боец 4: 1 урона от Слабый боец. HP 83/100
[2026-05-20 20:46:30] ая Боец 2: 1 урона от Лучник. HP 46/70
[2026-05-20 20:46:30] ая Боец 1: 1 урона от Лучник. HP 46/70
[2026-05-20 20:46:30] ая Боец 1: 1 урона от Лучник. HP 45/70
[2026-05-20 20:46:30] ая Боец 2: 1 урона от Маг. HP 45/70
[2026-05-20 20:46:31] ая Боец 4: 1 урона от Слабый боец. HP 82/100
[2026-05-20 20:46:31] ая Боец 1: 1 урона от Лучник. HP 44/70
[2026-05-20 20:46:31] ая Боец 1: 1 урона от Лучник. HP 43/70
[2026-05-20 20:46:32] ая Боец 1: 1 урона от Лучник. HP 42/70
[2026-05-20 20:46:32] ая Боец 2: 1 урона от Маг. HP 44/70
[2026-05-20 20:46:32] ая Боец 4: 1 урона от Слабый боец. HP 81/100
[2026-05-20 20:46:32] ая Боец 1: 1 урона от Лучник. HP 41/70
[2026-05-20 20:46:32] ая Боец 7: 1 урона от Лучник. HP 96/100
[2026-05-20 20:46:33] ая Боец 1: 1 урона от Лучник. HP 40/70
[2026-05-20 20:46:33] ая Боец 2: 1 урона от Маг. HP 43/70
[2026-05-20 20:46:33] ая Боец 4: 1 урона от Слабый боец. HP 80/100
[2026-05-20 20:46:33] ая Боец 1: 1 урона от Лучник. HP 39/70
[2026-05-20 20:46:33] ая Боец 5: 1 урона от Лучник. HP 37/60
[2026-05-20 20:46:34] ая Боец 1: 1 урона от Лучник. HP 38/70
[2026-05-20 20:46:34] ая Боец 2: 1 урона от Маг. HP 42/70
[2026-05-20 20:46:34] ая Боец 4: 1 урона от Слабый боец. HP 79/100
[2026-05-20 20:46:34] ая Боец 4: 1 урона от Лучник. HP 78/100
[2026-05-20 20:46:34] ая Боец 2: 1 урона от Лучник. HP 41/70
[2026-05-20 20:46:35] ая Боец 1: 1 урона от Лучник. HP 37/70
[2026-05-20 20:46:35] ая Боец 2: 1 урона от Маг. HP 40/70
[2026-05-20 20:46:35] ая Боец 4: 1 урона от Слабый боец. HP 77/100
[2026-05-20 20:46:35] ая Боец 1: 1 урона от Лучник. HP 36/70
[2026-05-20 20:46:35] ая Боец 1: 1 урона от Лучник. HP 35/70
[2026-05-20 20:46:36] ая Боец 1: 1 урона от Лучник. HP 34/70
[2026-05-20 20:46:36] ая Боец 2: 1 урона от Маг. HP 39/70
[2026-05-20 20:46:36] ая Боец 4: 1 урона от Слабый боец. HP 76/100
[2026-05-20 20:46:36] ая Боец 5: 1 урона от Лучник. HP 36/60
[2026-05-20 20:46:36] ая Боец 10: 8 урона от Лучник. HP 14/22
[2026-05-20 20:46:37] ая Боец 1: 1 урона от Лучник. HP 33/70
[2026-05-20 20:46:38] ая Боец 2: 1 урона от Маг. HP 38/70
[2026-05-20 20:46:38] ая Боец 4: 1 урона от Слабый боец. HP 75/100
[2026-05-20 20:46:38] ая Боец 5: 1 урона от Лучник. HP 35/60
[2026-05-20 20:46:38] ая Боец 9: 1 урона от Лучник. HP 96/100
[2026-05-20 20:46:39] ая Боец 1: 1 урона от Лучник. HP 32/70
[2026-05-20 20:46:39] ая Боец 2: 1 урона от Маг. HP 37/70
[2026-05-20 20:46:39] ая Боец 4: 1 урона от Слабый боец. HP 74/100
[2026-05-20 20:46:39] ая Боец 1: 1 урона от Лучник. HP 31/70
[2026-05-20 20:46:39] ая Боец 1: 1 урона от Лучник. HP 30/70
[2026-05-20 20:46:40] ая Боец 1: 1 урона от Лучник. HP 29/70
[2026-05-20 20:46:40] ая Боец 2: 1 урона от Маг. HP 36/70
[2026-05-20 20:46:40] ая Боец 4: 1 урона от Слабый боец. HP 73/100
[2026-05-20 20:46:40] ая Боец 1: 1 урона от Лучник. HP 28/70
[2026-05-20 20:46:40] ая Боец 2: 1 урона от Лучник. HP 35/70
[2026-05-20 20:46:41] ая Боец 1: 1 урона от Лучник. HP 27/70
[2026-05-20 20:46:41] ая Боец 2: 1 урона от Маг. HP 34/70
[2026-05-20 20:46:41] ая Боец 4: 1 урона от Слабый боец. HP 72/100
[2026-05-20 20:46:41] ая Боец 2: 1 урона от Лучник. HP 33/70
[2026-05-20 20:46:41] ая Боец 2: 1 урона от Лучник. HP 32/70
[2026-05-20 20:46:42] ая Боец 1: 1 урона от Лучник. HP 26/70
[2026-05-20 20:46:43] ая Боец 2: 1 урона от Маг. HP 31/70
[2026-05-20 20:46:43] ая Боец 4: 1 урона от Слабый боец. HP 71/100
[2026-05-20 20:46:43] ая Боец 2: 1 урона от Лучник. HP 30/70
[2026-05-20 20:46:43] ая Боец 2: 1 урона от Лучник. HP 29/70
[2026-05-20 20:46:44] ая Боец 1: 1 урона от Лучник. HP 25/70
[2026-05-20 20:46:44] ая Боец 2: 1 урона от Маг. HP 28/70
[2026-05-20 20:46:44] ая Боец 4: 1 урона от Слабый боец. HP 70/100
[2026-05-20 20:46:44] ая Боец 7: 1 урона от Лучник. HP 95/100
[2026-05-20 20:46:44] ая Боец 2: 1 урона от Лучник. HP 27/70
[2026-05-20 20:46:45] ая Боец 1: 1 урона от Лучник. HP 24/70
[2026-05-20 20:46:45] ая Боец 2: 1 урона от Маг. HP 26/70
[2026-05-20 20:46:45] ая Боец 4: 1 урона от Слабый боец. HP 69/100
[2026-05-20 20:46:45] ая Боец 1: 1 урона от Лучник. HP 23/70
[2026-05-20 20:46:45] ая Боец 2: 1 урона от Лучник. HP 25/70
[2026-05-20 20:46:46] ая Боец 1: 1 урона от Лучник. HP 22/70
[2026-05-20 20:46:46] ая Боец 2: 1 урона от Маг. HP 24/70
[2026-05-20 20:46:46] ая Боец 4: 1 урона от Слабый боец. HP 68/100
[2026-05-20 20:46:47] ая Боец 5: 1 урона от Лучник. HP 34/60
[2026-05-20 20:46:47] ая Боец 4: 1 урона от Лучник. HP 67/100
[2026-05-20 20:46:48] ая Боец 1: 1 урона от Лучник. HP 21/70
[2026-05-20 20:46:48] ая Боец 2: 1 урона от Маг. HP 23/70
[2026-05-20 20:46:48] ая Боец 4: 1 урона от Слабый боец. HP 66/100
[2026-05-20 20:46:48] ая Боец 2: 1 урона от Лучник. HP 22/70
[2026-05-20 20:46:48] ая Боец 5: 1 урона от Лучник. HP 33/60
[2026-05-20 20:46:49] ая Боец 1: 1 урона от Лучник. HP 20/70
[2026-05-20 20:46:49] ая Боец 2: 1 урона от Маг. HP 21/70
[2026-05-20 20:46:49] ая Боец 4: 1 урона от Слабый боец. HP 65/100
[2026-05-20 20:46:49] ая Боец 5: 1 урона от Лучник. HP 32/60
[2026-05-20 20:46:49] ая Боец 2: 1 урона от Лучник. HP 20/70
[2026-05-20 20:46:50] ая Боец 1: 1 урона от Лучник. HP 19/70
[2026-05-20 20:46:50] ая Боец 2: 1 урона от Маг. HP 19/70
[2026-05-20 20:46:50] ая Боец 4: 1 урона от Слабый боец. HP 64/100
[2026-05-20 20:46:50] ая Боец 1: 1 урона от Лучник. HP 18/70
[2026-05-20 20:46:50] ая Боец 1: 1 урона от Лучник. HP 17/70
[2026-05-20 20:46:52] ая Боец 1: 1 урона от Лучник. HP 16/70
[2026-05-20 20:46:52] ая Боец 2: 1 урона от Маг. HP 18/70
[2026-05-20 20:46:52] ая Боец 4: 1 урона от Слабый боец. HP 63/100
[2026-05-20 20:46:52] ая Боец 5: 1 урона от Лучник. HP 31/60
[2026-05-20 20:46:52] ая Боец 1: 1 урона от Лучник. HP 15/70
[2026-05-20 20:46:53] ая Боец 1: 1 урона от Лучник. HP 14/70
[2026-05-20 20:46:53] ая Боец 2: 1 урона от Маг. HP 17/70
[2026-05-20 20:46:53] ая Боец 4: 1 урона от Слабый боец. HP 62/100
[2026-05-20 20:46:53] ая Боец 1: 1 урона от Лучник. HP 13/70
[2026-05-20 20:46:53] ая Боец 2: 1 урона от Лучник. HP 16/70
[2026-05-20 20:46:54] ая Боец 1: 1 урона от Лучник. HP 12/70
[2026-05-20 20:46:54] ая Боец 2: 1 урона от Маг. HP 15/70
[2026-05-20 20:46:55] ая Боец 4: 1 урона от Слабый боец. HP 61/100
[2026-05-20 20:46:55] ая Боец 2: 1 урона от Лучник. HP 14/70
[2026-05-20 20:46:55] ая Боец 1: 1 урона от Лучник. HP 11/70
[2026-05-20 20:46:56] ая Боец 1: 1 урона от Лучник. HP 10/70
[2026-05-20 20:46:56] ая Боец 2: 1 урона от Маг. HP 13/70
[2026-05-20 20:46:56] ая Боец 4: 1 урона от Слабый боец. HP 60/100
[2026-05-20 20:46:56] ая Боец 1: 1 урона от Лучник. HP 9/70
[2026-05-20 20:46:56] ая Боец 2: 1 урона от Лучник. HP 12/70
[2026-05-20 20:46:57] ая Боец 1: 1 урона от Лучник. HP 8/70
[2026-05-20 20:46:57] ая Боец 2: 1 урона от Маг. HP 11/70
[2026-05-20 20:46:57] ая Боец 4: 1 урона от Слабый боец. HP 59/100
[2026-05-20 20:46:57] ая Боец 1: 1 урона от Лучник. HP 7/70
[2026-05-20 20:46:57] ая Боец 4: 1 урона от Лучник. HP 58/100
[2026-05-20 20:46:58] ая Боец 1: 1 урона от Лучник. HP 6/70
[2026-05-20 20:46:59] ая Боец 2: 1 урона от Маг. HP 10/70
[2026-05-20 20:46:59] ая Боец 4: 1 урона от Слабый боец. HP 57/100
[2026-05-20 20:46:59] ая Боец 1: 1 урона от Лучник. HP 5/70
[2026-05-20 20:46:59] ая Боец 4: 1 урона от Лучник. HP 56/100
[2026-05-20 20:47:00] ая Боец 1: 1 урона от Лучник. HP 4/70
[2026-05-20 20:47:00] ая Боец 2: 1 урона от Маг. HP 9/70
[2026-05-20 20:47:00] ая Боец 4: 1 урона от Слабый боец. HP 55/100
[2026-05-20 20:47:00] ая Боец 5: 1 урона от Лучник. HP 30/60
[2026-05-20 20:47:00] ая Боец 1: 1 урона от Лучник. HP 3/70
[2026-05-20 20:47:01] ая Боец 1: 1 урона от Лучник. HP 2/70
[2026-05-20 20:47:01] ая Боец 2: 1 урона от Маг. HP 8/70
[2026-05-20 20:47:01] ая Боец 4: 1 урона от Слабый боец. HP 54/100
[2026-05-20 20:47:01] ая Боец 4: 1 урона от Лучник. HP 53/100
[2026-05-20 20:47:01] ая Боец 2: 1 урона от Лучник. HP 7/70
[2026-05-20 20:47:03] ая Боец 1: 1 урона от Лучник. HP 1/70
[2026-05-20 20:47:03] ая Боец 2: 1 урона от Маг. HP 6/70
[2026-05-20 20:47:03] ая Боец 4: 1 урона от Слабый боец. HP 52/100
[2026-05-20 20:47:03] ая Боец 1: 1 урона от Лучник. HP 0/70
[2026-05-20 20:47:03] ая Боец 1 убит Лучник
[2026-05-20 20:47:03] ая Боец 4: 1 урона от Лучник. HP 51/100
[2026-05-20 20:47:04] ая Боец 5: 1 урона от Лучник. HP 29/60
[2026-05-20 20:47:04] нов Боец 1: 17 урона от Сильный боец. HP 1/18
[2026-05-20 20:47:04] ая Боец 2: 1 урона от Маг. HP 5/70
[2026-05-20 20:47:04] ая Боец 4: 1 урона от Слабый боец. HP 50/100
[2026-05-20 20:47:04] ая Боец 7: 1 урона от Лучник. HP 94/100
[2026-05-20 20:47:04] ая Боец 9: 1 урона от Лучник. HP 95/100
[2026-05-20 20:47:05] ая Боец 5: 1 урона от Лучник. HP 28/60
[2026-05-20 20:47:06] нов Боец 1: 17 урона от Сильный боец. HP 0/18
[2026-05-20 20:47:06] нов Боец 1 убит Сильный боец
[2026-05-20 20:47:06] ая Боец 2: 1 урона от Маг. HP 4/70
[2026-05-20 20:47:06] ая Боец 4: 1 урона от Слабый боец. HP 49/100
[2026-05-20 20:47:07] ая Боец 5: 1 урона от Слабый боец. HP 27/60
[2026-05-20 20:47:07] ая Боец 2: 1 урона от Маг. HP 3/70
[2026-05-20 20:47:08] ая Боец 4: 1 урона от Слабый боец. HP 48/100
[2026-05-20 20:47:09] ая Боец 5: 1 урона от Слабый боец. HP 26/60
[2026-05-20 20:47:09] ая Боец 2: 1 урона от Маг. HP 2/70
[2026-05-20 20:47:09] ая Боец 4: 1 урона от Слабый боец. HP 47/100
[2026-05-20 20:47:10] ая Боец 5: 1 урона от Слабый боец. HP 25/60
[2026-05-20 20:47:11] ая Боец 2: 1 урона от Маг. HP 1/70
[2026-05-20 20:47:11] ая Боец 4: 1 урона от Слабый боец. HP 46/100
[2026-05-20 20:47:12] ая Боец 5: 1 урона от Слабый боец. HP 24/60
[2026-05-20 20:47:12] ая Боец 2: 1 урона от Маг. HP 0/70
[2026-05-20 20:47:12] ая Боец 2 убит Маг
[2026-05-20 20:47:12] ая Боец 4: 1 урона от Слабый боец. HP 45/100
[2026-05-20 20:47:14] ая Боец 5: 1 урона от Слабый боец. HP 23/60
[2026-05-20 20:47:14] ая Боец 7: 1 урона от Маг. HP 93/100
[2026-05-20 20:47:14] ая Боец 4: 1 урона от Слабый боец. HP 44/100
[2026-05-20 20:47:15] ая Боец 5: 1 урона от Слабый боец. HP 22/60
[2026-05-20 20:47:15] ая Боец 7: 1 урона от Маг. HP 92/100
[2026-05-20 20:47:16] ая Боец 4: 1 урона от Слабый боец. HP 43/100
[2026-05-20 20:47:17] ая Боец 5: 1 урона от Слабый боец. HP 21/60
[2026-05-20 20:47:17] ая Боец 7: 1 урона от Маг. HP 91/100
[2026-05-20 20:47:17] ая Боец 4: 1 урона от Слабый боец. HP 42/100
[2026-05-20 20:47:18] ая Боец 5: 1 урона от Слабый боец. HP 20/60
[2026-05-20 20:47:19] ая Боец 7: 1 урона от Маг. HP 90/100
[2026-05-20 20:47:19] ая Боец 4: 1 урона от Слабый боец. HP 41/100
[2026-05-20 20:47:20] ая Боец 5: 1 урона от Слабый боец. HP 19/60
[2026-05-20 20:47:20] ая Боец 7: 1 урона от Маг. HP 89/100
[2026-05-20 20:47:20] ая Боец 4: 1 урона от Слабый боец. HP 40/100
[2026-05-20 20:47:21] ая Боец 5: 1 урона от Слабый боец. HP 18/60
[2026-05-20 20:47:22] ая Боец 7: 1 урона от Маг. HP 88/100
[2026-05-20 20:47:22] ая Боец 4: 1 урона от Слабый боец. HP 39/100
[2026-05-20 20:47:23] ая Боец 5: 1 урона от Слабый боец. HP 17/60
[2026-05-20 20:47:23] ая Боец 7: 1 урона от Маг. HP 87/100
[2026-05-20 20:47:23] ая Боец 4: 1 урона от Слабый боец. HP 38/100
[2026-05-20 20:48:15] ая Боец 5: 1 урона от Слабый боец. HP 16/60
[2026-05-20 20:48:15] ая Боец 7: 1 урона от Маг. HP 86/100
[2026-05-20 20:48:15] ая Боец 4: 1 урона от Слабый боец. HP 37/100
[2026-05-20 20:48:17] ая Боец 5: 1 урона от Слабый боец. HP 15/60
[2026-05-20 20:48:17] ая Боец 7: 1 урона от Маг. HP 85/100
[2026-05-20 20:48:17] ая Боец 4: 1 урона от Слабый боец. HP 36/100
[2026-05-20 20:48:18] ая Боец 5: 1 урона от Слабый боец. HP 14/60
[2026-05-20 20:48:18] ая Боец 7: 1 урона от Маг. HP 84/100
[2026-05-20 20:48:18] ая Боец 4: 1 урона от Слабый боец. HP 35/100
[2026-05-20 20:48:20] ая Боец 5: 1 урона от Слабый боец. HP 13/60
[2026-05-20 20:48:20] ая Боец 7: 1 урона от Маг. HP 83/100
[2026-05-20 20:48:20] ая Боец 4: 1 урона от Слабый боец. HP 34/100
[2026-05-20 20:48:21] ая Боец 5: 1 урона от Слабый боец. HP 12/60
[2026-05-20 20:48:21] ая Боец 7: 1 урона от Маг. HP 82/100
[2026-05-20 20:48:22] ая Боец 4: 1 урона от Слабый боец. HP 33/100
[2026-05-20 20:48:23] ая Боец 5: 1 урона от Слабый боец. HP 11/60
[2026-05-20 20:48:23] ая Боец 7: 1 урона от Маг. HP 81/100
[2026-05-20 20:48:23] ая Боец 4: 1 урона от Слабый боец. HP 32/100
[2026-05-20 20:48:24] ая Боец 5: 1 урона от Слабый боец. HP 10/60
[2026-05-20 20:48:25] ая Боец 7: 1 урона от Маг. HP 80/100
[2026-05-20 20:48:25] ая Боец 4: 1 урона от Слабый боец. HP 31/100
[2026-05-20 20:48:26] ая Боец 5: 1 урона от Слабый боец. HP 9/60
[2026-05-20 20:48:27] ая Боец 7: 1 урона от Маг. HP 79/100
[2026-05-20 20:48:27] ая Боец 4: 1 урона от Слабый боец. HP 30/100
[2026-05-20 20:48:28] ая Боец 5: 1 урона от Слабый боец. HP 8/60
[2026-05-20 20:48:28] ая Боец 7: 1 урона от Маг. HP 78/100
[2026-05-20 20:48:28] ая Боец 4: 1 урона от Слабый боец. HP 29/100
[2026-05-20 20:48:30] ая Боец 5: 1 урона от Слабый боец. HP 7/60
[2026-05-20 20:48:30] ая Боец 7: 1 урона от Маг. HP 77/100
[2026-05-20 20:48:30] ая Боец 4: 1 урона от Слабый боец. HP 28/100
[2026-05-20 20:48:32] ая Боец 5: 1 урона от Слабый боец. HP 6/60
[2026-05-20 20:48:32] ая Боец 7: 1 урона от Маг. HP 76/100
[2026-05-20 20:48:32] ая Боец 4: 1 урона от Слабый боец. HP 27/100
[2026-05-20 20:48:33] ая Боец 5: 1 урона от Слабый боец. HP 5/60
[2026-05-20 20:48:34] ая Боец 7: 1 урона от Маг. HP 75/100
[2026-05-20 20:48:34] ая Боец 4: 1 урона от Слабый боец. HP 26/100
[2026-05-20 20:48:35] ая Боец 5: 1 урона от Слабый боец. HP 4/60
[2026-05-20 20:48:35] ая Боец 7: 1 урона от Маг. HP 74/100
[2026-05-20 20:48:35] ая Боец 4: 1 урона от Слабый боец. HP 25/100
[2026-05-20 20:48:37] ая Боец 5: 1 урона от Слабый боец. HP 3/60
[2026-05-20 20:48:37] ая Боец 7: 1 урона от Маг. HP 73/100
[2026-05-20 20:48:37] ая Боец 4: 1 урона от Слабый боец. HP 24/100
[2026-05-20 20:48:38] ая Боец 5: 1 урона от Слабый боец. HP 2/60
[2026-05-20 20:48:39] ая Боец 7: 1 урона от Маг. HP 72/100
[2026-05-20 20:48:39] ая Боец 4: 1 урона от Слабый боец. HP 23/100
[2026-05-20 20:48:40] ая Боец 5: 1 урона от Слабый боец. HP 1/60
[2026-05-20 20:48:40] ая Боец 7: 1 урона от Маг. HP 71/100
[2026-05-20 20:48:41] ая Боец 4: 1 урона от Слабый боец. HP 22/100
[2026-05-20 20:48:42] ая Боец 5: 1 урона от Слабый боец. HP 0/60
[2026-05-20 20:48:42] ая Боец 5 убит Слабый боец
[2026-05-20 20:48:42] ая Боец 7: 1 урона от Маг. HP 70/100
[2026-05-20 20:48:42] ая Боец 4: 1 урона от Слабый боец. HP 21/100
[2026-05-20 20:48:44] ая Боец 9: 1 урона от Слабый боец. HP 94/100
[2026-05-20 20:48:44] ая Боец 7: 1 урона от Маг. HP 69/100
[2026-05-20 20:48:44] ая Боец 4: 1 урона от Слабый боец. HP 20/100
[2026-05-20 20:48:46] ая Боец 9: 1 урона от Слабый боец. HP 93/100
[2026-05-20 20:48:46] ая Боец 7: 1 урона от Маг. HP 68/100
[2026-05-20 20:48:46] ая Боец 4: 1 урона от Слабый боец. HP 19/100
[2026-05-20 20:48:48] ая Боец 9: 1 урона от Слабый боец. HP 92/100
[2026-05-20 20:48:48] ая Боец 7: 1 урона от Маг. HP 67/100
[2026-05-20 20:48:48] ая Боец 4: 1 урона от Слабый боец. HP 18/100
[2026-05-20 20:48:49] ая Боец 9: 1 урона от Слабый боец. HP 91/100
[2026-05-20 20:48:50] ая Боец 7: 1 урона от Маг. HP 66/100
[2026-05-20 20:48:50] ая Боец 4: 1 урона от Слабый боец. HP 17/100
[2026-05-20 20:48:51] ая Боец 9: 1 урона от Слабый боец. HP 90/100
[2026-05-20 20:48:51] ая Боец 7: 1 урона от Маг. HP 65/100
[2026-05-20 20:48:51] ая Боец 4: 1 урона от Слабый боец. HP 16/100
[2026-05-20 20:48:53] ая Боец 9: 1 урона от Слабый боец. HP 89/100
[2026-05-20 20:48:53] ая Боец 7: 1 урона от Маг. HP 64/100
[2026-05-20 20:48:53] ая Боец 4: 1 урона от Слабый боец. HP 15/100
[2026-05-20 20:48:54] ая Боец 9: 1 урона от Слабый боец. HP 88/100
[2026-05-20 20:48:55] ая Боец 7: 1 урона от Маг. HP 63/100
[2026-05-20 20:48:55] ая Боец 4: 1 урона от Слабый боец. HP 14/100
[2026-05-20 20:48:56] ая Боец 9: 1 урона от Слабый боец. HP 87/100
[2026-05-20 20:48:56] ая Боец 7: 1 урона от Маг. HP 62/100
[2026-05-20 20:48:56] ая Боец 4: 1 урона от Слабый боец. HP 13/100
[2026-05-20 20:48:58] ая Боец 9: 1 урона от Слабый боец. HP 86/100
[2026-05-20 20:48:58] ая Боец 7: 1 урона от Маг. HP 61/100
[2026-05-20 20:48:58] ая Боец 4: 1 урона от Слабый боец. HP 12/100
[2026-05-20 20:48:59] ая Боец 9: 1 урона от Слабый боец. HP 85/100
[2026-05-20 20:49:00] ая Боец 7: 1 урона от Маг. HP 60/100
[2026-05-20 20:49:00] ая Боец 4: 1 урона от Слабый боец. HP 11/100
[2026-05-20 20:49:01] ая Боец 9: 1 урона от Слабый боец. HP 84/100
[2026-05-20 20:49:01] ая Боец 7: 1 урона от Маг. HP 59/100
[2026-05-20 20:49:01] ая Боец 4: 1 урона от Слабый боец. HP 10/100
[2026-05-20 20:49:03] ая Боец 9: 1 урона от Слабый боец. HP 83/100
[2026-05-20 20:49:03] ая Боец 7: 1 урона от Маг. HP 58/100
[2026-05-20 20:49:03] ая Боец 4: 1 урона от Слабый боец. HP 9/100
[2026-05-20 20:49:05] ая Боец 9: 1 урона от Слабый боец. HP 82/100
[2026-05-20 20:49:05] ая Боец 7: 1 урона от Маг. HP 57/100
[2026-05-20 20:49:05] ая Боец 4: 1 урона от Слабый боец. HP 8/100
[2026-05-20 20:49:06] ая Боец 9: 1 урона от Слабый боец. HP 81/100
[2026-05-20 20:49:07] ая Боец 7: 1 урона от Маг. HP 56/100
[2026-05-20 20:49:07] ая Боец 4: 1 урона от Слабый боец. HP 7/100
[2026-05-20 20:49:08] ая Боец 9: 1 урона от Слабый боец. HP 80/100
[2026-05-20 20:49:09] ая Боец 7: 1 урона от Маг. HP 55/100
[2026-05-20 20:49:09] ая Боец 4: 1 урона от Слабый боец. HP 6/100
[2026-05-20 20:49:10] ая Боец 9: 1 урона от Слабый боец. HP 79/100
[2026-05-20 20:49:11] ая Боец 7: 1 урона от Маг. HP 54/100
[2026-05-20 20:49:11] ая Боец 4: 1 урона от Слабый боец. HP 5/100
[2026-05-20 20:49:12] ая Боец 9: 1 урона от Слабый боец. HP 78/100
[2026-05-20 20:49:13] ая Боец 7: 1 урона от Маг. HP 53/100
[2026-05-20 20:49:13] ая Боец 4: 1 урона от Слабый боец. HP 4/100
[2026-05-20 20:49:14] ая Боец 9: 1 урона от Слабый боец. HP 77/100
[2026-05-20 20:49:14] ая Боец 7: 1 урона от Маг. HP 52/100
[2026-05-20 20:49:14] ая Боец 4: 1 урона от Слабый боец. HP 3/100
[2026-05-20 20:49:16] ая Боец 9: 1 урона от Слабый боец. HP 76/100
[2026-05-20 20:49:16] ая Боец 7: 1 урона от Маг. HP 51/100
[2026-05-20 20:49:16] ая Боец 4: 1 урона от Слабый боец. HP 2/100
[2026-05-20 20:49:18] ая Боец 9: 1 урона от Слабый боец. HP 75/100
[2026-05-20 20:49:18] ая Боец 7: 1 урона от Маг. HP 50/100
[2026-05-20 20:49:18] ая Боец 4: 1 урона от Слабый боец. HP 1/100
[2026-05-20 20:49:20] ая Боец 9: 1 урона от Слабый боец. HP 74/100
[2026-05-20 20:49:20] ая Боец 7: 1 урона от Маг. HP 49/100
[2026-05-20 20:49:20] ая Боец 4: 1 урона от Слабый боец. HP 0/100
[2026-05-20 20:49:20] ая Боец 4 убит Слабый боец
[2026-05-20 20:49:22] ая Боец 9: 1 урона от Слабый боец. HP 73/100
[2026-05-20 20:49:22] ая Боец 7: 1 урона от Маг. HP 48/100
[2026-05-20 20:49:22] ая Боец 10: 6 урона от Слабый боец. HP 8/22
[2026-05-20 20:49:24] ая Боец 9: 1 урона от Слабый боец. HP 72/100
[2026-05-20 20:49:24] ая Боец 7: 1 урона от Маг. HP 47/100
[2026-05-20 20:49:24] ая Боец 10: 6 урона от Слабый боец. HP 2/22
[2026-05-20 20:49:26] ая Боец 9: 1 урона от Слабый боец. HP 71/100
[2026-05-20 20:49:26] ая Боец 7: 1 урона от Маг. HP 46/100
[2026-05-20 20:49:27] ая Боец 10: 6 урона от Слабый боец. HP 0/22
[2026-05-20 20:49:27] ая Боец 10 убит Слабый боец
[2026-05-20 20:49:28] ая Боец 9: 1 урона от Слабый боец. HP 70/100
[2026-05-20 20:49:28] ая Боец 7: 1 урона от Маг. HP 45/100
[2026-05-20 20:49:30] ая Боец 9: 1 урона от Слабый боец. HP 69/100
[2026-05-20 20:49:30] ая Боец 7: 1 урона от Маг. HP 44/100
[2026-05-20 20:49:32] ая Боец 9: 1 урона от Слабый боец. HP 68/100
[2026-05-20 20:49:32] ая Боец 7: 1 урона от Маг. HP 43/100
[2026-05-20 20:49:34] ая Боец 9: 1 урона от Слабый боец. HP 67/100
[2026-05-20 20:49:34] ая Боец 7: 1 урона от Маг. HP 42/100
[2026-05-20 20:49:37] ая Боец 9: 1 урона от Слабый боец. HP 66/100
[2026-05-20 20:49:37] ая Боец 7: 1 урона от Маг. HP 41/100
[2026-05-20 20:49:38] ая Боец 9: 1 урона от Слабый боец. HP 65/100
[2026-05-20 20:49:38] ая Боец 7: 1 урона от Маг. HP 40/100
[2026-05-20 20:49:40] ая Боец 9: 1 урона от Слабый боец. HP 64/100
[2026-05-20 20:49:40] ая Боец 7: 1 урона от Маг. HP 39/100
[2026-05-20 20:49:42] ая Боец 9: 1 урона от Слабый боец. HP 63/100
[2026-05-20 20:49:42] ая Боец 7: 1 урона от Маг. HP 38/100
[2026-05-20 20:49:44] ая Боец 9: 1 урона от Слабый боец. HP 62/100
[2026-05-20 20:49:44] ая Боец 7: 1 урона от Маг. HP 37/100
[2026-05-20 20:49:46] ая Боец 9: 1 урона от Слабый боец. HP 61/100
[2026-05-20 20:49:46] ая Боец 7: 1 урона от Маг. HP 36/100
[2026-05-20 20:49:47] ая Боец 9: 1 урона от Слабый боец. HP 60/100
[2026-05-20 20:49:48] ая Боец 7: 1 урона от Маг. HP 35/100
[2026-05-20 20:49:49] ая Боец 9: 1 урона от Слабый боец. HP 59/100
[2026-05-20 20:49:49] ая Боец 7: 1 урона от Маг. HP 34/100
[2026-05-20 20:49:51] ая Боец 9: 1 урона от Слабый боец. HP 58/100
[2026-05-20 20:49:51] ая Боец 7: 1 урона от Маг. HP 33/100
[2026-05-20 20:49:53] ая Боец 9: 1 урона от Слабый боец. HP 57/100
[2026-05-20 20:49:53] ая Боец 7: 1 урона от Маг. HP 32/100
[2026-05-20 20:49:55] ая Боец 9: 1 урона от Слабый боец. HP 56/100
[2026-05-20 20:49:55] ая Боец 7: 1 урона от Маг. HP 31/100
[2026-05-20 20:49:56] ая Боец 9: 1 урона от Слабый боец. HP 55/100
[2026-05-20 20:49:56] ая Боец 7: 1 урона от Маг. HP 30/100
[2026-05-20 20:49:58] ая Боец 9: 1 урона от Слабый боец. HP 54/100
[2026-05-20 20:49:58] ая Боец 7: 1 урона от Маг. HP 29/100
[2026-05-20 20:50:00] ая Боец 9: 1 урона от Слабый боец. HP 53/100
[2026-05-20 20:50:00] ая Боец 7: 1 урона от Маг. HP 28/100
[2026-05-20 20:50:02] ая Боец 9: 1 урона от Слабый боец. HP 52/100
[2026-05-20 20:50:02] ая Боец 7: 1 урона от Маг. HP 27/100
[2026-05-20 20:50:03] ая Боец 9: 1 урона от Слабый боец. HP 51/100
[2026-05-20 20:50:03] ая Боец 7: 1 урона от Маг. HP 26/100
[2026-05-20 20:50:03] ая Боец 9: 1 урона от Слабый боец. HP 50/100
[2026-05-20 20:50:04] ая Боец 7: 1 урона от Маг. HP 25/100
[2026-05-20 20:50:04] ая Боец 9: 1 урона от Слабый боец. HP 49/100
[2026-05-20 20:50:04] ая Боец 7: 1 урона от Маг. HP 24/100
[2026-05-20 20:50:05] ая Боец 9: 1 урона от Слабый боец. HP 48/100
[2026-05-20 20:50:05] ая Боец 7: 1 урона от Маг. HP 23/100
[2026-05-20 20:50:06] ая Боец 9: 1 урона от Слабый боец. HP 47/100
[2026-05-20 20:50:06] ая Боец 7: 1 урона от Маг. HP 22/100
[2026-05-20 20:50:06] ая Боец 9: 1 урона от Слабый боец. HP 46/100
[2026-05-20 20:50:06] ая Боец 7: 1 урона от Маг. HP 21/100
[2026-05-20 20:50:07] ая Боец 9: 1 урона от Слабый боец. HP 45/100
[2026-05-20 20:50:07] ая Боец 7: 1 урона от Маг. HP 20/100
[2026-05-20 20:50:08] ая Боец 9: 1 урона от Слабый боец. HP 44/100
[2026-05-20 20:50:08] ая Боец 7: 1 урона от Маг. HP 19/100
[2026-05-20 20:50:08] ая Боец 9: 1 урона от Слабый боец. HP 43/100
[2026-05-20 20:50:09] ая Боец 7: 1 урона от Маг. HP 18/100
[2026-05-20 20:50:09] ая Боец 9: 1 урона от Слабый боец. HP 42/100
[2026-05-20 20:50:09] ая Боец 7: 1 урона от Маг. HP 17/100
[2026-05-20 20:50:10] ая Боец 9: 1 урона от Слабый боец. HP 41/100
[2026-05-20 20:50:10] ая Боец 7: 1 урона от Маг. HP 16/100
[2026-05-20 20:50:10] ая Боец 9: 1 урона от Слабый боец. HP 40/100
[2026-05-20 20:50:11] ая Боец 7: 1 урона от Маг. HP 15/100
[2026-05-20 20:50:11] ая Боец 9: 1 урона от Слабый боец. HP 39/100
[2026-05-20 20:50:11] ая Боец 7: 1 урона от Маг. HP 14/100
[2026-05-20 20:50:12] ая Боец 9: 1 урона от Слабый боец. HP 38/100
[2026-05-20 20:50:12] ая Боец 7: 1 урона от Маг. HP 13/100
[2026-05-20 20:50:13] ая Боец 9: 1 урона от Слабый боец. HP 37/100
[2026-05-20 20:50:13] ая Боец 7: 1 урона от Маг. HP 12/100
[2026-05-20 20:50:13] ая Боец 9: 1 урона от Слабый боец. HP 36/100
[2026-05-20 20:50:13] ая Боец 7: 1 урона от Маг. HP 11/100
[2026-05-20 20:50:14] ая Боец 9: 1 урона от Слабый боец. HP 35/100
[2026-05-20 20:50:14] ая Боец 7: 1 урона от Маг. HP 10/100
[2026-05-20 20:50:15] ая Боец 9: 1 урона от Слабый боец. HP 34/100
[2026-05-20 20:50:15] ая Боец 7: 1 урона от Маг. HP 9/100
[2026-05-20 20:50:15] ая Боец 9: 1 урона от Слабый боец. HP 33/100
[2026-05-20 20:50:15] ая Боец 7: 1 урона от Маг. HP 8/100
[2026-05-20 20:50:16] ая Боец 9: 1 урона от Слабый боец. HP 32/100
[2026-05-20 20:50:16] ая Боец 7: 1 урона от Маг. HP 7/100
[2026-05-20 20:50:17] ая Боец 9: 1 урона от Слабый боец. HP 31/100
[2026-05-20 20:50:17] ая Боец 7: 1 урона от Маг. HP 6/100
[2026-05-20 20:50:17] ая Боец 9: 1 урона от Слабый боец. HP 30/100
[2026-05-20 20:50:18] ая Боец 7: 1 урона от Маг. HP 5/100
[2026-05-20 20:50:18] ая Боец 9: 1 урона от Слабый боец. HP 29/100
[2026-05-20 20:50:18] ая Боец 7: 1 урона от Маг. HP 4/100
[2026-05-20 20:50:19] ая Боец 9: 1 урона от Слабый боец. HP 28/100
[2026-05-20 20:50:19] ая Боец 7: 1 урона от Маг. HP 3/100
[2026-05-20 20:50:20] ая Боец 9: 1 урона от Слабый боец. HP 27/100
[2026-05-20 20:50:20] ая Боец 7: 1 урона от Маг. HP 2/100
[2026-05-20 20:50:20] ая Боец 9: 1 урона от Слабый боец. HP 26/100
[2026-05-20 20:50:20] ая Боец 7: 1 урона от Маг. HP 1/100
[2026-05-20 20:50:21] ая Боец 9: 1 урона от Слабый боец. HP 25/100
[2026-05-20 20:50:21] ая Боец 7: 1 урона от Маг. HP 0/100
[2026-05-20 20:50:21] ая Боец 7 убит Маг
[2026-05-20 20:50:22] ая Боец 9: 1 урона от Слабый боец. HP 24/100
[2026-05-20 20:50:22] ая Боец 9: 1 урона от Слабый боец. HP 23/100
[2026-05-20 20:50:23] ая Боец 9: 1 урона от Слабый боец. HP 22/100
[2026-05-20 20:50:24] ая Боец 9: 1 урона от Слабый боец. HP 21/100
[2026-05-20 20:50:24] ая Боец 9: 1 урона от Слабый боец. HP 20/100
[2026-05-20 20:50:25] ая Боец 9: 1 урона от Слабый боец. HP 19/100
[2026-05-20 20:50:26] ая Боец 9: 1 урона от Слабый боец. HP 18/100
[2026-05-20 20:50:26] ая Боец 9: 1 урона от Слабый боец. HP 17/100
[2026-05-20 20:50:27] ая Боец 9: 1 урона от Слабый боец. HP 16/100
[2026-05-20 20:50:27] ая Боец 9: 1 урона от Слабый боец. HP 15/100
[2026-05-20 20:50:28] ая Боец 9: 1 урона от Слабый боец. HP 14/100
[2026-05-20 20:50:28] ая Боец 9: 1 урона от Слабый боец. HP 13/100
[2026-05-20 20:50:29] ая Боец 9: 1 урона от Слабый боец. HP 12/100
[2026-05-20 20:50:30] ая Боец 9: 1 урона от Слабый боец. HP 11/100
[2026-05-20 20:50:30] ая Боец 9: 1 урона от Слабый боец. HP 10/100
[2026-05-20 20:50:31] ая Боец 9: 1 урона от Слабый боец. HP 9/100
[2026-05-20 20:50:31] ая Боец 9: 1 урона от Слабый боец. HP 8/100
[2026-05-20 20:50:32] ая Боец 9: 1 урона от Слабый боец. HP 7/100
[2026-05-20 20:50:33] ая Боец 9: 1 урона от Слабый боец. HP 6/100
[2026-05-20 20:50:33] ая Боец 9: 1 урона от Слабый боец. HP 5/100
[2026-05-20 20:51:00] папап Боец 1: 7 урона от Слабый боец. HP 11/18
[2026-05-20 20:51:00] лалал Боец 1: 1 урона от Лучник. HP 24/25
[2026-05-20 20:51:00] лалал Боец 2: 1 урона от Слабый боец. HP 99/100
[2026-05-20 20:51:00] папап Боец 3: 1 урона от Слабый боец. HP 59/60
[2026-05-20 20:51:00] лалал Боец 3: 12 урона от Сильный боец. HP 13/25
[2026-05-20 20:51:00] лалал Боец 4: 4 урона от Лучник. HP 21/25
[2026-05-20 20:51:00] лалал Боец 2: 1 урона от Лучник. HP 98/100
[2026-05-20 20:51:07] папап Боец 1: 7 урона от Слабый боец. HP 4/18
[2026-05-20 20:51:07] лалал Боец 1: 1 урона от Лучник. HP 23/25
[2026-05-20 20:51:07] лалал Боец 2: 1 урона от Слабый боец. HP 97/100
[2026-05-20 20:51:07] папап Боец 3: 1 урона от Слабый боец. HP 58/60
[2026-05-20 20:51:07] лалал Боец 3: 12 урона от Сильный боец. HP 1/25
[2026-05-20 20:51:07] лалал Боец 1: 4 урона от Лучник. HP 19/25
[2026-05-20 20:51:07] лалал Боец 6: 1 урона от Лучник. HP 99/100
[2026-05-20 20:51:08] папап Боец 1: 7 урона от Слабый боец. HP 0/18
[2026-05-20 20:51:08] папап Боец 1 убит Слабый боец
[2026-05-20 20:51:08] лалал Боец 1: 12 урона от Сильный боец. HP 7/25
[2026-05-20 20:51:08] лалал Боец 2: 1 урона от Слабый боец. HP 96/100
[2026-05-20 20:51:08] папап Боец 3: 1 урона от Слабый боец. HP 57/60
[2026-05-20 20:51:08] лалал Боец 3: 12 урона от Сильный боец. HP 0/25
[2026-05-20 20:51:08] лалал Боец 3 убит Сильный боец
[2026-05-20 20:51:09] папап Боец 3: 1 урона от Слабый боец. HP 56/60
[2026-05-20 20:51:09] лалал Боец 1: 12 урона от Сильный боец. HP 0/25
[2026-05-20 20:51:09] лалал Боец 1 убит Сильный боец
[2026-05-20 20:51:09] лалал Боец 2: 1 урона от Слабый боец. HP 95/100
[2026-05-20 20:51:09] папап Боец 3: 1 урона от Слабый боец. HP 55/60
[2026-05-20 20:51:09] лалал Боец 4: 12 урона от Сильный боец. HP 9/25
[2026-05-20 20:51:09] папап Боец 3: 1 урона от Слабый боец. HP 54/60
[2026-05-20 20:51:09] лалал Боец 5: 12 урона от Сильный боец. HP 13/25
[2026-05-20 20:51:09] лалал Боец 2: 1 урона от Слабый боец. HP 94/100
[2026-05-20 20:51:09] папап Боец 3: 1 урона от Слабый боец. HP 53/60
[2026-05-20 20:51:09] лалал Боец 4: 12 урона от Сильный боец. HP 0/25
[2026-05-20 20:51:09] лалал Боец 4 убит Сильный боец
[2026-05-20 20:51:09] папап Боец 3: 1 урона от Слабый боец. HP 52/60
[2026-05-20 20:51:09] лалал Боец 5: 12 урона от Сильный боец. HP 1/25
[2026-05-20 20:51:09] лалал Боец 2: 1 урона от Слабый боец. HP 93/100
[2026-05-20 20:51:09] лалал Боец 6: 1 урона от Сильный боец. HP 98/100
[2026-05-20 20:51:09] папап Боец 3: 1 урона от Слабый боец. HP 51/60
[2026-05-20 20:51:09] лалал Боец 5: 12 урона от Сильный боец. HP 0/25
[2026-05-20 20:51:09] лалал Боец 5 убит Сильный боец
[2026-05-20 20:51:09] лалал Боец 2: 1 урона от Слабый боец. HP 92/100
[2026-05-20 20:51:09] лалал Боец 6: 1 урона от Сильный боец. HP 97/100
[2026-05-20 20:51:09] папап Боец 3: 1 урона от Слабый боец. HP 50/60
[2026-05-20 20:51:09] лалал Боец 7: 12 урона от Сильный боец. HP 13/25
[2026-05-20 20:51:09] лалал Боец 2: 1 урона от Слабый боец. HP 91/100
[2026-05-20 20:51:09] лалал Боец 6: 1 урона от Сильный боец. HP 96/100
[2026-05-20 20:51:09] папап Боец 3: 1 урона от Слабый боец. HP 49/60
[2026-05-20 20:51:09] лалал Боец 7: 12 урона от Сильный боец. HP 1/25
[2026-05-20 20:51:09] лалал Боец 2: 1 урона от Слабый боец. HP 90/100
[2026-05-20 20:51:09] лалал Боец 6: 1 урона от Сильный боец. HP 95/100
[2026-05-20 20:51:09] папап Боец 3: 1 урона от Слабый боец. HP 48/60
[2026-05-20 20:51:10] лалал Боец 7: 12 урона от Сильный боец. HP 0/25
[2026-05-20 20:51:10] лалал Боец 7 убит Сильный боец
[2026-05-20 20:51:10] лалал Боец 2: 1 урона от Слабый боец. HP 89/100
[2026-05-20 20:51:10] лалал Боец 6: 1 урона от Сильный боец. HP 94/100
[2026-05-20 20:51:10] папап Боец 3: 1 урона от Слабый боец. HP 47/60
[2026-05-20 20:51:10] лалал Боец 8: 12 урона от Сильный боец. HP 13/25
[2026-05-20 20:51:10] лалал Боец 2: 1 урона от Слабый боец. HP 88/100
[2026-05-20 20:51:10] лалал Боец 6: 1 урона от Сильный боец. HP 93/100
[2026-05-20 20:51:10] папап Боец 3: 1 урона от Слабый боец. HP 46/60
[2026-05-20 20:51:10] лалал Боец 8: 12 урона от Сильный боец. HP 1/25
[2026-05-20 20:51:10] лалал Боец 2: 1 урона от Слабый боец. HP 87/100
[2026-05-20 20:51:10] лалал Боец 6: 1 урона от Сильный боец. HP 92/100
[2026-05-20 20:51:10] папап Боец 3: 1 урона от Слабый боец. HP 45/60
[2026-05-20 20:51:10] лалал Боец 8: 12 урона от Сильный боец. HP 0/25
[2026-05-20 20:51:10] лалал Боец 8 убит Сильный боец
[2026-05-20 20:51:10] лалал Боец 2: 1 урона от Слабый боец. HP 86/100
[2026-05-20 20:51:10] лалал Боец 6: 1 урона от Сильный боец. HP 91/100
[2026-05-20 20:51:10] лалал Боец 2: 1 урона от Слабый боец. HP 85/100
[2026-05-20 20:51:10] лалал Боец 6: 1 урона от Сильный боец. HP 90/100
[2026-05-20 20:51:10] лалал Боец 2: 1 урона от Слабый боец. HP 84/100
[2026-05-20 20:51:10] лалал Боец 6: 1 урона от Сильный боец. HP 89/100
[2026-05-20 20:51:11] лалал Боец 2: 1 урона от Слабый боец. HP 83/100
[2026-05-20 20:51:11] лалал Боец 6: 1 урона от Сильный боец. HP 88/100
[2026-05-20 20:51:43] лалал Боец 2: 1 урона от Слабый боец. HP 82/100
[2026-05-20 20:51:43] лалал Боец 6: 1 урона от Сильный боец. HP 87/100
[2026-05-20 20:51:43] лалал Боец 2: 1 урона от Слабый боец. HP 81/100
[2026-05-20 20:51:43] лалал Боец 6: 1 урона от Сильный боец. HP 86/100
[2026-05-20 20:51:43] лалал Боец 2: 1 урона от Слабый боец. HP 80/100
[2026-05-20 20:51:43] лалал Боец 6: 1 урона от Сильный боец. HP 85/100
[2026-05-20 20:51:43] лалал Боец 2: 1 урона от Слабый боец. HP 79/100
[2026-05-20 20:51:43] лалал Боец 6: 1 урона от Сильный боец. HP 84/100
[2026-05-20 20:51:44] лалал Боец 2: 1 урона от Слабый боец. HP 78/100
[2026-05-20 20:51:44] лалал Боец 6: 1 урона от Сильный боец. HP 83/100
[2026-05-20 20:51:44] лалал Боец 2: 1 урона от Слабый боец. HP 77/100
[2026-05-20 20:51:44] лалал Боец 6: 1 урона от Сильный боец. HP 82/100
[2026-05-20 20:51:44] лалал Боец 2: 1 урона от Слабый боец. HP 76/100
[2026-05-20 20:51:44] лалал Боец 6: 1 урона от Сильный боец. HP 81/100
[2026-05-20 20:51:45] лалал Боец 2: 1 урона от Слабый боец. HP 75/100
[2026-05-20 20:51:45] лалал Боец 6: 1 урона от Сильный боец. HP 80/100
[2026-05-20 20:51:45] лалал Боец 2: 1 урона от Слабый боец. HP 74/100
[2026-05-20 20:51:45] лалал Боец 6: 1 урона от Сильный боец. HP 79/100
[2026-05-20 20:51:45] лалал Боец 2: 1 урона от Слабый боец. HP 73/100
[2026-05-20 20:51:45] лалал Боец 6: 1 урона от Сильный боец. HP 78/100
[2026-05-20 20:51:46] лалал Боец 2: 1 урона от Слабый боец. HP 72/100
[2026-05-20 20:51:46] лалал Боец 6: 1 урона от Сильный боец. HP 77/100
[2026-05-20 20:51:46] лалал Боец 2: 1 урона от Слабый боец. HP 71/100
[2026-05-20 20:51:46] лалал Боец 6: 1 урона от Сильный боец. HP 76/100
[2026-05-20 20:51:46] лалал Боец 2: 1 урона от Слабый боец. HP 70/100
[2026-05-20 20:51:46] лалал Боец 6: 1 урона от Сильный боец. HP 75/100
[2026-05-20 20:51:46] лалал Боец 2: 1 урона от Слабый боец. HP 69/100
[2026-05-20 20:51:46] лалал Боец 6: 1 урона от Сильный боец. HP 74/100
[2026-05-20 20:51:47] лалал Боец 2: 1 урона от Слабый боец. HP 68/100
[2026-05-20 20:51:47] лалал Боец 6: 1 урона от Сильный боец. HP 73/100
[2026-05-20 20:51:47] лалал Боец 2: 1 урона от Слабый боец. HP 67/100
[2026-05-20 20:51:47] лалал Боец 6: 1 урона от Сильный боец. HP 72/100
[2026-05-20 20:51:47] лалал Боец 2: 1 урона от Слабый боец. HP 66/100
[2026-05-20 20:51:47] лалал Боец 6: 1 урона от Сильный боец. HP 71/100
[2026-05-20 20:51:47] лалал Боец 2: 1 урона от Слабый боец. HP 65/100
[2026-05-20 20:51:47] лалал Боец 6: 1 урона от Сильный боец. HP 70/100
[2026-05-20 20:51:48] лалал Боец 2: 1 урона от Слабый боец. HP 64/100
[2026-05-20 20:51:48] лалал Боец 6: 1 урона от Сильный боец. HP 69/100
[2026-05-20 20:51:48] лалал Боец 2: 1 урона от Слабый боец. HP 63/100
[2026-05-20 20:51:48] лалал Боец 6: 1 урона от Сильный боец. HP 68/100
[2026-05-20 20:51:48] лалал Боец 2: 1 урона от Слабый боец. HP 62/100
[2026-05-20 20:51:48] лалал Боец 6: 1 урона от Сильный боец. HP 67/100
[2026-05-20 20:51:48] лалал Боец 2: 1 урона от Слабый боец. HP 61/100
[2026-05-20 20:51:48] лалал Боец 6: 1 урона от Сильный боец. HP 66/100
[2026-05-20 20:51:48] лалал Боец 2: 1 урона от Слабый боец. HP 60/100
[2026-05-20 20:51:48] лалал Боец 6: 1 урона от Сильный боец. HP 65/100
[2026-05-20 20:51:49] лалал Боец 2: 1 урона от Слабый боец. HP 59/100
[2026-05-20 20:51:49] лалал Боец 6: 1 урона от Сильный боец. HP 64/100
[2026-05-20 20:51:49] лалал Боец 2: 1 урона от Слабый боец. HP 58/100
[2026-05-20 20:51:49] лалал Боец 6: 1 урона от Сильный боец. HP 63/100
[2026-05-20 20:51:49] лалал Боец 2: 1 урона от Слабый боец. HP 57/100
[2026-05-20 20:51:49] лалал Боец 6: 1 урона от Сильный боец. HP 62/100
[2026-05-20 20:51:49] лалал Боец 2: 1 урона от Слабый боец. HP 56/100
[2026-05-20 20:51:49] лалал Боец 6: 1 урона от Сильный боец. HP 61/100
[2026-05-20 20:51:50] лалал Боец 2: 1 урона от Слабый боец. HP 55/100
[2026-05-20 20:51:50] лалал Боец 6: 1 урона от Сильный боец. HP 60/100
[2026-05-20 20:51:50] лалал Боец 2: 1 урона от Слабый боец. HP 54/100
[2026-05-20 20:51:50] лалал Боец 6: 1 урона от Сильный боец. HP 59/100
[2026-05-20 20:51:50] лалал Боец 2: 1 урона от Слабый боец. HP 53/100
[2026-05-20 20:51:50] лалал Боец 6: 1 урона от Сильный боец. HP 58/100
[2026-05-20 20:51:50] лалал Боец 2: 1 урона от Слабый боец. HP 52/100
[2026-05-20 20:51:50] лалал Боец 6: 1 урона от Сильный боец. HP 57/100
[2026-05-20 20:51:51] лалал Боец 2: 1 урона от Слабый боец. HP 51/100
[2026-05-20 20:51:51] лалал Боец 6: 1 урона от Сильный боец. HP 56/100
[2026-05-20 20:51:51] лалал Боец 2: 1 урона от Слабый боец. HP 50/100
[2026-05-20 20:51:51] лалал Боец 6: 1 урона от Сильный боец. HP 55/100
[2026-05-20 20:51:51] лалал Боец 2: 1 урона от Слабый боец. HP 49/100
[2026-05-20 20:51:51] лалал Боец 6: 1 урона от Сильный боец. HP 54/100
[2026-05-20 20:51:51] лалал Боец 2: 1 урона от Слабый боец. HP 48/100
[2026-05-20 20:51:51] лалал Боец 6: 1 урона от Сильный боец. HP 53/100
[2026-05-20 20:51:51] лалал Боец 2: 1 урона от Слабый боец. HP 47/100
[2026-05-20 20:51:51] лалал Боец 6: 1 урона от Сильный боец. HP 52/100
[2026-05-20 20:51:52] лалал Боец 2: 1 урона от Слабый боец. HP 46/100
[2026-05-20 20:51:52] лалал Боец 6: 1 урона от Сильный боец. HP 51/100
[2026-05-20 20:51:52] лалал Боец 2: 1 урона от Слабый боец. HP 45/100
[2026-05-20 20:51:52] лалал Боец 6: 1 урона от Сильный боец. HP 50/100
[2026-05-20 20:51:52] лалал Боец 2: 1 урона от Слабый боец. HP 44/100
[2026-05-20 20:51:52] лалал Боец 6: 1 урона от Сильный боец. HP 49/100
[2026-05-20 20:51:52] лалал Боец 2: 1 урона от Слабый боец. HP 43/100
[2026-05-20 20:51:52] лалал Боец 6: 1 урона от Сильный боец. HP 48/100
[2026-05-20 20:51:53] лалал Боец 2: 1 урона от Слабый боец. HP 42/100
[2026-05-20 20:51:53] лалал Боец 6: 1 урона от Сильный боец. HP 47/100
[2026-05-20 20:51:53] лалал Боец 2: 1 урона от Слабый боец. HP 41/100
[2026-05-20 20:51:53] лалал Боец 6: 1 урона от Сильный боец. HP 46/100
[2026-05-20 20:51:53] лалал Боец 2: 1 урона от Слабый боец. HP 40/100
[2026-05-20 20:51:53] лалал Боец 6: 1 урона от Сильный боец. HP 45/100
[2026-05-20 20:51:53] лалал Боец 2: 1 урона от Слабый боец. HP 39/100
[2026-05-20 20:51:53] лалал Боец 6: 1 урона от Сильный боец. HP 44/100
[2026-05-20 20:51:54] лалал Боец 2: 1 урона от Слабый боец. HP 38/100
[2026-05-20 20:51:54] лалал Боец 6: 1 урона от Сильный боец. HP 43/100
[2026-05-20 20:51:54] лалал Боец 2: 1 урона от Слабый боец. HP 37/100
[2026-05-20 20:51:54] лалал Боец 6: 1 урона от Сильный боец. HP 42/100
[2026-05-20 20:51:54] лалал Боец 2: 1 урона от Слабый боец. HP 36/100
[2026-05-20 20:51:54] лалал Боец 6: 1 урона от Сильный боец. HP 41/100
[2026-05-20 20:51:54] лалал Боец 2: 1 урона от Слабый боец. HP 35/100
[2026-05-20 20:51:54] лалал Боец 6: 1 урона от Сильный боец. HP 40/100
[2026-05-20 20:51:55] лалал Боец 2: 1 урона от Слабый боец. HP 34/100
[2026-05-20 20:51:55] лалал Боец 6: 1 урона от Сильный боец. HP 39/100
[2026-05-20 20:51:55] лалал Боец 2: 1 урона от Слабый боец. HP 33/100
[2026-05-20 20:51:55] лалал Боец 6: 1 урона от Сильный боец. HP 38/100
[2026-05-20 20:51:55] лалал Боец 2: 1 урона от Слабый боец. HP 32/100
[2026-05-20 20:51:55] лалал Боец 6: 1 урона от Сильный боец. HP 37/100
[2026-05-20 20:51:55] лалал Боец 2: 1 урона от Слабый боец. HP 31/100
[2026-05-20 20:51:55] лалал Боец 6: 1 урона от Сильный боец. HP 36/100
[2026-05-20 20:51:56] лалал Боец 2: 1 урона от Слабый боец. HP 30/100
[2026-05-20 20:51:56] лалал Боец 6: 1 урона от Сильный боец. HP 35/100
[2026-05-20 20:51:56] лалал Боец 2: 1 урона от Слабый боец. HP 29/100
[2026-05-20 20:51:56] лалал Боец 6: 1 урона от Сильный боец. HP 34/100
[2026-05-20 20:51:56] лалал Боец 2: 1 урона от Слабый боец. HP 28/100
[2026-05-20 20:51:56] лалал Боец 6: 1 урона от Сильный боец. HP 33/100
[2026-05-20 20:51:56] лалал Боец 2: 1 урона от Слабый боец. HP 27/100
[2026-05-20 20:51:56] лалал Боец 6: 1 урона от Сильный боец. HP 32/100
[2026-05-20 20:51:56] лалал Боец 2: 1 урона от Слабый боец. HP 26/100
[2026-05-20 20:51:56] лалал Боец 6: 1 урона от Сильный боец. HP 31/100
[2026-05-20 20:51:57] лалал Боец 2: 1 урона от Слабый боец. HP 25/100
[2026-05-20 20:51:57] лалал Боец 6: 1 урона от Сильный боец. HP 30/100
[2026-05-20 20:51:57] лалал Боец 2: 1 урона от Слабый боец. HP 24/100
[2026-05-20 20:51:57] лалал Боец 6: 1 урона от Сильный боец. HP 29/100
[2026-05-20 20:51:57] лалал Боец 2: 1 урона от Слабый боец. HP 23/100
[2026-05-20 20:51:57] лалал Боец 6: 1 урона от Сильный боец. HP 28/100
[2026-05-20 20:51:57] лалал Боец 2: 1 урона от Слабый боец. HP 22/100
[2026-05-20 20:51:57] лалал Боец 6: 1 урона от Сильный боец. HP 27/100
[2026-05-20 20:51:58] лалал Боец 2: 1 урона от Слабый боец. HP 21/100
[2026-05-20 20:51:58] лалал Боец 6: 1 урона от Сильный боец. HP 26/100
[2026-05-20 20:51:58] лалал Боец 2: 1 урона от Слабый боец. HP 20/100
[2026-05-20 20:51:58] лалал Боец 6: 1 урона от Сильный боец. HP 25/100
[2026-05-20 20:51:58] лалал Боец 2: 1 урона от Слабый боец. HP 19/100
[2026-05-20 20:51:58] лалал Боец 6: 1 урона от Сильный боец. HP 24/100
[2026-05-20 20:51:58] лалал Боец 2: 1 урона от Слабый боец. HP 18/100
[2026-05-20 20:51:58] лалал Боец 6: 1 урона от Сильный боец. HP 23/100
[2026-05-20 20:51:59] лалал Боец 2: 1 урона от Слабый боец. HP 17/100
[2026-05-20 20:51:59] лалал Боец 6: 1 урона от Сильный боец. HP 22/100
[2026-05-20 20:51:59] лалал Боец 2: 1 урона от Слабый боец. HP 16/100
[2026-05-20 20:51:59] лалал Боец 6: 1 урона от Сильный боец. HP 21/100
[2026-05-20 20:51:59] лалал Боец 2: 1 урона от Слабый боец. HP 15/100
[2026-05-20 20:51:59] лалал Боец 6: 1 урона от Сильный боец. HP 20/100
[2026-05-20 20:51:59] лалал Боец 2: 1 урона от Слабый боец. HP 14/100
[2026-05-20 20:51:59] лалал Боец 6: 1 урона от Сильный боец. HP 19/100
[2026-05-20 20:52:00] лалал Боец 2: 1 урона от Слабый боец. HP 13/100
[2026-05-20 20:52:00] лалал Боец 6: 1 урона от Сильный боец. HP 18/100
[2026-05-20 20:52:00] лалал Боец 2: 1 урона от Слабый боец. HP 12/100
[2026-05-20 20:52:00] лалал Боец 6: 1 урона от Сильный боец. HP 17/100
[2026-05-20 20:52:00] лалал Боец 2: 1 урона от Слабый боец. HP 11/100
[2026-05-20 20:52:00] лалал Боец 6: 1 урона от Сильный боец. HP 16/100
[2026-05-20 20:52:00] лалал Боец 2: 1 урона от Слабый боец. HP 10/100
[2026-05-20 20:52:00] лалал Боец 6: 1 урона от Сильный боец. HP 15/100
[2026-05-20 20:52:01] лалал Боец 2: 1 урона от Слабый боец. HP 9/100
[2026-05-20 20:52:01] лалал Боец 6: 1 урона от Сильный боец. HP 14/100
[2026-05-20 20:52:01] лалал Боец 2: 1 урона от Слабый боец. HP 8/100
[2026-05-20 20:52:01] лалал Боец 6: 1 урона от Сильный боец. HP 13/100
[2026-05-20 20:52:01] лалал Боец 2: 1 урона от Слабый боец. HP 7/100
[2026-05-20 20:52:01] лалал Боец 6: 1 урона от Сильный боец. HP 12/100
[2026-05-20 20:52:01] лалал Боец 2: 1 урона от Слабый боец. HP 6/100
[2026-05-20 20:52:01] лалал Боец 6: 1 урона от Сильный боец. HP 11/100
[2026-05-20 20:52:02] лалал Боец 2: 1 урона от Слабый боец. HP 5/100
[2026-05-20 20:52:02] лалал Боец 6: 1 урона от Сильный боец. HP 10/100
[2026-05-20 20:52:02] лалал Боец 2: 1 урона от Слабый боец. HP 4/100
[2026-05-20 20:52:02] лалал Боец 6: 1 урона от Сильный боец. HP 9/100
[2026-05-20 20:52:02] лалал Боец 2: 1 урона от Слабый боец. HP 3/100
[2026-05-20 20:52:02] лалал Боец 6: 1 урона от Сильный боец. HP 8/100
[2026-05-20 20:52:02] лалал Боец 2: 1 урона от Слабый боец. HP 2/100
[2026-05-20 20:52:02] лалал Боец 6: 1 урона от Сильный боец. HP 7/100
[2026-05-20 20:52:02] лалал Боец 2: 1 урона от Слабый боец. HP 1/100
[2026-05-20 20:52:02] лалал Боец 6: 1 урона от Сильный боец. HP 6/100
[2026-05-20 20:52:03] лалал Боец 2: 1 урона от Слабый боец. HP 0/100
[2026-05-20 20:52:03] лалал Боец 2 убит Слабый боец
[2026-05-20 20:52:03] лалал Боец 6: 1 урона от Сильный боец. HP 5/100
[2026-05-20 20:52:03] лалал Боец 6: 1 урона от Сильный боец. HP 4/100
[2026-05-20 20:52:03] лалал Боец 6: 1 урона от Сильный боец. HP 3/100
[2026-05-20 20:52:03] лалал Боец 6: 1 урона от Сильный боец. HP 2/100
[2026-05-20 20:52:04] лалал Боец 6: 1 урона от Сильный боец. HP 1/100
[2026-05-20 20:52:04] лалал Боец 6: 1 урона от Сильный боец. HP 0/100
[2026-05-20 20:52:04] лалал Боец 6 убит Сильный боец
[2026-05-21 11:43:16] лалала Боец 1: 1 урона от Маг. HP 99/100
[2026-05-21 11:43:16] лалала Боец 2: 1 урона от Слабый боец. HP 99/100
[2026-05-21 11:43:16] цыу1 Боец 3: 1 урона от Лучник. HP 21/22
[2026-05-21 11:43:16] лалала Боец 3: 4 урона от Маг. HP 14/18
[2026-05-21 11:43:16] цыу1 Боец 6: 9 урона от Лучник. HP 9/18
[2026-05-21 11:43:16] лалала Боец 1: 1 урона от Лучник. HP 98/100
[2026-05-21 11:43:16] лалала Боец 1: 1 урона от Лучник. HP 97/100
[2026-05-21 11:43:16] цыу1 Боец 10: 4 урона от Лучник. HP 21/25
[2026-05-21 11:43:16] цыу1 Боец 3: 8 урона от Лучник. HP 13/22
[2026-05-21 11:43:16] лалала Боец 4: 8 урона от Лучник. HP 14/22
[2026-05-21 11:43:16] лалала Боец 2: 1 урона от Лучник. HP 98/100
[2026-05-21 11:43:16] цыу1 Боец 2: 4 урона от Лучник. HP 21/25
[2026-05-21 11:43:16] цыу1 Боец 1: 8 урона от Лучник. HP 14/22
[2026-05-21 11:43:16] лалала Боец 3: 9 урона от Лучник. HP 5/18
[2026-05-21 11:43:16] цыу1 Боец 3: 8 урона от Лучник. HP 5/22
[2026-05-21 11:43:16] лалала Боец 5: 9 урона от Лучник. HP 9/18
[2026-05-21 11:43:16] лалала Боец 1: 1 урона от Лучник. HP 96/100
[2026-05-21 11:43:16] лалала Боец 1: 1 урона от Лучник. HP 95/100
[2026-05-21 11:43:17] лалала Боец 1: 1 урона от Маг. HP 94/100
[2026-05-21 11:43:17] лалала Боец 2: 1 урона от Слабый боец. HP 97/100
[2026-05-21 11:43:17] цыу1 Боец 3: 1 урона от Лучник. HP 4/22
[2026-05-21 11:43:17] лалала Боец 3: 4 урона от Маг. HP 1/18
[2026-05-21 11:43:17] цыу1 Боец 9: 1 урона от Лучник. HP 59/60
[2026-05-21 11:43:17] цыу1 Боец 3: 8 урона от Лучник. HP 0/22
[2026-05-21 11:43:17] цыу1 Боец 3 убит Лучник
[2026-05-21 11:43:17] лалала Боец 2: 1 урона от Лучник. HP 96/100
[2026-05-21 11:43:17] лалала Боец 3: 9 урона от Лучник. HP 0/18
[2026-05-21 11:43:17] лалала Боец 3 убит Лучник
[2026-05-21 11:43:17] цыу1 Боец 5: 1 урона от Лучник. HP 99/100
[2026-05-21 11:43:17] лалала Боец 1: 1 урона от Лучник. HP 93/100
[2026-05-21 11:43:17] лалала Боец 2: 1 урона от Лучник. HP 95/100
[2026-05-21 11:43:17] лалала Боец 2: 1 урона от Лучник. HP 94/100
[2026-05-21 11:43:17] цыу1 Боец 1: 8 урона от Лучник. HP 6/22
[2026-05-21 11:43:17] лалала Боец 1: 1 урона от Лучник. HP 92/100
[2026-05-21 11:43:17] лалала Боец 2: 1 урона от Лучник. HP 93/100
[2026-05-21 11:43:17] лалала Боец 4: 8 урона от Лучник. HP 6/22
[2026-05-21 11:43:18] лалала Боец 1: 1 урона от Маг. HP 91/100
[2026-05-21 11:43:18] лалала Боец 2: 1 урона от Слабый боец. HP 92/100
[2026-05-21 11:43:18] цыу1 Боец 4: 1 урона от Лучник. HP 59/60
[2026-05-21 11:43:18] цыу1 Боец 4: 1 урона от Лучник. HP 58/60
[2026-05-21 11:43:18] лалала Боец 5: 9 урона от Лучник. HP 0/18
[2026-05-21 11:43:18] лалала Боец 5 убит Лучник
[2026-05-21 11:43:18] лалала Боец 6: 1 урона от Лучник. HP 69/70
[2026-05-21 11:43:18] лалала Боец 6: 1 урона от Лучник. HP 68/70
[2026-05-21 11:43:18] лалала Боец 1: 1 урона от Лучник. HP 90/100
[2026-05-21 11:43:18] лалала Боец 2: 1 урона от Лучник. HP 91/100
[2026-05-21 11:43:18] лалала Боец 1: 1 урона от Лучник. HP 89/100
[2026-05-21 11:43:18] лалала Боец 2: 1 урона от Лучник. HP 90/100
[2026-05-21 11:43:18] лалала Боец 1: 1 урона от Лучник. HP 88/100
[2026-05-21 11:43:18] лалала Боец 4: 8 урона от Лучник. HP 0/22
[2026-05-21 11:43:18] лалала Боец 4 убит Лучник
[2026-05-21 11:43:18] лалала Боец 1: 1 урона от Маг. HP 87/100
[2026-05-21 11:43:18] лалала Боец 2: 1 урона от Слабый боец. HP 89/100
[2026-05-21 11:43:18] лалала Боец 6: 1 урона от Сильный боец. HP 67/70
[2026-05-21 11:43:18] лалала Боец 2: 1 урона от Лучник. HP 88/100
[2026-05-21 11:43:18] лалала Боец 6: 1 урона от Лучник. HP 66/70
[2026-05-21 11:43:18] лалала Боец 2: 1 урона от Лучник. HP 87/100
[2026-05-21 11:43:18] лалала Боец 7: 1 урона от Лучник. HP 99/100
[2026-05-21 11:43:18] лалала Боец 1: 1 урона от Лучник. HP 86/100
[2026-05-21 11:43:18] лалала Боец 2: 1 урона от Лучник. HP 86/100
[2026-05-21 11:43:18] лалала Боец 2: 1 урона от Лучник. HP 85/100
[2026-05-21 11:43:18] лалала Боец 1: 1 урона от Лучник. HP 85/100
[2026-05-21 11:43:18] лалала Боец 1: 1 урона от Лучник. HP 84/100
[2026-05-21 11:43:18] лалала Боец 1: 1 урона от Лучник. HP 83/100
[2026-05-21 11:43:18] лалала Боец 1: 1 урона от Лучник. HP 82/100
[2026-05-21 11:43:18] лалала Боец 1: 1 урона от Лучник. HP 81/100
[2026-05-21 11:43:25] лалала Боец 1: 1 урона от Маг. HP 99/100
[2026-05-21 11:43:25] лалала Боец 2: 1 урона от Слабый боец. HP 99/100
[2026-05-21 11:43:25] цыу1 Боец 3: 1 урона от Лучник. HP 21/22
[2026-05-21 11:43:25] лалала Боец 3: 4 урона от Маг. HP 14/18
[2026-05-21 11:43:25] цыу1 Боец 2: 4 урона от Лучник. HP 21/25
[2026-05-21 11:43:25] цыу1 Боец 3: 8 урона от Лучник. HP 13/22
[2026-05-21 11:43:25] цыу1 Боец 2: 4 урона от Лучник. HP 17/25
[2026-05-21 11:43:25] лалала Боец 6: 1 урона от Лучник. HP 69/70
[2026-05-21 11:43:25] лалала Боец 1: 1 урона от Лучник. HP 98/100
[2026-05-21 11:43:25] лалала Боец 3: 9 урона от Лучник. HP 5/18
[2026-05-21 11:43:25] цыу1 Боец 10: 4 урона от Лучник. HP 21/25
[2026-05-21 11:43:25] цыу1 Боец 1: 8 урона от Лучник. HP 14/22
[2026-05-21 11:43:25] цыу1 Боец 2: 4 урона от Лучник. HP 13/25
[2026-05-21 11:43:25] лалала Боец 1: 1 урона от Лучник. HP 97/100
[2026-05-21 11:43:25] лалала Боец 5: 9 урона от Лучник. HP 9/18
[2026-05-21 11:43:25] лалала Боец 3: 9 урона от Лучник. HP 0/18
[2026-05-21 11:43:25] лалала Боец 3 убит Лучник
[2026-05-21 11:43:25] цыу1 Боец 2: 4 урона от Лучник. HP 9/25
[2026-05-21 11:43:25] цыу1 Боец 5: 1 урона от Лучник. HP 99/100
[2026-05-21 11:43:25] цыу1 Боец 2: 4 урона от Лучник. HP 5/25
[2026-05-21 11:43:25] лалала Боец 7: 1 урона от Лучник. HP 99/100
[2026-05-21 11:43:25] лалала Боец 1: 1 урона от Лучник. HP 96/100
[2026-05-21 11:43:25] лалала Боец 4: 8 урона от Лучник. HP 14/22
[2026-05-21 11:43:27] цыу1 Боец 1: 1 урона от Лучник. HP 13/22
[2026-05-21 11:43:27] лалала Боец 1: 1 урона от Слабый боец. HP 94/100
[2026-05-21 11:43:27] лалала Боец 2: 1 урона от Маг. HP 97/100
[2026-05-21 11:43:27] цыу1 Боец 3: 8 урона от Лучник. HP 0/22
[2026-05-21 11:43:27] цыу1 Боец 3 убит Лучник
[2026-05-21 11:43:27] цыу1 Боец 7: 9 урона от Лучник. HP 9/18
[2026-05-21 11:43:27] цыу1 Боец 6: 9 урона от Лучник. HP 0/18
[2026-05-21 11:43:27] цыу1 Боец 6 убит Лучник
[2026-05-21 11:43:27] лалала Боец 1: 1 урона от Лучник. HP 93/100
[2026-05-21 11:43:27] цыу1 Боец 2: 4 урона от Лучник. HP 17/25
[2026-05-21 11:43:27] цыу1 Боец 4: 1 урона от Лучник. HP 59/60
[2026-05-21 11:43:27] цыу1 Боец 2: 4 урона от Лучник. HP 13/25
[2026-05-21 11:43:27] лалала Боец 2: 1 урона от Лучник. HP 96/100
[2026-05-21 11:43:27] лалала Боец 1: 1 урона от Лучник. HP 92/100
[2026-05-21 11:43:29] цыу1 Боец 1: 1 урона от Лучник. HP 12/22
[2026-05-21 11:43:29] лалала Боец 1: 1 урона от Слабый боец. HP 91/100
[2026-05-21 11:43:29] лалала Боец 2: 1 урона от Сильный боец. HP 95/100
[2026-05-21 11:43:29] цыу1 Боец 7: 9 урона от Лучник. HP 0/18
[2026-05-21 11:43:29] цыу1 Боец 7 убит Лучник
[2026-05-21 11:43:29] цыу1 Боец 1: 8 урона от Лучник. HP 4/22
[2026-05-21 11:43:29] цыу1 Боец 4: 1 урона от Лучник. HP 58/60
[2026-05-21 11:43:29] лалала Боец 1: 1 урона от Лучник. HP 90/100
[2026-05-21 11:43:29] цыу1 Боец 4: 1 урона от Лучник. HP 57/60
[2026-05-21 11:43:29] цыу1 Боец 2: 4 урона от Лучник. HP 9/25
[2026-05-21 11:43:29] цыу1 Боец 4: 1 урона от Лучник. HP 56/60
[2026-05-21 11:43:29] цыу1 Боец 2: 4 урона от Лучник. HP 5/25
[2026-05-21 11:43:29] цыу1 Боец 4: 1 урона от Лучник. HP 55/60
[2026-05-21 11:43:29] цыу1 Боец 2: 4 урона от Лучник. HP 1/25
[2026-05-21 11:43:29] лалала Боец 1: 1 урона от Лучник. HP 89/100
[2026-05-21 11:43:29] цыу1 Боец 1: 8 урона от Лучник. HP 0/22
[2026-05-21 11:43:29] цыу1 Боец 1 убит Лучник
[2026-05-21 11:43:29] цыу1 Боец 2: 4 урона от Лучник. HP 0/25
[2026-05-21 11:43:29] цыу1 Боец 2 убит Лучник
[2026-05-21 11:43:29] цыу1 Боец 8: 9 урона от Лучник. HP 9/18
[2026-05-21 11:43:29] лалала Боец 6: 1 урона от Лучник. HP 69/70
[2026-05-21 11:43:30] цыу1 Боец 5: 1 урона от Лучник. HP 99/100
[2026-05-21 11:43:30] лалала Боец 1: 1 урона от Лучник. HP 88/100
[2026-05-21 11:43:30] лалала Боец 2: 1 урона от Сильный боец. HP 94/100
[2026-05-21 11:43:30] цыу1 Боец 5: 1 урона от Лучник. HP 98/100
[2026-05-21 11:43:30] цыу1 Боец 4: 1 урона от Лучник. HP 54/60
[2026-05-21 11:43:30] цыу1 Боец 8: 9 урона от Лучник. HP 0/18
[2026-05-21 11:43:30] цыу1 Боец 8 убит Лучник
[2026-05-21 11:43:30] цыу1 Боец 4: 1 урона от Лучник. HP 53/60
[2026-05-21 11:43:30] цыу1 Боец 4: 1 урона от Лучник. HP 52/60
[2026-05-21 11:43:30] цыу1 Боец 4: 1 урона от Лучник. HP 51/60
[2026-05-21 11:43:31] цыу1 Боец 5: 1 урона от Лучник. HP 97/100
[2026-05-21 11:43:31] лалала Боец 1: 1 урона от Сильный боец. HP 87/100
[2026-05-21 11:43:31] лалала Боец 2: 1 урона от Сильный боец. HP 93/100
[2026-05-21 11:43:31] цыу1 Боец 4: 1 урона от Лучник. HP 50/60
[2026-05-21 11:43:31] цыу1 Боец 4: 1 урона от Лучник. HP 49/60
[2026-05-21 11:43:31] цыу1 Боец 4: 1 урона от Лучник. HP 48/60
[2026-05-21 11:43:31] цыу1 Боец 5: 1 урона от Лучник. HP 96/100
[2026-05-21 11:43:31] цыу1 Боец 4: 1 урона от Лучник. HP 47/60
[2026-05-21 11:43:31] цыу1 Боец 4: 1 урона от Лучник. HP 46/60
[2026-05-21 11:43:31] цыу1 Боец 5: 1 урона от Лучник. HP 95/100
[2026-05-21 11:43:31] цыу1 Боец 4: 1 урона от Лучник. HP 45/60
[2026-05-21 11:43:31] цыу1 Боец 4: 1 урона от Лучник. HP 44/60
[2026-05-21 11:43:35] цыу1 Боец 5: 1 урона от Лучник. HP 94/100
[2026-05-21 11:43:35] лалала Боец 1: 1 урона от Сильный боец. HP 86/100
[2026-05-21 11:43:35] лалала Боец 2: 1 урона от Сильный боец. HP 92/100
[2026-05-21 11:43:35] цыу1 Боец 4: 1 урона от Лучник. HP 43/60
[2026-05-21 11:43:35] цыу1 Боец 9: 1 урона от Лучник. HP 59/60
[2026-05-21 11:43:35] цыу1 Боец 9: 1 урона от Лучник. HP 58/60
[2026-05-21 11:43:35] цыу1 Боец 4: 1 урона от Лучник. HP 42/60
[2026-05-21 11:43:35] цыу1 Боец 4: 1 урона от Лучник. HP 41/60
[2026-05-21 11:43:35] цыу1 Боец 4: 1 урона от Лучник. HP 40/60
[2026-05-21 11:43:35] цыу1 Боец 4: 1 урона от Лучник. HP 39/60
[2026-05-21 11:43:35] цыу1 Боец 5: 1 урона от Лучник. HP 93/100
[2026-05-21 11:43:35] цыу1 Боец 4: 1 урона от Лучник. HP 38/60
[2026-05-21 11:43:35] цыу1 Боец 4: 1 урона от Лучник. HP 37/60
[2026-05-21 11:43:35] цыу1 Боец 4: 1 урона от Лучник. HP 36/60
[2026-05-21 11:43:35] цыу1 Боец 5: 1 урона от Лучник. HP 92/100
[2026-05-21 11:43:37] цыу1 Боец 5: 1 урона от Лучник. HP 91/100
[2026-05-21 11:43:37] лалала Боец 1: 1 урона от Сильный боец. HP 85/100
[2026-05-21 11:43:37] лалала Боец 2: 1 урона от Сильный боец. HP 91/100
[2026-05-21 11:43:37] цыу1 Боец 4: 1 урона от Лучник. HP 35/60
[2026-05-21 11:43:37] цыу1 Боец 5: 1 урона от Лучник. HP 90/100
[2026-05-21 11:43:37] цыу1 Боец 4: 1 урона от Лучник. HP 34/60
[2026-05-21 11:43:37] цыу1 Боец 4: 1 урона от Лучник. HP 33/60
[2026-05-21 11:43:37] цыу1 Боец 4: 1 урона от Лучник. HP 32/60
[2026-05-21 11:43:37] цыу1 Боец 4: 1 урона от Лучник. HP 31/60
[2026-05-21 11:43:37] цыу1 Боец 5: 1 урона от Лучник. HP 89/100
[2026-05-21 11:43:37] цыу1 Боец 5: 1 урона от Лучник. HP 88/100
[2026-05-21 11:43:37] цыу1 Боец 5: 1 урона от Лучник. HP 87/100
[2026-05-21 11:43:37] цыу1 Боец 5: 1 урона от Лучник. HP 86/100
[2026-05-21 11:43:37] цыу1 Боец 4: 1 урона от Лучник. HP 30/60
[2026-05-21 11:43:37] цыу1 Боец 5: 1 урона от Лучник. HP 85/100
[2026-05-21 11:43:37] цыу1 Боец 5: 1 урона от Лучник. HP 84/100
[2026-05-21 11:43:37] лалала Боец 1: 1 урона от Сильный боец. HP 84/100
[2026-05-21 11:43:37] лалала Боец 2: 1 урона от Сильный боец. HP 90/100
[2026-05-21 11:43:37] цыу1 Боец 5: 1 урона от Лучник. HP 83/100
[2026-05-21 11:43:37] цыу1 Боец 5: 1 урона от Лучник. HP 82/100
[2026-05-21 11:43:37] цыу1 Боец 9: 1 урона от Лучник. HP 57/60
[2026-05-21 11:43:37] цыу1 Боец 4: 1 урона от Лучник. HP 29/60
[2026-05-21 11:43:37] цыу1 Боец 4: 1 урона от Лучник. HP 28/60
[2026-05-21 11:43:37] цыу1 Боец 10: 4 урона от Лучник. HP 17/25
[2026-05-21 11:43:37] цыу1 Боец 9: 1 урона от Лучник. HP 56/60
[2026-05-21 11:43:37] цыу1 Боец 4: 1 урона от Лучник. HP 27/60
[2026-05-21 11:43:37] цыу1 Боец 5: 1 урона от Лучник. HP 81/100
[2026-05-21 11:43:37] цыу1 Боец 4: 1 урона от Лучник. HP 26/60
[2026-05-21 11:43:37] цыу1 Боец 5: 1 урона от Лучник. HP 80/100
[2026-05-21 11:43:37] цыу1 Боец 10: 4 урона от Лучник. HP 13/25
[2026-05-21 11:43:37] цыу1 Боец 4: 1 урона от Лучник. HP 25/60
[2026-05-21 11:43:37] цыу1 Боец 4: 1 урона от Лучник. HP 24/60
[2026-05-21 11:43:37] цыу1 Боец 9: 1 урона от Лучник. HP 55/60
[2026-05-21 11:43:38] цыу1 Боец 5: 1 урона от Лучник. HP 79/100
[2026-05-21 11:43:38] лалала Боец 1: 1 урона от Сильный боец. HP 83/100
[2026-05-21 11:43:38] лалала Боец 2: 1 урона от Сильный боец. HP 89/100
[2026-05-21 11:43:38] цыу1 Боец 9: 1 урона от Лучник. HP 54/60
[2026-05-21 11:43:38] цыу1 Боец 10: 4 урона от Лучник. HP 9/25
[2026-05-21 11:43:38] цыу1 Боец 5: 1 урона от Лучник. HP 78/100
[2026-05-21 11:43:38] цыу1 Боец 4: 1 урона от Лучник. HP 23/60
[2026-05-21 11:43:38] цыу1 Боец 10: 4 урона от Лучник. HP 5/25
[2026-05-21 11:43:38] цыу1 Боец 4: 1 урона от Лучник. HP 22/60
[2026-05-21 11:43:38] цыу1 Боец 4: 1 урона от Лучник. HP 21/60
[2026-05-21 11:43:38] цыу1 Боец 5: 1 урона от Лучник. HP 77/100
[2026-05-21 11:43:38] цыу1 Боец 5: 1 урона от Лучник. HP 76/100
[2026-05-21 11:43:38] цыу1 Боец 5: 1 урона от Лучник. HP 75/100
[2026-05-21 11:43:38] цыу1 Боец 5: 1 урона от Лучник. HP 74/100
[2026-05-21 11:43:38] цыу1 Боец 4: 1 урона от Лучник. HP 20/60
[2026-05-21 11:43:38] цыу1 Боец 4: 1 урона от Лучник. HP 19/60
[2026-05-21 11:43:38] цыу1 Боец 5: 1 урона от Лучник. HP 73/100
[2026-05-21 11:43:38] цыу1 Боец 4: 1 урона от Лучник. HP 18/60
[2026-05-21 11:43:38] цыу1 Боец 4: 1 урона от Лучник. HP 17/60
[2026-05-21 11:43:38] цыу1 Боец 5: 1 урона от Лучник. HP 72/100
[2026-05-21 11:43:38] лалала Боец 1: 1 урона от Сильный боец. HP 82/100
[2026-05-21 11:43:38] лалала Боец 2: 1 урона от Сильный боец. HP 88/100
[2026-05-21 11:43:38] цыу1 Боец 4: 1 урона от Лучник. HP 16/60
[2026-05-21 11:43:38] цыу1 Боец 4: 1 урона от Лучник. HP 15/60
[2026-05-21 11:43:38] цыу1 Боец 4: 1 урона от Лучник. HP 14/60
[2026-05-21 11:43:38] цыу1 Боец 5: 1 урона от Лучник. HP 71/100
[2026-05-21 11:43:38] цыу1 Боец 9: 1 урона от Лучник. HP 53/60
[2026-05-21 11:43:38] цыу1 Боец 10: 4 урона от Лучник. HP 1/25
[2026-05-21 11:43:38] цыу1 Боец 4: 1 урона от Лучник. HP 13/60
[2026-05-21 11:43:38] цыу1 Боец 4: 1 урона от Лучник. HP 12/60
[2026-05-21 11:43:38] цыу1 Боец 5: 1 урона от Лучник. HP 70/100
[2026-05-21 11:43:38] цыу1 Боец 5: 1 урона от Лучник. HP 69/100
[2026-05-21 11:43:38] цыу1 Боец 10: 4 урона от Лучник. HP 0/25
[2026-05-21 11:43:38] цыу1 Боец 10 убит Лучник
[2026-05-21 11:43:38] цыу1 Боец 4: 1 урона от Лучник. HP 11/60
[2026-05-21 11:43:38] цыу1 Боец 4: 1 урона от Лучник. HP 10/60
[2026-05-21 11:43:38] цыу1 Боец 4: 1 урона от Лучник. HP 9/60
[2026-05-21 11:43:38] цыу1 Боец 4: 1 урона от Лучник. HP 8/60
[2026-05-21 11:43:38] цыу1 Боец 5: 1 урона от Лучник. HP 68/100
[2026-05-21 11:43:38] цыу1 Боец 5: 1 урона от Лучник. HP 67/100
[2026-05-21 11:43:38] цыу1 Боец 5: 1 урона от Лучник. HP 66/100
[2026-05-21 11:43:38] цыу1 Боец 5: 1 урона от Лучник. HP 65/100
[2026-05-21 11:43:38] цыу1 Боец 4: 1 урона от Лучник. HP 7/60
[2026-05-21 11:43:38] цыу1 Боец 5: 1 урона от Лучник. HP 64/100
[2026-05-21 11:43:38] лалала Боец 1: 1 урона от Сильный боец. HP 81/100
[2026-05-21 11:43:38] лалала Боец 2: 1 урона от Сильный боец. HP 87/100
[2026-05-21 11:43:38] цыу1 Боец 5: 1 урона от Лучник. HP 63/100
[2026-05-21 11:43:38] цыу1 Боец 5: 1 урона от Лучник. HP 62/100
[2026-05-21 11:43:38] цыу1 Боец 5: 1 урона от Лучник. HP 61/100
[2026-05-21 11:43:38] цыу1 Боец 4: 1 урона от Лучник. HP 6/60
[2026-05-21 11:43:38] цыу1 Боец 4: 1 урона от Лучник. HP 5/60
[2026-05-21 11:43:38] цыу1 Боец 4: 1 урона от Лучник. HP 4/60
[2026-05-21 11:43:38] цыу1 Боец 4: 1 урона от Лучник. HP 3/60
[2026-05-21 11:43:38] цыу1 Боец 9: 1 урона от Лучник. HP 52/60
[2026-05-21 11:43:38] цыу1 Боец 4: 1 урона от Лучник. HP 2/60
[2026-05-21 11:43:38] цыу1 Боец 4: 1 урона от Лучник. HP 1/60
[2026-05-21 11:43:38] цыу1 Боец 4: 1 урона от Лучник. HP 0/60
[2026-05-21 11:43:38] цыу1 Боец 4 убит Лучник
[2026-05-21 11:43:38] цыу1 Боец 9: 1 урона от Лучник. HP 51/60
[2026-05-21 11:43:38] цыу1 Боец 5: 1 урона от Лучник. HP 60/100
[2026-05-21 11:43:38] цыу1 Боец 5: 1 урона от Лучник. HP 59/100
[2026-05-21 11:43:38] цыу1 Боец 9: 1 урона от Лучник. HP 50/60
[2026-05-21 11:43:38] цыу1 Боец 9: 1 урона от Лучник. HP 49/60
[2026-05-21 11:43:38] цыу1 Боец 9: 1 урона от Лучник. HP 48/60
[2026-05-21 11:43:38] цыу1 Боец 5: 1 урона от Лучник. HP 58/100
[2026-05-21 11:43:38] лалала Боец 1: 1 урона от Сильный боец. HP 80/100
[2026-05-21 11:43:38] лалала Боец 2: 1 урона от Сильный боец. HP 86/100
[2026-05-21 11:43:38] цыу1 Боец 5: 1 урона от Лучник. HP 57/100
[2026-05-21 11:43:38] цыу1 Боец 5: 1 урона от Лучник. HP 56/100
[2026-05-21 11:43:38] цыу1 Боец 5: 1 урона от Лучник. HP 55/100
[2026-05-21 11:43:38] цыу1 Боец 5: 1 урона от Лучник. HP 54/100
[2026-05-21 11:43:38] цыу1 Боец 5: 1 урона от Лучник. HP 53/100
[2026-05-21 11:43:38] цыу1 Боец 5: 1 урона от Лучник. HP 52/100
[2026-05-21 11:43:38] цыу1 Боец 5: 1 урона от Лучник. HP 51/100
[2026-05-21 11:43:38] цыу1 Боец 9: 1 урона от Лучник. HP 47/60
[2026-05-21 11:43:38] цыу1 Боец 5: 1 урона от Лучник. HP 50/100
[2026-05-21 11:43:38] цыу1 Боец 9: 1 урона от Лучник. HP 46/60
[2026-05-21 11:43:38] цыу1 Боец 5: 1 урона от Лучник. HP 49/100
[2026-05-21 11:43:38] цыу1 Боец 5: 1 урона от Лучник. HP 48/100
[2026-05-21 11:43:38] цыу1 Боец 5: 1 урона от Лучник. HP 47/100
[2026-05-21 11:43:38] цыу1 Боец 9: 1 урона от Лучник. HP 45/60
[2026-05-21 11:43:38] цыу1 Боец 5: 1 урона от Лучник. HP 46/100
[2026-05-21 11:43:38] цыу1 Боец 5: 1 урона от Лучник. HP 45/100
[2026-05-21 11:43:38] цыу1 Боец 5: 1 урона от Лучник. HP 44/100
[2026-05-21 11:43:38] цыу1 Боец 5: 1 урона от Лучник. HP 43/100
[2026-05-21 11:43:38] цыу1 Боец 9: 1 урона от Лучник. HP 44/60
[2026-05-21 11:43:38] цыу1 Боец 5: 1 урона от Лучник. HP 42/100
[2026-05-21 11:43:38] цыу1 Боец 9: 1 урона от Лучник. HP 43/60
[2026-05-21 11:43:38] цыу1 Боец 5: 1 урона от Лучник. HP 41/100
[2026-05-21 11:43:38] цыу1 Боец 5: 1 урона от Лучник. HP 40/100
[2026-05-21 11:43:38] цыу1 Боец 5: 1 урона от Лучник. HP 39/100
[2026-05-21 11:43:38] цыу1 Боец 5: 1 урона от Лучник. HP 38/100
[2026-05-21 11:43:38] цыу1 Боец 5: 1 урона от Лучник. HP 37/100
[2026-05-21 11:43:38] цыу1 Боец 9: 1 урона от Лучник. HP 42/60
[2026-05-21 11:43:38] цыу1 Боец 9: 1 урона от Лучник. HP 41/60
[2026-05-21 11:43:38] цыу1 Боец 5: 1 урона от Лучник. HP 36/100
[2026-05-21 11:43:38] цыу1 Боец 5: 1 урона от Лучник. HP 35/100
[2026-05-21 11:43:38] цыу1 Боец 9: 1 урона от Лучник. HP 40/60
[2026-05-21 11:43:38] цыу1 Боец 5: 1 урона от Лучник. HP 34/100
[2026-05-21 11:43:38] цыу1 Боец 9: 1 урона от Лучник. HP 39/60
[2026-05-21 11:43:38] цыу1 Боец 5: 1 урона от Лучник. HP 33/100
[2026-05-21 11:43:38] лалала Боец 1: 1 урона от Сильный боец. HP 79/100
[2026-05-21 11:43:38] лалала Боец 2: 1 урона от Сильный боец. HP 85/100
[2026-05-21 11:43:38] цыу1 Боец 5: 1 урона от Лучник. HP 32/100
[2026-05-21 11:43:38] цыу1 Боец 9: 1 урона от Лучник. HP 38/60
[2026-05-21 11:43:38] цыу1 Боец 9: 1 урона от Лучник. HP 37/60
[2026-05-21 11:43:38] цыу1 Боец 5: 1 урона от Лучник. HP 31/100
[2026-05-21 11:43:38] цыу1 Боец 5: 1 урона от Лучник. HP 30/100
[2026-05-21 11:43:38] цыу1 Боец 5: 1 урона от Лучник. HP 29/100
[2026-05-21 11:43:38] цыу1 Боец 5: 1 урона от Лучник. HP 28/100
[2026-05-21 11:43:38] цыу1 Боец 9: 1 урона от Лучник. HP 36/60
[2026-05-21 11:43:38] цыу1 Боец 5: 1 урона от Лучник. HP 27/100
[2026-05-21 11:43:38] цыу1 Боец 5: 1 урона от Лучник. HP 26/100
[2026-05-21 11:43:38] цыу1 Боец 5: 1 урона от Лучник. HP 25/100
[2026-05-21 11:43:38] цыу1 Боец 5: 1 урона от Лучник. HP 24/100
[2026-05-21 11:43:38] цыу1 Боец 5: 1 урона от Лучник. HP 23/100
[2026-05-21 11:43:38] цыу1 Боец 5: 1 урона от Лучник. HP 22/100
[2026-05-21 11:43:38] цыу1 Боец 9: 1 урона от Лучник. HP 35/60
[2026-05-21 11:43:38] цыу1 Боец 9: 1 урона от Лучник. HP 34/60
[2026-05-21 11:43:38] цыу1 Боец 5: 1 урона от Лучник. HP 21/100
[2026-05-21 11:43:38] цыу1 Боец 5: 1 урона от Лучник. HP 20/100
[2026-05-21 11:43:38] цыу1 Боец 5: 1 урона от Лучник. HP 19/100
[2026-05-21 11:43:38] цыу1 Боец 5: 1 урона от Лучник. HP 18/100
[2026-05-21 11:43:38] цыу1 Боец 5: 1 урона от Лучник. HP 17/100
[2026-05-21 11:43:38] цыу1 Боец 9: 1 урона от Лучник. HP 33/60
[2026-05-21 11:43:38] цыу1 Боец 9: 1 урона от Лучник. HP 32/60
[2026-05-21 11:43:38] цыу1 Боец 5: 1 урона от Лучник. HP 16/100
[2026-05-21 11:43:38] цыу1 Боец 5: 1 урона от Лучник. HP 15/100
[2026-05-21 11:43:38] цыу1 Боец 5: 1 урона от Лучник. HP 14/100
[2026-05-21 11:43:38] цыу1 Боец 5: 1 урона от Лучник. HP 13/100
[2026-05-21 11:43:38] цыу1 Боец 5: 1 урона от Лучник. HP 12/100
[2026-05-21 11:43:38] цыу1 Боец 5: 1 урона от Лучник. HP 11/100
[2026-05-21 11:43:38] цыу1 Боец 5: 1 урона от Лучник. HP 10/100
[2026-05-21 11:43:38] цыу1 Боец 5: 1 урона от Лучник. HP 9/100
[2026-05-21 11:43:38] цыу1 Боец 5: 1 урона от Лучник. HP 8/100
[2026-05-21 11:43:38] цыу1 Боец 5: 1 урона от Лучник. HP 7/100
[2026-05-21 11:43:38] цыу1 Боец 5: 1 урона от Лучник. HP 6/100
[2026-05-21 11:43:38] цыу1 Боец 9: 1 урона от Лучник. HP 31/60
[2026-05-21 11:43:38] цыу1 Боец 5: 1 урона от Лучник. HP 5/100
[2026-05-21 11:43:38] цыу1 Боец 5: 1 урона от Лучник. HP 4/100
[2026-05-21 11:43:38] лалала Боец 1: 1 урона от Сильный боец. HP 78/100
[2026-05-21 11:43:38] лалала Боец 2: 1 урона от Сильный боец. HP 84/100
[2026-05-21 11:43:38] цыу1 Боец 9: 1 урона от Лучник. HP 30/60
[2026-05-21 11:43:38] цыу1 Боец 5: 1 урона от Лучник. HP 3/100
[2026-05-21 11:43:38] цыу1 Боец 5: 1 урона от Лучник. HP 2/100
[2026-05-21 11:43:38] цыу1 Боец 5: 1 урона от Лучник. HP 1/100
[2026-05-21 11:43:38] цыу1 Боец 5: 1 урона от Лучник. HP 0/100
[2026-05-21 11:43:38] цыу1 Боец 5 убит Лучник
[2026-05-21 11:43:38] цыу1 Боец 9: 1 урона от Лучник. HP 29/60
[2026-05-21 11:43:39] цыу1 Боец 9: 1 урона от Лучник. HP 28/60
[2026-05-21 11:43:39] цыу1 Боец 9: 1 урона от Лучник. HP 27/60
[2026-05-21 11:43:39] цыу1 Боец 9: 1 урона от Лучник. HP 26/60
[2026-05-21 11:43:39] цыу1 Боец 9: 1 урона от Лучник. HP 25/60
[2026-05-21 11:43:39] цыу1 Боец 9: 1 урона от Лучник. HP 24/60
[2026-05-21 11:43:39] цыу1 Боец 9: 1 урона от Лучник. HP 23/60
[2026-05-21 11:43:39] цыу1 Боец 9: 1 урона от Лучник. HP 22/60
[2026-05-21 11:43:39] цыу1 Боец 9: 1 урона от Лучник. HP 21/60
[2026-05-21 11:43:39] цыу1 Боец 9: 1 урона от Лучник. HP 20/60
[2026-05-21 11:43:39] цыу1 Боец 9: 1 урона от Лучник. HP 19/60
[2026-05-21 11:43:39] цыу1 Боец 9: 1 урона от Лучник. HP 18/60
[2026-05-21 11:43:39] цыу1 Боец 9: 1 урона от Лучник. HP 17/60
[2026-05-21 11:43:39] цыу1 Боец 9: 1 урона от Лучник. HP 16/60
[2026-05-21 11:43:39] цыу1 Боец 9: 1 урона от Лучник. HP 15/60
[2026-05-21 11:43:39] цыу1 Боец 9: 1 урона от Лучник. HP 14/60
[2026-05-21 11:43:39] цыу1 Боец 9: 1 урона от Лучник. HP 13/60
[2026-05-21 11:43:39] цыу1 Боец 9: 1 урона от Лучник. HP 12/60
[2026-05-21 11:43:39] цыу1 Боец 9: 1 урона от Лучник. HP 11/60
[2026-05-21 11:43:39] цыу1 Боец 9: 1 урона от Лучник. HP 10/60
[2026-05-21 11:43:39] цыу1 Боец 9: 1 урона от Лучник. HP 9/60
[2026-05-21 11:43:39] цыу1 Боец 9: 1 урона от Лучник. HP 8/60
[2026-05-21 11:43:39] цыу1 Боец 9: 1 урона от Лучник. HP 7/60
[2026-05-21 11:43:39] цыу1 Боец 9: 1 урона от Лучник. HP 6/60
[2026-05-21 11:43:39] лалала Боец 1: 1 урона от Сильный боец. HP 77/100
[2026-05-21 11:43:39] лалала Боец 2: 1 урона от Сильный боец. HP 83/100
[2026-05-21 11:43:39] цыу1 Боец 9: 1 урона от Лучник. HP 5/60
[2026-05-21 11:43:39] цыу1 Боец 9: 1 урона от Лучник. HP 4/60
[2026-05-21 11:43:39] цыу1 Боец 9: 1 урона от Лучник. HP 3/60
[2026-05-21 11:43:39] цыу1 Боец 9: 1 урона от Лучник. HP 2/60
[2026-05-21 11:43:39] цыу1 Боец 9: 1 урона от Лучник. HP 1/60
[2026-05-21 11:43:39] цыу1 Боец 9: 1 урона от Лучник. HP 0/60
[2026-05-21 11:43:39] цыу1 Боец 9 убит Лучник
[2026-05-22 16:30:19] васмшг Боец 1: 1 урона от Маг. HP 99/100
[2026-05-22 16:30:19] ывлуаг Боец 8: 10 урона от Лучник. HP 5/15
[2026-05-22 16:30:20] васмшг Боец 1: 1 урона от Маг. HP 98/100
[2026-05-22 16:30:20] ывлуаг Боец 2: 4 урона от Лучник. HP 21/25
[2026-05-22 16:30:20] васмшг Боец 1: 1 урона от Маг. HP 97/100
[2026-05-22 16:30:20] ывлуаг Боец 5: 10 урона от Лучник. HP 5/15
[2026-05-22 16:30:20] васмшг Боец 1: 1 урона от Маг. HP 96/100
[2026-05-22 16:30:20] ывлуаг Боец 2: 4 урона от Лучник. HP 21/25
[2026-05-22 16:30:20] ывлуаг Боец 1: 8 урона от Лучник. HP 14/22
[2026-05-22 16:30:20] васмшг Боец 1: 1 урона от Маг. HP 95/100
[2026-05-22 16:30:20] ывлуаг Боец 1: 8 урона от Лучник. HP 14/22
[2026-05-22 16:30:20] ывлуаг Боец 6: 10 урона от Лучник. HP 5/15
[2026-05-22 16:30:20] васмшг Боец 1: 1 урона от Маг. HP 94/100
[2026-05-22 16:30:20] ывлуаг Боец 1: 8 урона от Лучник. HP 6/22
[2026-05-22 16:30:20] ывлуаг Боец 2: 4 урона от Лучник. HP 17/25
[2026-05-22 16:30:21] васмшг Боец 1: 1 урона от Маг. HP 93/100
[2026-05-22 16:30:21] ывлуаг Боец 1: 8 урона от Лучник. HP 0/22
[2026-05-22 16:30:21] ывлуаг Боец 1 убит Лучник
[2026-05-22 16:30:21] ывлуаг Боец 5: 10 урона от Лучник. HP 5/15
[2026-05-22 16:30:21] васмшг Боец 1: 1 урона от Слабый боец. HP 92/100
[2026-05-22 16:30:21] ывлуаг Боец 10: 1 урона от Лучник. HP 99/100
[2026-05-22 16:30:21] васмшг Боец 1: 1 урона от Слабый боец. HP 91/100
[2026-05-22 16:30:21] ывлуаг Боец 5: 10 урона от Лучник. HP 5/15
[2026-05-22 16:30:21] ывлуаг Боец 2: 4 урона от Лучник. HP 21/25
[2026-05-22 16:30:21] васмшг Боец 1: 1 урона от Слабый боец. HP 90/100
[2026-05-22 16:30:21] ывлуаг Боец 3: 8 урона от Лучник. HP 14/22
[2026-05-22 16:30:22] васмшг Боец 1: 1 урона от Слабый боец. HP 89/100
[2026-05-22 16:30:22] ывлуаг Боец 2: 4 урона от Лучник. HP 21/25
[2026-05-22 16:30:22] васмшг Боец 1: 1 урона от Слабый боец. HP 88/100
[2026-05-22 16:30:22] ывлуаг Боец 5: 10 урона от Лучник. HP 0/15
[2026-05-22 16:30:22] ывлуаг Боец 5 убит Лучник
[2026-05-22 16:30:22] ывлуаг Боец 11: 4 урона от Лучник. HP 21/25
[2026-05-22 16:30:22] ывлуаг Боец 6: 10 урона от Лучник. HP 5/15
[2026-05-22 16:30:22] васмшг Боец 1: 1 урона от Слабый боец. HP 87/100
[2026-05-22 16:30:22] ывлуаг Боец 4: 10 урона от Лучник. HP 5/15
[2026-05-22 16:30:22] ывлуаг Боец 3: 8 урона от Лучник. HP 14/22
[2026-05-22 16:30:23] васмшг Боец 1: 1 урона от Слабый боец. HP 86/100
[2026-05-22 16:30:23] ывлуаг Боец 2: 4 урона от Лучник. HP 21/25
[2026-05-22 16:30:23] ывлуаг Боец 4: 10 урона от Лучник. HP 5/15
[2026-05-22 16:30:23] ывлуаг Боец 7: 10 урона от Лучник. HP 5/15
[2026-05-22 16:30:23] васмшг Боец 1: 1 урона от Слабый боец. HP 85/100
[2026-05-22 16:30:23] васмшг Боец 1: 1 урона от Слабый боец. HP 84/100
[2026-05-22 16:30:23] ывлуаг Боец 2: 4 урона от Лучник. HP 17/25
[2026-05-22 16:30:23] ывлуаг Боец 2: 4 урона от Лучник. HP 13/25
[2026-05-22 16:30:23] ывлуаг Боец 2: 4 урона от Лучник. HP 9/25
[2026-05-22 16:30:23] васмшг Боец 1: 1 урона от Слабый боец. HP 83/100
[2026-05-22 16:30:23] ывлуаг Боец 2: 4 урона от Лучник. HP 5/25
[2026-05-22 16:30:23] ывлуаг Боец 2: 4 урона от Лучник. HP 1/25
[2026-05-22 16:30:24] васмшг Боец 1: 1 урона от Слабый боец. HP 82/100
[2026-05-22 16:30:24] ывлуаг Боец 2: 4 урона от Лучник. HP 0/25
[2026-05-22 16:30:24] ывлуаг Боец 2 убит Лучник
[2026-05-22 16:30:24] ывлуаг Боец 11: 4 урона от Лучник. HP 21/25
[2026-05-22 16:30:24] васмшг Боец 1: 1 урона от Слабый боец. HP 81/100
[2026-05-22 16:30:24] васмшг Боец 1: 1 урона от Слабый боец. HP 80/100
[2026-05-22 16:30:24] ывлуаг Боец 4: 10 урона от Лучник. HP 0/15
[2026-05-22 16:30:24] ывлуаг Боец 4 убит Лучник
[2026-05-22 16:30:24] ывлуаг Боец 3: 8 урона от Лучник. HP 14/22
[2026-05-22 16:30:26] васмшг Боец 1: 1 урона от Маг. HP 79/100
[2026-05-22 16:30:26] ывлуаг Боец 8: 10 урона от Лучник. HP 5/15
[2026-05-22 16:30:26] васмшг Боец 1: 1 урона от Маг. HP 78/100
[2026-05-22 16:30:27] васмшг Боец 1: 1 урона от Маг. HP 77/100
[2026-05-22 16:30:27] ывлуаг Боец 3: 8 урона от Лучник. HP 6/22
[2026-05-22 16:30:28] васмшг Боец 1: 1 урона от Лекарь. HP 76/100
[2026-05-22 16:30:28] васмшг Боец 1: 1 урона от Лекарь. HP 75/100
[2026-05-22 16:30:29] васмшг Боец 1: 1 урона от Лекарь. HP 74/100
[2026-05-22 16:30:30] васмшг Боец 1: 1 урона от Лекарь. HP 99/100
[2026-05-22 16:30:30] ывлуаг Боец 3: 8 урона от Лучник. HP 14/22
[2026-05-22 16:30:30] ывлуаг Боец 9: 1 урона от Лучник. HP 99/100
[2026-05-22 16:30:30] ывлуаг Боец 3: 8 урона от Лучник. HP 6/22
[2026-05-22 16:30:30] ывлуаг Боец 6: 10 урона от Лучник. HP 5/15
[2026-05-22 16:30:30] васмшг Боец 1: 1 урона от Слабый боец. HP 98/100
[2026-05-22 16:30:30] ывлуаг Боец 3: 8 урона от Лучник. HP 0/22
[2026-05-22 16:30:30] ывлуаг Боец 3 убит Лучник
[2026-05-22 16:30:32] васмшг Боец 1: 1 урона от Слабый боец. HP 97/100
[2026-05-22 16:30:32] ывлуаг Боец 8: 10 урона от Лучник. HP 5/15
[2026-05-22 16:30:32] ывлуаг Боец 7: 10 урона от Лучник. HP 5/15
[2026-05-22 16:30:32] ывлуаг Боец 9: 1 урона от Лучник. HP 99/100
[2026-05-22 16:30:32] ывлуаг Боец 6: 10 урона от Лучник. HP 0/15
[2026-05-22 16:30:32] ывлуаг Боец 6 убит Лучник
[2026-05-22 16:30:33] васмшг Боец 1: 1 урона от Слабый боец. HP 96/100
[2026-05-22 16:30:33] васмшг Боец 1: 1 урона от Слабый боец. HP 95/100
[2026-05-22 16:30:33] ывлуаг Боец 7: 10 урона от Лучник. HP 0/15
[2026-05-22 16:30:33] ывлуаг Боец 7 убит Лучник
[2026-05-22 16:30:33] ывлуаг Боец 8: 10 урона от Лучник. HP 0/15
[2026-05-22 16:30:33] ывлуаг Боец 8 убит Лучник
[2026-05-22 16:30:33] ывлуаг Боец 11: 4 урона от Лучник. HP 21/25
[2026-05-22 16:30:33] ывлуаг Боец 9: 1 урона от Лучник. HP 98/100
[2026-05-22 16:30:33] ывлуаг Боец 9: 1 урона от Лучник. HP 97/100
[2026-05-22 16:30:33] ывлуаг Боец 9: 1 урона от Лучник. HP 96/100
[2026-05-22 16:30:33] ывлуаг Боец 10: 1 урона от Лучник. HP 99/100
[2026-05-22 16:30:33] ывлуаг Боец 9: 1 урона от Лучник. HP 95/100
[2026-05-22 16:30:33] ывлуаг Боец 11: 4 урона от Лучник. HP 17/25
[2026-05-22 16:30:33] ывлуаг Боец 10: 1 урона от Лучник. HP 98/100
[2026-05-22 16:30:33] ывлуаг Боец 9: 1 урона от Лучник. HP 94/100
[2026-05-22 16:30:33] васмшг Боец 1: 1 урона от Слабый боец. HP 94/100
[2026-05-22 16:30:33] ывлуаг Боец 9: 1 урона от Лучник. HP 93/100
[2026-05-22 16:30:33] ывлуаг Боец 10: 1 урона от Лучник. HP 97/100
[2026-05-22 16:30:33] ывлуаг Боец 9: 1 урона от Лучник. HP 92/100
[2026-05-22 16:30:33] ывлуаг Боец 9: 1 урона от Лучник. HP 91/100
[2026-05-22 16:30:33] ывлуаг Боец 9: 1 урона от Лучник. HP 90/100
[2026-05-22 16:30:33] ывлуаг Боец 11: 4 урона от Лучник. HP 13/25
[2026-05-22 16:30:33] ывлуаг Боец 11: 4 урона от Лучник. HP 9/25
[2026-05-22 16:30:33] ывлуаг Боец 9: 1 урона от Лучник. HP 89/100
[2026-05-22 16:30:33] ывлуаг Боец 9: 1 урона от Лучник. HP 88/100
[2026-05-22 16:30:33] васмшг Боец 1: 1 урона от Слабый боец. HP 93/100
[2026-05-22 16:30:33] ывлуаг Боец 9: 1 урона от Лучник. HP 87/100
[2026-05-22 16:30:33] ывлуаг Боец 9: 1 урона от Лучник. HP 86/100
[2026-05-22 16:30:33] ывлуаг Боец 10: 1 урона от Лучник. HP 96/100
[2026-05-22 16:30:33] ывлуаг Боец 9: 1 урона от Лучник. HP 85/100
[2026-05-22 16:30:33] ывлуаг Боец 9: 1 урона от Лучник. HP 84/100
[2026-05-22 16:30:33] ывлуаг Боец 9: 1 урона от Лучник. HP 83/100
[2026-05-22 16:30:33] ывлуаг Боец 10: 1 урона от Лучник. HP 95/100
[2026-05-22 16:30:33] ывлуаг Боец 9: 1 урона от Лучник. HP 82/100
[2026-05-22 16:30:33] ывлуаг Боец 9: 1 урона от Лучник. HP 81/100
[2026-05-22 16:30:34] васмшг Боец 1: 1 урона от Слабый боец. HP 92/100
[2026-05-22 16:30:34] ывлуаг Боец 9: 1 урона от Лучник. HP 80/100
[2026-05-22 16:30:34] ывлуаг Боец 9: 1 урона от Лучник. HP 79/100
[2026-05-22 16:30:34] ывлуаг Боец 11: 4 урона от Лучник. HP 5/25
[2026-05-22 16:30:34] ывлуаг Боец 9: 1 урона от Лучник. HP 78/100
[2026-05-22 16:30:34] ывлуаг Боец 9: 1 урона от Лучник. HP 77/100
[2026-05-22 16:30:34] ывлуаг Боец 9: 1 урона от Лучник. HP 76/100
[2026-05-22 16:30:34] ывлуаг Боец 10: 1 урона от Лучник. HP 94/100
[2026-05-22 16:30:34] ывлуаг Боец 9: 1 урона от Лучник. HP 75/100
[2026-05-22 16:30:34] ывлуаг Боец 9: 1 урона от Лучник. HP 74/100
[2026-05-22 16:30:34] васмшг Боец 1: 1 урона от Слабый боец. HP 91/100
[2026-05-22 16:30:34] ывлуаг Боец 9: 1 урона от Лучник. HP 73/100
[2026-05-22 16:30:34] ывлуаг Боец 11: 4 урона от Лучник. HP 1/25
[2026-05-22 16:30:34] ывлуаг Боец 9: 1 урона от Лучник. HP 72/100
[2026-05-22 16:30:34] ывлуаг Боец 9: 1 урона от Лучник. HP 71/100
[2026-05-22 16:30:34] ывлуаг Боец 10: 1 урона от Лучник. HP 93/100
[2026-05-22 16:30:34] ывлуаг Боец 10: 1 урона от Лучник. HP 92/100
[2026-05-22 16:30:34] ывлуаг Боец 10: 1 урона от Лучник. HP 91/100
[2026-05-22 16:30:34] ывлуаг Боец 9: 1 урона от Лучник. HP 70/100
[2026-05-22 16:30:34] ывлуаг Боец 10: 1 урона от Лучник. HP 90/100
[2026-05-22 16:30:34] васмшг Боец 1: 1 урона от Слабый боец. HP 90/100
[2026-05-22 16:30:34] ывлуаг Боец 10: 1 урона от Лучник. HP 89/100
[2026-05-22 16:30:34] ывлуаг Боец 9: 1 урона от Лучник. HP 69/100
[2026-05-22 16:30:34] ывлуаг Боец 11: 4 урона от Лучник. HP 0/25
[2026-05-22 16:30:34] ывлуаг Боец 11 убит Лучник
[2026-05-22 16:30:34] ывлуаг Боец 9: 1 урона от Лучник. HP 68/100
[2026-05-22 16:30:34] ывлуаг Боец 10: 1 урона от Лучник. HP 88/100
[2026-05-22 16:30:34] ывлуаг Боец 9: 1 урона от Лучник. HP 67/100
[2026-05-22 16:30:34] ывлуаг Боец 9: 1 урона от Лучник. HP 66/100
[2026-05-22 16:30:34] ывлуаг Боец 10: 1 урона от Лучник. HP 87/100
[2026-05-22 16:30:34] ывлуаг Боец 10: 1 урона от Лучник. HP 86/100
[2026-05-22 16:30:34] ывлуаг Боец 9: 1 урона от Лучник. HP 65/100
[2026-05-22 16:30:37] ывлуаг Боец 9: 1 урона от Лучник. HP 64/100
[2026-05-22 16:30:37] ывлуаг Боец 10: 1 урона от Лучник. HP 85/100
[2026-05-22 16:30:37] ывлуаг Боец 9: 1 урона от Лучник. HP 63/100
[2026-05-22 16:30:37] ывлуаг Боец 9: 1 урона от Лучник. HP 62/100
[2026-05-22 16:30:37] ывлуаг Боец 9: 1 урона от Лучник. HP 61/100
[2026-05-22 16:30:37] ывлуаг Боец 9: 1 урона от Лучник. HP 60/100
[2026-05-22 16:30:37] ывлуаг Боец 9: 1 урона от Лучник. HP 59/100
[2026-05-22 16:30:37] ывлуаг Боец 9: 1 урона от Лучник. HP 58/100
[2026-05-22 16:30:37] ывлуаг Боец 10: 1 урона от Лучник. HP 84/100
[2026-05-22 16:30:37] ывлуаг Боец 9: 1 урона от Лучник. HP 57/100
[2026-05-22 16:30:37] ывлуаг Боец 9: 1 урона от Лучник. HP 56/100
[2026-05-22 16:30:37] ывлуаг Боец 9: 1 урона от Лучник. HP 55/100
[2026-05-22 16:30:37] ывлуаг Боец 10: 1 урона от Лучник. HP 83/100
[2026-05-22 16:30:37] ывлуаг Боец 9: 1 урона от Лучник. HP 54/100
[2026-05-22 16:30:37] ывлуаг Боец 9: 1 урона от Лучник. HP 53/100
[2026-05-22 16:30:37] ывлуаг Боец 9: 1 урона от Лучник. HP 52/100
[2026-05-22 16:30:37] ывлуаг Боец 9: 1 урона от Лучник. HP 51/100
[2026-05-22 16:30:37] ывлуаг Боец 9: 1 урона от Лучник. HP 50/100
[2026-05-22 16:30:37] ывлуаг Боец 9: 1 урона от Лучник. HP 49/100
[2026-05-22 16:30:37] ывлуаг Боец 9: 1 урона от Лучник. HP 48/100
[2026-05-22 16:38:34] цыан Боец 1: 16 урона от Сильный боец. HP 6/22
[2026-05-22 16:38:34] лдва Боец 1: 1 урона от Маг. HP 59/60
[2026-05-22 16:38:34] лдва Боец 5: 1 урона от Лучник. HP 69/70
[2026-05-22 16:38:42] цыан Боец 1: 16 урона от Сильный боец. HP 0/22
[2026-05-22 16:38:42] цыан Боец 1 убит Сильный боец
[2026-05-22 16:38:42] лдва Боец 1: 1 урона от Лучник. HP 58/60
[2026-05-22 16:38:46] цыан Боец 2: 1 урона от Сильный боец. HP 99/100
[2026-05-22 16:38:46] лдва Боец 4: 1 урона от Лучник. HP 59/60
[2026-05-22 16:38:47] цыан Боец 2: 1 урона от Сильный боец. HP 98/100
[2026-05-22 16:38:47] лдва Боец 1: 1 урона от Лучник. HP 57/60
[2026-05-22 16:38:47] цыан Боец 2: 1 урона от Сильный боец. HP 97/100
[2026-05-22 16:38:47] лдва Боец 1: 1 урона от Лучник. HP 56/60
[2026-05-22 16:38:48] цыан Боец 2: 1 урона от Сильный боец. HP 96/100
[2026-05-22 16:38:48] лдва Боец 2: 1 урона от Лучник. HP 99/100
[2026-05-22 16:38:48] цыан Боец 2: 1 урона от Сильный боец. HP 95/100
[2026-05-22 16:38:49] лдва Боец 1: 1 урона от Лучник. HP 55/60
[2026-05-22 16:38:49] цыан Боец 2: 1 урона от Сильный боец. HP 94/100
[2026-05-22 16:38:49] лдва Боец 7: 4 урона от Лучник. HP 21/25
[2026-05-22 16:38:50] цыан Боец 2: 1 урона от Сильный боец. HP 93/100
[2026-05-22 16:38:50] лдва Боец 3: 1 урона от Лучник. HP 69/70
[2026-05-22 16:38:50] цыан Боец 2: 1 урона от Сильный боец. HP 92/100
[2026-05-22 16:38:50] лдва Боец 1: 1 урона от Лучник. HP 54/60
[2026-05-22 16:38:50] цыан Боец 2: 1 урона от Сильный боец. HP 91/100
[2026-05-22 16:38:50] лдва Боец 1: 1 урона от Лучник. HP 53/60
[2026-05-22 16:38:51] цыан Боец 2: 1 урона от Сильный боец. HP 90/100
[2026-05-22 16:38:51] лдва Боец 1: 1 урона от Лучник. HP 52/60
[2026-05-22 16:38:51] цыан Боец 2: 1 урона от Сильный боец. HP 89/100
[2026-05-22 16:38:51] лдва Боец 2: 1 урона от Лучник. HP 98/100
[2026-05-22 16:38:51] цыан Боец 2: 1 урона от Сильный боец. HP 88/100
[2026-05-22 16:38:51] лдва Боец 1: 1 урона от Лучник. HP 51/60
[2026-05-22 16:38:51] цыан Боец 2: 1 урона от Сильный боец. HP 87/100
[2026-05-22 16:38:51] лдва Боец 2: 1 урона от Лучник. HP 97/100
[2026-05-22 16:38:51] цыан Боец 2: 1 урона от Сильный боец. HP 86/100
[2026-05-22 16:38:51] лдва Боец 2: 1 урона от Лучник. HP 96/100
[2026-05-22 16:38:51] лдва Боец 3: 1 урона от Лучник. HP 68/70
[2026-05-22 16:38:52] цыан Боец 2: 1 урона от Сильный боец. HP 85/100
[2026-05-22 16:38:52] лдва Боец 4: 1 урона от Лучник. HP 58/60
[2026-05-22 16:38:52] лдва Боец 5: 1 урона от Лучник. HP 68/70
[2026-05-22 16:38:52] цыан Боец 2: 1 урона от Сильный боец. HP 84/100
[2026-05-22 16:38:52] лдва Боец 6: 1 урона от Лучник. HP 59/60
[2026-05-22 16:38:52] лдва Боец 3: 1 урона от Лучник. HP 67/70
[2026-05-22 16:38:52] цыан Боец 2: 1 урона от Сильный боец. HP 83/100
[2026-05-22 16:38:52] лдва Боец 1: 1 урона от Лучник. HP 50/60
[2026-05-22 16:38:52] лдва Боец 1: 1 урона от Лучник. HP 49/60
[2026-05-22 16:38:52] цыан Боец 2: 1 урона от Сильный боец. HP 82/100
[2026-05-22 16:38:52] лдва Боец 3: 1 урона от Лучник. HP 66/70
[2026-05-22 16:38:52] лдва Боец 2: 1 урона от Лучник. HP 95/100
[2026-05-22 16:38:52] цыан Боец 2: 1 урона от Сильный боец. HP 81/100
[2026-05-22 16:38:52] лдва Боец 1: 1 урона от Лучник. HP 48/60
[2026-05-22 16:38:52] лдва Боец 4: 1 урона от Лучник. HP 57/60
[2026-05-22 16:38:52] цыан Боец 2: 1 урона от Сильный боец. HP 80/100
[2026-05-22 16:38:52] лдва Боец 1: 1 урона от Лучник. HP 47/60
[2026-05-22 16:38:52] лдва Боец 4: 1 урона от Лучник. HP 56/60
[2026-05-22 16:38:53] цыан Боец 2: 1 урона от Сильный боец. HP 79/100
[2026-05-22 16:38:53] лдва Боец 6: 1 урона от Лучник. HP 58/60
[2026-05-22 16:38:53] лдва Боец 1: 1 урона от Лучник. HP 46/60
[2026-05-22 16:38:53] цыан Боец 2: 1 урона от Сильный боец. HP 78/100
[2026-05-22 16:38:53] лдва Боец 2: 1 урона от Лучник. HP 94/100
[2026-05-22 16:38:53] лдва Боец 1: 1 урона от Лучник. HP 45/60
[2026-05-22 16:38:53] цыан Боец 2: 1 урона от Сильный боец. HP 77/100
[2026-05-22 16:38:53] лдва Боец 3: 1 урона от Лучник. HP 65/70
[2026-05-22 16:38:53] лдва Боец 6: 1 урона от Лучник. HP 57/60
[2026-05-22 16:38:53] цыан Боец 2: 1 урона от Сильный боец. HP 76/100
[2026-05-22 16:38:53] лдва Боец 3: 1 урона от Лучник. HP 64/70
[2026-05-22 16:38:53] лдва Боец 2: 1 урона от Лучник. HP 93/100
[2026-05-22 16:38:53] цыан Боец 2: 1 урона от Сильный боец. HP 75/100
[2026-05-22 16:38:53] лдва Боец 1: 1 урона от Лучник. HP 44/60
[2026-05-22 16:38:53] лдва Боец 5: 1 урона от Лучник. HP 67/70
[2026-05-22 16:38:54] цыан Боец 2: 1 урона от Сильный боец. HP 74/100
[2026-05-22 16:38:54] лдва Боец 1: 1 урона от Лучник. HP 43/60
[2026-05-22 16:38:54] лдва Боец 4: 1 урона от Лучник. HP 55/60
[2026-05-22 16:38:54] цыан Боец 2: 1 урона от Сильный боец. HP 73/100
[2026-05-22 16:38:54] лдва Боец 3: 1 урона от Лучник. HP 63/70
[2026-05-22 16:38:54] лдва Боец 1: 1 урона от Лучник. HP 42/60
[2026-05-22 16:38:54] цыан Боец 2: 1 урона от Сильный боец. HP 72/100
[2026-05-22 16:38:54] лдва Боец 5: 1 урона от Лучник. HP 66/70
[2026-05-22 16:38:54] лдва Боец 2: 1 урона от Лучник. HP 92/100
[2026-05-22 16:38:54] цыан Боец 2: 1 урона от Сильный боец. HP 71/100
[2026-05-22 16:38:54] лдва Боец 1: 1 урона от Лучник. HP 41/60
[2026-05-22 16:38:54] лдва Боец 1: 1 урона от Лучник. HP 40/60
[2026-05-22 16:38:54] цыан Боец 2: 1 урона от Сильный боец. HP 70/100
[2026-05-22 16:38:54] лдва Боец 3: 1 урона от Лучник. HP 62/70
[2026-05-22 16:38:54] лдва Боец 3: 1 урона от Лучник. HP 61/70
[2026-05-22 16:38:55] цыан Боец 2: 1 урона от Сильный боец. HP 69/100
[2026-05-22 16:38:55] лдва Боец 2: 1 урона от Лучник. HP 91/100
[2026-05-22 16:38:55] лдва Боец 2: 1 урона от Лучник. HP 90/100
[2026-05-22 16:38:55] цыан Боец 2: 1 урона от Сильный боец. HP 68/100
[2026-05-22 16:38:55] лдва Боец 2: 1 урона от Лучник. HP 89/100
[2026-05-22 16:38:55] лдва Боец 1: 1 урона от Лучник. HP 39/60
[2026-05-22 16:38:55] цыан Боец 2: 1 урона от Сильный боец. HP 67/100
[2026-05-22 16:38:55] лдва Боец 1: 1 урона от Лучник. HP 38/60
[2026-05-22 16:38:55] лдва Боец 3: 1 урона от Лучник. HP 60/70
[2026-05-22 16:38:55] цыан Боец 2: 1 урона от Сильный боец. HP 66/100
[2026-05-22 16:38:55] лдва Боец 5: 1 урона от Лучник. HP 65/70
[2026-05-22 16:38:55] лдва Боец 4: 1 урона от Лучник. HP 54/60
[2026-05-22 16:38:55] цыан Боец 2: 1 урона от Сильный боец. HP 65/100
[2026-05-22 16:38:55] лдва Боец 2: 1 урона от Лучник. HP 88/100
[2026-05-22 16:38:55] лдва Боец 2: 1 урона от Лучник. HP 87/100
[2026-05-22 16:38:55] лдва Боец 5: 1 урона от Лучник. HP 64/70
[2026-05-22 16:38:55] цыан Боец 2: 1 урона от Сильный боец. HP 64/100
[2026-05-22 16:38:55] лдва Боец 1: 1 урона от Лучник. HP 37/60
[2026-05-22 16:38:55] лдва Боец 2: 1 урона от Лучник. HP 86/100
[2026-05-22 16:38:55] лдва Боец 1: 1 урона от Лучник. HP 36/60
[2026-05-22 16:38:56] цыан Боец 2: 1 урона от Сильный боец. HP 63/100
[2026-05-22 16:38:56] лдва Боец 3: 1 урона от Лучник. HP 59/70
[2026-05-22 16:38:56] лдва Боец 4: 1 урона от Лучник. HP 53/60
[2026-05-22 16:38:56] лдва Боец 1: 1 урона от Лучник. HP 35/60
[2026-05-22 16:38:56] лдва Боец 1: 1 урона от Лучник. HP 34/60
[2026-05-22 16:38:56] цыан Боец 2: 1 урона от Сильный боец. HP 62/100
[2026-05-22 16:38:56] лдва Боец 3: 1 урона от Лучник. HP 58/70
[2026-05-22 16:38:56] лдва Боец 2: 1 урона от Лучник. HP 85/100
[2026-05-22 16:38:56] лдва Боец 2: 1 урона от Лучник. HP 84/100
[2026-05-22 16:38:56] лдва Боец 2: 1 урона от Лучник. HP 83/100
[2026-05-22 16:38:56] цыан Боец 2: 1 урона от Сильный боец. HP 61/100
[2026-05-22 16:38:56] лдва Боец 3: 1 урона от Лучник. HP 57/70
[2026-05-22 16:38:56] лдва Боец 1: 1 урона от Лучник. HP 33/60
[2026-05-22 16:38:56] лдва Боец 3: 1 урона от Лучник. HP 56/70
[2026-05-22 16:38:56] лдва Боец 1: 1 урона от Лучник. HP 32/60
[2026-05-22 16:38:56] цыан Боец 2: 1 урона от Сильный боец. HP 60/100
[2026-05-22 16:38:56] лдва Боец 5: 1 урона от Лучник. HP 63/70
[2026-05-22 16:38:56] лдва Боец 3: 1 урона от Лучник. HP 55/70
[2026-05-22 16:38:56] лдва Боец 4: 1 урона от Лучник. HP 52/60
[2026-05-22 16:38:56] лдва Боец 5: 1 урона от Лучник. HP 62/70
[2026-05-22 16:39:32] ывсмо Боец 1: 1 урона от Лекарь. HP 69/70
[2026-05-22 16:39:32] ывшгса Боец 2: 1 урона от Лучник. HP 24/25
[2026-05-22 16:39:32] ывсмо Боец 2: 7 урона от Слабый боец. HP 11/18
[2026-05-22 16:39:32] ывсмо Боец 3: 1 урона от Лучник. HP 59/60
[2026-05-22 16:39:32] ывшгса Боец 3: 17 урона от Сильный боец. HP 1/18
[2026-05-22 16:39:32] ывсмо Боец 2: 9 урона от Лучник. HP 2/18
[2026-05-22 16:39:32] ывшгса Боец 1: 10 урона от Лучник. HP 5/15
[2026-05-22 16:39:32] ывсмо Боец 3: 1 урона от Лучник. HP 58/60
[2026-05-22 16:39:32] ывшгса Боец 13: 1 урона от Лучник. HP 59/60
[2026-05-22 16:39:32] ывсмо Боец 1: 1 урона от Лучник. HP 69/70
[2026-05-22 16:39:32] ывшгса Боец 1: 10 урона от Лучник. HP 0/15
[2026-05-22 16:39:32] ывшгса Боец 1 убит Лучник
[2026-05-22 16:39:32] ывсмо Боец 2: 9 урона от Лучник. HP 0/18
[2026-05-22 16:39:32] ывсмо Боец 2 убит Лучник
[2026-05-22 16:39:32] ывшгса Боец 5: 4 урона от Лучник. HP 21/25
[2026-05-22 16:39:33] ывсмо Боец 4: 1 урона от Слабый боец. HP 99/100
[2026-05-22 16:39:33] ывсмо Боец 3: 1 урона от Лучник. HP 57/60
[2026-05-22 16:39:33] ывшгса Боец 3: 17 урона от Сильный боец. HP 1/18
[2026-05-22 16:39:33] ывсмо Боец 1: 1 урона от Лучник. HP 68/70
[2026-05-22 16:39:33] ывшгса Боец 10: 4 урона от Лучник. HP 21/25
[2026-05-22 16:39:33] ывсмо Боец 7: 1 урона от Лучник. HP 99/100
[2026-05-22 16:39:33] ывшгса Боец 3: 9 урона от Лучник. HP 0/18
[2026-05-22 16:39:33] ывшгса Боец 3 убит Лучник
[2026-05-22 16:39:33] ывсмо Боец 1: 1 урона от Лучник. HP 69/70
[2026-05-22 16:39:33] ывшгса Боец 7: 1 урона от Лучник. HP 99/100
[2026-05-22 16:39:33] ывсмо Боец 3: 1 урона от Лучник. HP 56/60
[2026-05-22 16:39:33] ывшгса Боец 4: 1 урона от Лучник. HP 69/70
[2026-05-22 16:39:34] ывсмо Боец 4: 1 урона от Слабый боец. HP 98/100
[2026-05-22 16:39:34] ывсмо Боец 3: 1 урона от Слабый боец. HP 55/60
[2026-05-22 16:39:34] ывшгса Боец 5: 12 урона от Сильный боец. HP 13/25
[2026-05-22 16:39:34] ывсмо Боец 3: 1 урона от Лучник. HP 54/60
[2026-05-22 16:39:34] ывшгса Боец 5: 4 урона от Лучник. HP 9/25
[2026-05-22 16:39:34] ывсмо Боец 5: 1 урона от Лучник. HP 99/100
[2026-05-22 16:39:34] ывшгса Боец 11: 4 урона от Лучник. HP 21/25
[2026-05-22 16:39:34] ывсмо Боец 5: 1 урона от Лучник. HP 98/100
[2026-05-22 16:39:34] ывшгса Боец 12: 10 урона от Лучник. HP 5/15
[2026-05-22 16:39:34] ывсмо Боец 1: 1 урона от Лучник. HP 69/70
[2026-05-22 16:39:34] ывшгса Боец 6: 4 урона от Лучник. HP 21/25
[2026-05-22 16:39:34] ывсмо Боец 4: 1 урона от Слабый боец. HP 97/100
[2026-05-22 16:39:34] ывсмо Боец 3: 1 урона от Слабый боец. HP 53/60
[2026-05-22 16:39:34] ывшгса Боец 5: 12 урона от Сильный боец. HP 0/25
[2026-05-22 16:39:34] ывшгса Боец 5 убит Сильный боец
[2026-05-22 16:39:34] ывсмо Боец 6: 1 урона от Лучник. HP 99/100
[2026-05-22 16:39:34] ывшгса Боец 4: 1 урона от Лучник. HP 68/70
[2026-05-22 16:39:34] ывсмо Боец 5: 1 урона от Лучник. HP 97/100
[2026-05-22 16:39:34] ывшгса Боец 7: 1 урона от Лучник. HP 99/100
[2026-05-22 16:39:35] ывсмо Боец 4: 1 урона от Лучник. HP 96/100
[2026-05-22 16:39:35] ывшгса Боец 10: 4 урона от Лучник. HP 17/25
[2026-05-22 16:39:35] ывсмо Боец 1: 1 урона от Лучник. HP 69/70
[2026-05-22 16:39:35] ывшгса Боец 10: 4 урона от Лучник. HP 13/25
[2026-05-22 16:39:35] ывсмо Боец 4: 1 урона от Слабый боец. HP 95/100
[2026-05-22 16:39:35] ывсмо Боец 3: 1 урона от Слабый боец. HP 52/60
[2026-05-22 16:39:35] ывшгса Боец 6: 12 урона от Сильный боец. HP 9/25
[2026-05-22 16:39:35] ывсмо Боец 1: 1 урона от Лучник. HP 68/70
[2026-05-22 16:39:35] ывшгса Боец 2: 4 урона от Лучник. HP 21/25
[2026-05-22 16:39:35] ывсмо Боец 8: 10 урона от Лучник. HP 5/15
[2026-05-22 16:39:35] ывшгса Боец 6: 4 урона от Лучник. HP 5/25
[2026-05-22 16:39:35] ывсмо Боец 1: 1 урона от Лучник. HP 69/70
[2026-05-22 16:39:35] ывшгса Боец 7: 1 урона от Лучник. HP 99/100
[2026-05-22 16:39:35] ывсмо Боец 1: 1 урона от Лучник. HP 68/70
[2026-05-22 16:39:35] ывшгса Боец 13: 1 урона от Лучник. HP 59/60
[2026-05-22 16:39:36] ывсмо Боец 4: 1 урона от Слабый боец. HP 99/100
[2026-05-22 16:39:36] ывсмо Боец 3: 1 урона от Слабый боец. HP 51/60
[2026-05-22 16:39:36] ывшгса Боец 6: 12 урона от Сильный боец. HP 0/25
[2026-05-22 16:39:36] ывшгса Боец 6 убит Сильный боец
[2026-05-22 16:39:36] ывсмо Боец 1: 1 урона от Лучник. HP 67/70
[2026-05-22 16:39:36] ывшгса Боец 2: 4 урона от Лучник. HP 21/25
[2026-05-22 16:39:36] ывсмо Боец 5: 1 урона от Лучник. HP 96/100
[2026-05-22 16:39:36] ывшгса Боец 7: 1 урона от Лучник. HP 98/100
[2026-05-22 16:39:36] ывсмо Боец 5: 1 урона от Лучник. HP 95/100
[2026-05-22 16:39:36] ывшгса Боец 7: 1 урона от Лучник. HP 97/100
[2026-05-22 16:39:36] ывсмо Боец 1: 1 урона от Лучник. HP 69/70
[2026-05-22 16:39:36] ывшгса Боец 2: 4 урона от Лучник. HP 17/25
[2026-05-22 16:39:37] ывсмо Боец 4: 1 урона от Слабый боец. HP 98/100
[2026-05-22 16:39:37] ывшгса Боец 7: 1 урона от Сильный боец. HP 96/100
[2026-05-22 16:39:37] ывсмо Боец 4: 1 урона от Лучник. HP 97/100
[2026-05-22 16:39:37] ывшгса Боец 8: 10 урона от Лучник. HP 5/15
[2026-05-22 16:39:37] ывсмо Боец 1: 1 урона от Лучник. HP 68/70
[2026-05-22 16:39:37] ывшгса Боец 2: 4 урона от Лучник. HP 21/25
[2026-05-22 16:39:37] ывсмо Боец 3: 1 урона от Лучник. HP 50/60
[2026-05-22 16:39:37] ывшгса Боец 2: 4 урона от Лучник. HP 17/25
[2026-05-22 16:39:37] ывсмо Боец 1: 1 урона от Лучник. HP 67/70
[2026-05-22 16:39:37] ывшгса Боец 4: 1 урона от Лучник. HP 69/70
[2026-05-22 16:39:37] ывсмо Боец 4: 1 урона от Слабый боец. HP 99/100
[2026-05-22 16:39:37] ывшгса Боец 7: 1 урона от Сильный боец. HP 99/100
[2026-05-22 16:39:37] ывсмо Боец 1: 1 урона от Лучник. HP 66/70
[2026-05-22 16:39:37] ывшгса Боец 7: 1 урона от Лучник. HP 98/100
[2026-05-22 16:39:37] ывсмо Боец 1: 1 урона от Лучник. HP 65/70
[2026-05-22 16:39:37] ывшгса Боец 4: 1 урона от Лучник. HP 68/70
[2026-05-22 16:39:37] ывсмо Боец 1: 1 урона от Лучник. HP 64/70
[2026-05-22 16:39:37] ывшгса Боец 7: 1 урона от Лучник. HP 97/100
[2026-05-22 16:39:37] ывсмо Боец 4: 1 урона от Лучник. HP 98/100
[2026-05-22 16:39:37] ывшгса Боец 4: 1 урона от Лучник. HP 67/70
[2026-05-22 16:39:38] ывсмо Боец 4: 1 урона от Слабый боец. HP 97/100
[2026-05-22 16:39:38] ывшгса Боец 7: 1 урона от Сильный боец. HP 96/100
[2026-05-22 16:39:38] ывсмо Боец 6: 1 урона от Лучник. HP 99/100
[2026-05-22 16:39:38] ывшгса Боец 4: 1 урона от Лучник. HP 66/70
[2026-05-22 16:39:38] ывсмо Боец 1: 1 урона от Лучник. HP 63/70
[2026-05-22 16:39:38] ывшгса Боец 12: 10 урона от Лучник. HP 5/15
[2026-05-22 16:39:38] ывсмо Боец 7: 1 урона от Лучник. HP 99/100
[2026-05-22 16:39:38] ывшгса Боец 9: 9 урона от Лучник. HP 9/18
[2026-05-22 16:39:38] ывсмо Боец 6: 1 урона от Лучник. HP 98/100
[2026-05-22 16:39:38] ывшгса Боец 2: 4 урона от Лучник. HP 21/25
[2026-05-22 16:39:39] ывсмо Боец 4: 1 урона от Слабый боец. HP 99/100
[2026-05-22 16:39:39] ывшгса Боец 7: 1 урона от Сильный боец. HP 99/100
[2026-05-22 16:39:39] ывсмо Боец 1: 1 урона от Лучник. HP 62/70
[2026-05-22 16:39:39] ывшгса Боец 7: 1 урона от Лучник. HP 98/100
[2026-05-22 16:39:39] ывсмо Боец 4: 1 урона от Лучник. HP 98/100
[2026-05-22 16:39:39] ывшгса Боец 10: 4 урона от Лучник. HP 21/25
[2026-05-22 16:39:39] ывсмо Боец 8: 10 урона от Лучник. HP 0/15
[2026-05-22 16:39:39] ывсмо Боец 8 убит Лучник
[2026-05-22 16:39:39] ывшгса Боец 12: 10 урона от Лучник. HP 5/15
[2026-05-22 16:39:39] ывсмо Боец 4: 1 урона от Лучник. HP 97/100
[2026-05-22 16:39:39] ывшгса Боец 7: 1 урона от Лучник. HP 97/100
[2026-05-22 16:39:39] ывсмо Боец 4: 1 урона от Слабый боец. HP 96/100
[2026-05-22 16:39:39] ывшгса Боец 7: 1 урона от Сильный боец. HP 99/100
[2026-05-22 16:39:39] ывсмо Боец 7: 1 урона от Лучник. HP 99/100
[2026-05-22 16:39:39] ывшгса Боец 7: 1 урона от Лучник. HP 98/100
[2026-05-22 16:39:39] ывсмо Боец 3: 1 урона от Лучник. HP 49/60
[2026-05-22 16:39:39] ывшгса Боец 7: 1 урона от Лучник. HP 97/100
[2026-05-22 16:39:39] ывсмо Боец 9: 9 урона от Лучник. HP 9/18
[2026-05-22 16:39:39] ывшгса Боец 4: 1 урона от Лучник. HP 65/70
[2026-05-22 16:39:39] ывсмо Боец 9: 9 урона от Лучник. HP 0/18
[2026-05-22 16:39:39] ывсмо Боец 9 убит Лучник
[2026-05-22 16:39:39] ывсмо Боец 4: 1 урона от Слабый боец. HP 95/100
[2026-05-22 16:39:39] ывшгса Боец 7: 1 урона от Сильный боец. HP 99/100
[2026-05-22 16:39:39] ывсмо Боец 3: 1 урона от Лучник. HP 48/60
[2026-05-22 16:39:39] ывсмо Боец 1: 1 урона от Лучник. HP 61/70
[2026-05-22 16:39:40] ывсмо Боец 4: 1 урона от Лучник. HP 94/100
[2026-05-22 16:39:40] ывсмо Боец 1: 1 урона от Лучник. HP 60/70
[2026-05-22 16:39:40] ывсмо Боец 4: 1 урона от Слабый боец. HP 93/100
[2026-05-22 16:39:40] ывшгса Боец 7: 1 урона от Сильный боец. HP 98/100
[2026-05-22 16:39:40] ывсмо Боец 4: 1 урона от Лучник. HP 92/100
[2026-05-22 16:39:40] ывсмо Боец 5: 1 урона от Лучник. HP 99/100
[2026-05-22 16:39:40] ывсмо Боец 6: 1 урона от Лучник. HP 97/100
[2026-05-22 16:39:40] ывсмо Боец 1: 1 урона от Лучник. HP 59/70
[2026-05-22 16:39:40] ывсмо Боец 4: 1 урона от Слабый боец. HP 91/100
[2026-05-22 16:39:40] ывшгса Боец 7: 1 урона от Сильный боец. HP 99/100
[2026-05-22 16:39:40] ывсмо Боец 6: 1 урона от Лучник. HP 96/100
[2026-05-22 16:39:40] ывсмо Боец 3: 1 урона от Лучник. HP 47/60
[2026-05-22 16:39:40] ывсмо Боец 1: 1 урона от Лучник. HP 58/70
[2026-05-22 16:39:40] ывсмо Боец 1: 1 урона от Лучник. HP 57/70
[2026-05-22 16:39:40] ывсмо Боец 4: 1 урона от Слабый боец. HP 90/100
[2026-05-22 16:39:40] ывшгса Боец 7: 1 урона от Сильный боец. HP 99/100
[2026-05-22 16:39:40] ывсмо Боец 1: 1 урона от Лучник. HP 56/70
[2026-05-22 16:39:40] ывсмо Боец 1: 1 урона от Лучник. HP 55/70
[2026-05-22 16:39:40] ывсмо Боец 1: 1 урона от Лучник. HP 54/70
[2026-05-22 16:39:40] ывсмо Боец 4: 1 урона от Лучник. HP 89/100
[2026-05-22 16:39:40] ывсмо Боец 4: 1 урона от Слабый боец. HP 88/100
[2026-05-22 16:39:40] ывшгса Боец 7: 1 урона от Сильный боец. HP 99/100
[2026-05-22 16:39:40] ывсмо Боец 4: 1 урона от Лучник. HP 87/100
[2026-05-22 16:39:40] ывсмо Боец 1: 1 урона от Лучник. HP 53/70
[2026-05-22 16:39:40] ывсмо Боец 4: 1 урона от Лучник. HP 86/100
[2026-05-22 16:39:40] ывсмо Боец 1: 1 урона от Лучник. HP 52/70
[2026-05-22 16:39:40] ывсмо Боец 4: 1 урона от Слабый боец. HP 85/100
[2026-05-22 16:39:40] ывшгса Боец 7: 1 урона от Сильный боец. HP 98/100
[2026-05-22 16:39:40] ывсмо Боец 1: 1 урона от Лучник. HP 51/70
[2026-05-22 16:39:40] ывсмо Боец 3: 1 урона от Лучник. HP 46/60
[2026-05-22 16:39:40] ывсмо Боец 6: 1 урона от Лучник. HP 95/100
[2026-05-22 16:39:40] ывсмо Боец 3: 1 урона от Лучник. HP 45/60
[2026-05-22 16:39:41] ывсмо Боец 4: 1 урона от Слабый боец. HP 84/100
[2026-05-22 16:39:41] ывшгса Боец 7: 1 урона от Сильный боец. HP 99/100
[2026-05-22 16:39:41] ывсмо Боец 1: 1 урона от Лучник. HP 50/70
[2026-05-22 16:39:41] ывсмо Боец 3: 1 урона от Лучник. HP 44/60
[2026-05-22 16:39:41] ывсмо Боец 1: 1 урона от Лучник. HP 49/70
[2026-05-22 16:39:41] ывсмо Боец 1: 1 урона от Лучник. HP 48/70
[2026-05-22 16:39:41] ывсмо Боец 4: 1 урона от Слабый боец. HP 83/100
[2026-05-22 16:39:41] ывшгса Боец 7: 1 урона от Сильный боец. HP 98/100
[2026-05-22 16:39:41] ывсмо Боец 5: 1 урона от Лучник. HP 98/100
[2026-05-22 16:39:41] ывсмо Боец 4: 1 урона от Лучник. HP 82/100
[2026-05-22 16:39:41] ывсмо Боец 1: 1 урона от Лучник. HP 47/70
[2026-05-22 16:39:41] ывсмо Боец 1: 1 урона от Лучник. HP 46/70
[2026-05-22 16:39:41] ывсмо Боец 4: 1 урона от Слабый боец. HP 81/100
[2026-05-22 16:39:41] ывшгса Боец 7: 1 урона от Сильный боец. HP 97/100
[2026-05-22 16:39:41] ывсмо Боец 3: 1 урона от Лучник. HP 43/60
[2026-05-22 16:39:41] ывсмо Боец 5: 1 урона от Лучник. HP 97/100
[2026-05-22 16:39:41] ывсмо Боец 1: 1 урона от Лучник. HP 45/70
[2026-05-22 16:39:41] ывсмо Боец 1: 1 урона от Лучник. HP 44/70
[2026-05-22 16:39:41] ывсмо Боец 4: 1 урона от Слабый боец. HP 80/100
[2026-05-22 16:39:41] ывшгса Боец 7: 1 урона от Сильный боец. HP 99/100
[2026-05-22 16:39:41] ывсмо Боец 4: 1 урона от Лучник. HP 79/100
[2026-05-22 16:39:41] ывсмо Боец 1: 1 урона от Лучник. HP 43/70
[2026-05-22 16:39:41] ывсмо Боец 4: 1 урона от Лучник. HP 78/100
[2026-05-22 16:39:41] ывсмо Боец 4: 1 урона от Лучник. HP 77/100
[2026-05-22 16:39:41] ывсмо Боец 4: 1 урона от Слабый боец. HP 76/100
[2026-05-22 16:39:41] ывшгса Боец 7: 1 урона от Сильный боец. HP 99/100
[2026-05-22 16:39:41] ывсмо Боец 1: 1 урона от Лучник. HP 42/70
[2026-05-22 16:39:41] ывсмо Боец 4: 1 урона от Лучник. HP 75/100
[2026-05-22 16:39:41] ывсмо Боец 1: 1 урона от Лучник. HP 41/70
[2026-05-22 16:39:41] ывсмо Боец 1: 1 урона от Лучник. HP 40/70
[2026-05-22 16:39:41] ывсмо Боец 4: 1 урона от Слабый боец. HP 74/100
[2026-05-22 16:39:41] ывшгса Боец 7: 1 урона от Сильный боец. HP 98/100
[2026-05-22 16:39:41] ывсмо Боец 1: 1 урона от Лучник. HP 39/70
[2026-05-22 16:39:41] ывсмо Боец 7: 1 урона от Лучник. HP 98/100
[2026-05-22 16:39:41] ывсмо Боец 6: 1 урона от Лучник. HP 94/100
[2026-05-22 16:39:41] ывсмо Боец 3: 1 урона от Лучник. HP 42/60
[2026-05-22 16:39:42] ывсмо Боец 4: 1 урона от Слабый боец. HP 73/100
[2026-05-22 16:39:42] ывшгса Боец 7: 1 урона от Сильный боец. HP 97/100
[2026-05-22 16:39:42] ывсмо Боец 3: 1 урона от Лучник. HP 41/60
[2026-05-22 16:39:42] ывсмо Боец 1: 1 урона от Лучник. HP 38/70
[2026-05-22 16:39:42] ывсмо Боец 3: 1 урона от Лучник. HP 40/60
[2026-05-22 16:39:42] ывсмо Боец 4: 1 урона от Лучник. HP 72/100
[2026-05-22 16:39:42] ывсмо Боец 4: 1 урона от Слабый боец. HP 71/100
[2026-05-22 16:39:42] ывшгса Боец 7: 1 урона от Сильный боец. HP 96/100
[2026-05-22 16:39:42] ывсмо Боец 4: 1 урона от Лучник. HP 70/100
[2026-05-22 16:39:42] ывсмо Боец 1: 1 урона от Лучник. HP 37/70
[2026-05-22 16:39:42] ывсмо Боец 7: 1 урона от Лучник. HP 97/100
[2026-05-22 16:39:42] ывсмо Боец 3: 1 урона от Лучник. HP 39/60
[2026-05-22 16:39:42] ывсмо Боец 4: 1 урона от Слабый боец. HP 69/100
[2026-05-22 16:39:42] ывшгса Боец 7: 1 урона от Сильный боец. HP 99/100
[2026-05-22 16:39:42] ывсмо Боец 4: 1 урона от Лучник. HP 68/100
[2026-05-22 16:39:42] ывсмо Боец 1: 1 урона от Лучник. HP 36/70
[2026-05-22 16:39:42] ывсмо Боец 3: 1 урона от Лучник. HP 38/60
[2026-05-22 16:39:42] ывсмо Боец 4: 1 урона от Лучник. HP 67/100
[2026-05-22 16:39:42] ывсмо Боец 4: 1 урона от Слабый боец. HP 66/100
[2026-05-22 16:39:42] ывшгса Боец 7: 1 урона от Сильный боец. HP 98/100
[2026-05-22 16:39:42] ывсмо Боец 1: 1 урона от Лучник. HP 35/70
[2026-05-22 16:39:42] ывсмо Боец 7: 1 урона от Лучник. HP 96/100
[2026-05-22 16:39:42] ывсмо Боец 1: 1 урона от Лучник. HP 34/70
[2026-05-22 16:39:42] ывсмо Боец 1: 1 урона от Лучник. HP 33/70
[2026-05-22 16:39:42] ывсмо Боец 4: 1 урона от Слабый боец. HP 65/100
[2026-05-22 16:39:42] ывшгса Боец 7: 1 урона от Сильный боец. HP 99/100
[2026-05-22 16:39:42] ывсмо Боец 1: 1 урона от Лучник. HP 32/70
[2026-05-22 16:39:42] ывсмо Боец 4: 1 урона от Лучник. HP 64/100
[2026-05-22 16:39:42] ывсмо Боец 1: 1 урона от Лучник. HP 31/70
[2026-05-22 16:39:42] ывсмо Боец 10: 4 урона от Лучник. HP 21/25
[2026-05-22 16:39:42] ывсмо Боец 4: 1 урона от Слабый боец. HP 63/100
[2026-05-22 16:39:42] ывшгса Боец 7: 1 урона от Сильный боец. HP 99/100
[2026-05-22 16:39:42] ывсмо Боец 1: 1 урона от Лучник. HP 30/70
[2026-05-22 16:39:42] ывсмо Боец 5: 1 урона от Лучник. HP 96/100
[2026-05-22 16:39:42] ывсмо Боец 4: 1 урона от Лучник. HP 62/100
[2026-05-22 16:39:42] ывсмо Боец 1: 1 урона от Лучник. HP 29/70
[2026-05-22 16:39:43] ывсмо Боец 4: 1 урона от Слабый боец. HP 61/100
[2026-05-22 16:39:43] ывшгса Боец 7: 1 урона от Сильный боец. HP 99/100
[2026-05-22 16:39:43] ывсмо Боец 4: 1 урона от Лучник. HP 60/100
[2026-05-22 16:39:43] ывсмо Боец 4: 1 урона от Лучник. HP 59/100
[2026-05-22 16:39:43] ывсмо Боец 4: 1 урона от Лучник. HP 58/100
[2026-05-22 16:39:43] ывсмо Боец 1: 1 урона от Лучник. HP 28/70
[2026-05-22 16:39:43] ывсмо Боец 4: 1 урона от Слабый боец. HP 57/100
[2026-05-22 16:39:43] ывшгса Боец 7: 1 урона от Сильный боец. HP 99/100
[2026-05-22 16:39:43] ывсмо Боец 1: 1 урона от Лучник. HP 27/70
[2026-05-22 16:39:43] ывсмо Боец 4: 1 урона от Лучник. HP 56/100
[2026-05-22 16:39:43] ывсмо Боец 1: 1 урона от Лучник. HP 26/70
[2026-05-22 16:39:43] ывсмо Боец 4: 1 урона от Лучник. HP 55/100
[2026-05-22 16:39:43] ывсмо Боец 4: 1 урона от Слабый боец. HP 54/100
[2026-05-22 16:39:43] ывшгса Боец 7: 1 урона от Сильный боец. HP 98/100
[2026-05-22 16:39:43] ывсмо Боец 4: 1 урона от Лучник. HP 53/100
[2026-05-22 16:39:43] ывсмо Боец 3: 1 урона от Лучник. HP 37/60
[2026-05-22 16:39:43] ывсмо Боец 5: 1 урона от Лучник. HP 95/100
[2026-05-22 16:39:43] ывсмо Боец 1: 1 урона от Лучник. HP 25/70
[2026-05-22 16:39:43] ывсмо Боец 4: 1 урона от Слабый боец. HP 52/100
[2026-05-22 16:39:43] ывшгса Боец 7: 1 урона от Сильный боец. HP 99/100
[2026-05-22 16:39:43] ывсмо Боец 7: 1 урона от Лучник. HP 95/100
[2026-05-22 16:39:43] ывсмо Боец 3: 1 урона от Лучник. HP 36/60
[2026-05-22 16:39:43] ывсмо Боец 1: 1 урона от Лучник. HP 24/70
[2026-05-22 16:39:43] ывсмо Боец 1: 1 урона от Лучник. HP 23/70
[2026-05-22 16:39:43] ывсмо Боец 4: 1 урона от Слабый боец. HP 51/100
[2026-05-22 16:39:43] ывшгса Боец 7: 1 урона от Сильный боец. HP 98/100
[2026-05-22 16:39:43] ывсмо Боец 5: 1 урона от Лучник. HP 94/100
[2026-05-22 16:39:43] ывсмо Боец 3: 1 урона от Лучник. HP 35/60
[2026-05-22 16:39:43] ывсмо Боец 4: 1 урона от Лучник. HP 50/100
[2026-05-22 16:39:43] ывсмо Боец 10: 4 урона от Лучник. HP 17/25
[2026-05-22 16:39:43] ывсмо Боец 4: 1 урона от Слабый боец. HP 49/100
[2026-05-22 16:39:43] ывшгса Боец 7: 1 урона от Сильный боец. HP 99/100
[2026-05-22 16:39:43] ывсмо Боец 6: 1 урона от Лучник. HP 93/100
[2026-05-22 16:39:43] ывсмо Боец 6: 1 урона от Лучник. HP 92/100
[2026-05-22 16:39:43] ывсмо Боец 4: 1 урона от Лучник. HP 48/100
[2026-05-22 16:39:43] ывсмо Боец 3: 1 урона от Лучник. HP 34/60
[2026-05-22 16:39:44] ывсмо Боец 4: 1 урона от Слабый боец. HP 47/100
[2026-05-22 16:39:44] ывшгса Боец 7: 1 урона от Сильный боец. HP 99/100
[2026-05-22 16:39:44] ывсмо Боец 1: 1 урона от Лучник. HP 22/70
[2026-05-22 16:39:44] ывсмо Боец 7: 1 урона от Лучник. HP 94/100
[2026-05-22 16:39:44] ывсмо Боец 3: 1 урона от Лучник. HP 33/60
[2026-05-22 16:39:44] ывсмо Боец 3: 1 урона от Лучник. HP 32/60
[2026-05-22 16:39:44] ывсмо Боец 4: 1 урона от Слабый боец. HP 46/100
[2026-05-22 16:39:44] ывшгса Боец 7: 1 урона от Сильный боец. HP 98/100
[2026-05-22 16:39:44] ывсмо Боец 1: 1 урона от Лучник. HP 21/70
[2026-05-22 16:39:44] ывсмо Боец 1: 1 урона от Лучник. HP 20/70
[2026-05-22 16:39:44] ывсмо Боец 1: 1 урона от Лучник. HP 19/70
[2026-05-22 16:39:44] ывсмо Боец 3: 1 урона от Лучник. HP 31/60
[2026-05-22 16:39:44] ывсмо Боец 4: 1 урона от Слабый боец. HP 45/100
[2026-05-22 16:39:44] ывшгса Боец 7: 1 урона от Сильный боец. HP 99/100
[2026-05-22 16:39:44] ывсмо Боец 3: 1 урона от Лучник. HP 30/60
[2026-05-22 16:39:44] ывсмо Боец 1: 1 урона от Лучник. HP 18/70
[2026-05-22 16:39:44] ывсмо Боец 3: 1 урона от Лучник. HP 29/60
[2026-05-22 16:39:44] ывсмо Боец 3: 1 урона от Лучник. HP 28/60
[2026-05-22 16:39:44] ывсмо Боец 4: 1 урона от Слабый боец. HP 44/100
[2026-05-22 16:39:44] ывшгса Боец 7: 1 урона от Сильный боец. HP 98/100
[2026-05-22 16:39:44] ывсмо Боец 4: 1 урона от Лучник. HP 43/100
[2026-05-22 16:39:44] ывсмо Боец 1: 1 урона от Лучник. HP 17/70
[2026-05-22 16:39:44] ывсмо Боец 6: 1 урона от Лучник. HP 91/100
[2026-05-22 16:39:44] ывсмо Боец 5: 1 урона от Лучник. HP 93/100
[2026-05-22 16:39:44] ывсмо Боец 4: 1 урона от Слабый боец. HP 42/100
[2026-05-22 16:39:44] ывшгса Боец 7: 1 урона от Сильный боец. HP 99/100
[2026-05-22 16:39:44] ывсмо Боец 5: 1 урона от Лучник. HP 92/100
[2026-05-22 16:39:44] ывсмо Боец 7: 1 урона от Лучник. HP 93/100
[2026-05-22 16:39:44] ывсмо Боец 3: 1 урона от Лучник. HP 27/60
[2026-05-22 16:39:44] ывсмо Боец 1: 1 урона от Лучник. HP 16/70
[2026-05-22 16:39:45] ывсмо Боец 4: 1 урона от Слабый боец. HP 41/100
[2026-05-22 16:39:45] ывшгса Боец 7: 1 урона от Сильный боец. HP 99/100
[2026-05-22 16:39:45] ывсмо Боец 6: 1 урона от Лучник. HP 90/100
[2026-05-22 16:39:45] ывсмо Боец 6: 1 урона от Лучник. HP 89/100
[2026-05-22 16:39:45] ывсмо Боец 3: 1 урона от Лучник. HP 26/60
[2026-05-22 16:39:45] ывсмо Боец 4: 1 урона от Лучник. HP 40/100
[2026-05-22 16:39:45] ывсмо Боец 4: 1 урона от Слабый боец. HP 39/100
[2026-05-22 16:39:45] ывшгса Боец 7: 1 урона от Сильный боец. HP 98/100
[2026-05-22 16:39:45] ывсмо Боец 5: 1 урона от Лучник. HP 91/100
[2026-05-22 16:39:45] ывсмо Боец 5: 1 урона от Лучник. HP 90/100
[2026-05-22 16:39:45] ывсмо Боец 5: 1 урона от Лучник. HP 89/100
[2026-05-22 16:39:45] ывсмо Боец 1: 1 урона от Лучник. HP 15/70
[2026-05-22 16:39:45] ывсмо Боец 4: 1 урона от Слабый боец. HP 38/100
[2026-05-22 16:39:45] ывшгса Боец 7: 1 урона от Сильный боец. HP 97/100
[2026-05-22 16:39:45] ывсмо Боец 1: 1 урона от Лучник. HP 14/70
[2026-05-22 16:39:45] ывсмо Боец 5: 1 урона от Лучник. HP 88/100
[2026-05-22 16:39:45] ывсмо Боец 4: 1 урона от Лучник. HP 37/100
[2026-05-22 16:39:45] ывсмо Боец 6: 1 урона от Лучник. HP 88/100
[2026-05-22 16:39:45] ывсмо Боец 4: 1 урона от Слабый боец. HP 36/100
[2026-05-22 16:39:45] ывшгса Боец 7: 1 урона от Сильный боец. HP 99/100
[2026-05-22 16:39:45] ывсмо Боец 1: 1 урона от Лучник. HP 13/70
[2026-05-22 16:39:45] ывсмо Боец 3: 1 урона от Лучник. HP 25/60
[2026-05-22 16:39:45] ывсмо Боец 10: 4 урона от Лучник. HP 13/25
[2026-05-22 16:39:45] ывсмо Боец 4: 1 урона от Лучник. HP 35/100
[2026-05-22 16:39:45] ывсмо Боец 4: 1 урона от Слабый боец. HP 34/100
[2026-05-22 16:39:45] ывшгса Боец 7: 1 урона от Сильный боец. HP 99/100
[2026-05-22 16:39:45] ывсмо Боец 5: 1 урона от Лучник. HP 87/100
[2026-05-22 16:39:45] ывсмо Боец 1: 1 урона от Лучник. HP 12/70
[2026-05-22 16:39:45] ывсмо Боец 1: 1 урона от Лучник. HP 11/70
[2026-05-22 16:39:45] ывсмо Боец 1: 1 урона от Лучник. HP 10/70
[2026-05-22 16:39:45] ывсмо Боец 4: 1 урона от Слабый боец. HP 33/100
[2026-05-22 16:39:45] ывшгса Боец 7: 1 урона от Сильный боец. HP 99/100
[2026-05-22 16:39:45] ывсмо Боец 1: 1 урона от Лучник. HP 9/70
[2026-05-22 16:39:45] ывсмо Боец 3: 1 урона от Лучник. HP 24/60
[2026-05-22 16:39:45] ывсмо Боец 1: 1 урона от Лучник. HP 8/70
[2026-05-22 16:39:45] ывсмо Боец 4: 1 урона от Лучник. HP 32/100
[2026-05-22 16:39:46] ывсмо Боец 4: 1 урона от Слабый боец. HP 31/100
[2026-05-22 16:39:46] ывшгса Боец 7: 1 урона от Сильный боец. HP 98/100
[2026-05-22 16:39:46] ывсмо Боец 7: 1 урона от Лучник. HP 92/100
[2026-05-22 16:39:46] ывсмо Боец 5: 1 урона от Лучник. HP 86/100
[2026-05-22 16:39:46] ывсмо Боец 10: 4 урона от Лучник. HP 9/25
[2026-05-22 16:39:46] ывсмо Боец 1: 1 урона от Лучник. HP 7/70
[2026-05-22 16:39:46] ывсмо Боец 4: 1 урона от Слабый боец. HP 30/100
[2026-05-22 16:39:46] ывшгса Боец 7: 1 урона от Сильный боец. HP 97/100
[2026-05-22 16:39:46] ывсмо Боец 5: 1 урона от Лучник. HP 85/100
[2026-05-22 16:39:46] ывсмо Боец 1: 1 урона от Лучник. HP 6/70
[2026-05-22 16:39:46] ывсмо Боец 5: 1 урона от Лучник. HP 84/100
[2026-05-22 16:39:46] ывсмо Боец 1: 1 урона от Лучник. HP 5/70
[2026-05-22 16:39:47] ывсмо Боец 4: 1 урона от Слабый боец. HP 29/100
[2026-05-22 16:39:47] ывшгса Боец 7: 1 урона от Сильный боец. HP 99/100
[2026-05-22 16:39:47] ывсмо Боец 4: 1 урона от Лучник. HP 28/100
[2026-05-22 16:39:47] ывсмо Боец 1: 1 урона от Лучник. HP 4/70
[2026-05-22 16:39:47] ывсмо Боец 1: 1 урона от Лучник. HP 3/70
[2026-05-22 16:39:47] ывсмо Боец 3: 1 урона от Лучник. HP 23/60
[2026-05-22 16:39:47] ывсмо Боец 4: 1 урона от Слабый боец. HP 27/100
[2026-05-22 16:39:47] ывшгса Боец 7: 1 урона от Сильный боец. HP 99/100
[2026-05-22 16:39:47] ывсмо Боец 1: 1 урона от Лучник. HP 2/70
[2026-05-22 16:39:47] ывсмо Боец 1: 1 урона от Лучник. HP 1/70
[2026-05-22 16:39:47] ывсмо Боец 3: 1 урона от Лучник. HP 22/60
[2026-05-22 16:39:47] ывсмо Боец 3: 1 урона от Лучник. HP 21/60
[2026-05-22 16:39:48] ывсмо Боец 4: 1 урона от Слабый боец. HP 26/100
[2026-05-22 16:39:48] ывшгса Боец 7: 1 урона от Сильный боец. HP 98/100
[2026-05-22 16:39:48] ывсмо Боец 3: 1 урона от Лучник. HP 20/60
[2026-05-22 16:39:48] ывсмо Боец 3: 1 урона от Лучник. HP 19/60
[2026-05-22 16:39:48] ывсмо Боец 1: 1 урона от Лучник. HP 0/70
[2026-05-22 16:39:48] ывсмо Боец 1 убит Лучник
[2026-05-22 16:39:48] ывсмо Боец 4: 1 урона от Лучник. HP 25/100
[2026-05-22 16:39:50] ывсмо Боец 4: 1 урона от Слабый боец. HP 24/100
[2026-05-22 16:39:50] ывшгса Боец 7: 1 урона от Сильный боец. HP 97/100
[2026-05-22 16:39:50] ывсмо Боец 3: 1 урона от Лучник. HP 18/60
[2026-05-22 16:39:50] ывсмо Боец 6: 1 урона от Лучник. HP 87/100
[2026-05-22 16:39:50] ывсмо Боец 3: 1 урона от Лучник. HP 17/60
[2026-05-22 16:39:50] ывсмо Боец 3: 1 урона от Лучник. HP 16/60
[2026-05-22 16:39:50] ывсмо Боец 4: 1 урона от Слабый боец. HP 23/100
[2026-05-22 16:39:50] ывшгса Боец 7: 1 урона от Сильный боец. HP 99/100
[2026-05-22 16:39:50] ывсмо Боец 5: 1 урона от Лучник. HP 83/100
[2026-05-22 16:39:50] ывсмо Боец 4: 1 урона от Лучник. HP 22/100
[2026-05-22 16:39:50] ывсмо Боец 3: 1 урона от Лучник. HP 15/60
[2026-05-22 16:39:50] ывсмо Боец 6: 1 урона от Лучник. HP 86/100
[2026-05-22 16:39:50] ывсмо Боец 4: 1 урона от Слабый боец. HP 21/100
[2026-05-22 16:39:50] ывшгса Боец 7: 1 урона от Сильный боец. HP 99/100
[2026-05-22 16:39:50] ывсмо Боец 3: 1 урона от Лучник. HP 14/60
[2026-05-22 16:39:50] ывсмо Боец 3: 1 урона от Лучник. HP 13/60
[2026-05-22 16:39:50] ывсмо Боец 7: 1 урона от Лучник. HP 91/100
[2026-05-22 16:39:50] ывсмо Боец 3: 1 урона от Лучник. HP 12/60
[2026-05-22 16:39:51] ывсмо Боец 4: 1 урона от Слабый боец. HP 20/100
[2026-05-22 16:39:51] ывшгса Боец 7: 1 урона от Сильный боец. HP 99/100
[2026-05-22 16:39:51] ывсмо Боец 4: 1 урона от Лучник. HP 19/100
[2026-05-22 16:39:51] ывсмо Боец 3: 1 урона от Лучник. HP 11/60
[2026-05-22 16:39:51] ывсмо Боец 5: 1 урона от Лучник. HP 82/100
[2026-05-22 16:39:51] ывсмо Боец 5: 1 урона от Лучник. HP 81/100
[2026-05-22 16:39:51] ывсмо Боец 4: 1 урона от Слабый боец. HP 18/100
[2026-05-22 16:39:51] ывшгса Боец 7: 1 урона от Сильный боец. HP 99/100
[2026-05-22 16:39:51] ывсмо Боец 3: 1 урона от Лучник. HP 10/60
[2026-05-22 16:39:51] ывсмо Боец 4: 1 урона от Лучник. HP 17/100
[2026-05-22 16:39:51] ывсмо Боец 3: 1 урона от Лучник. HP 9/60
[2026-05-22 16:39:51] ывсмо Боец 3: 1 урона от Лучник. HP 8/60
[2026-05-22 16:39:51] ывсмо Боец 4: 1 урона от Слабый боец. HP 16/100
[2026-05-22 16:39:51] ывшгса Боец 7: 1 урона от Сильный боец. HP 99/100
[2026-05-22 16:39:51] ывсмо Боец 4: 1 урона от Лучник. HP 15/100
[2026-05-22 16:39:51] ывсмо Боец 5: 1 урона от Лучник. HP 80/100
[2026-05-22 16:39:51] ывсмо Боец 4: 1 урона от Лучник. HP 14/100
[2026-05-22 16:39:51] ывсмо Боец 4: 1 урона от Лучник. HP 13/100
[2026-05-22 16:39:51] ывсмо Боец 4: 1 урона от Слабый боец. HP 12/100
[2026-05-22 16:39:51] ывшгса Боец 7: 1 урона от Сильный боец. HP 98/100
[2026-05-22 16:39:51] ывсмо Боец 3: 1 урона от Лучник. HP 7/60
[2026-05-22 16:39:51] ывсмо Боец 3: 1 урона от Лучник. HP 6/60
[2026-05-22 16:39:51] ывсмо Боец 3: 1 урона от Лучник. HP 5/60
[2026-05-22 16:39:51] ывсмо Боец 3: 1 урона от Лучник. HP 4/60
[2026-05-22 16:39:51] ывсмо Боец 4: 1 урона от Слабый боец. HP 11/100
[2026-05-22 16:39:51] ывшгса Боец 7: 1 урона от Сильный боец. HP 97/100
[2026-05-22 16:39:51] ывсмо Боец 5: 1 урона от Лучник. HP 79/100
[2026-05-22 16:39:51] ывсмо Боец 5: 1 урона от Лучник. HP 78/100
[2026-05-22 16:39:51] ывсмо Боец 6: 1 урона от Лучник. HP 85/100
[2026-05-22 16:39:51] ывсмо Боец 5: 1 урона от Лучник. HP 77/100
[2026-05-22 16:39:51] ывсмо Боец 4: 1 урона от Слабый боец. HP 10/100
[2026-05-22 16:39:51] ывшгса Боец 7: 1 урона от Сильный боец. HP 96/100
[2026-05-22 16:39:51] ывсмо Боец 4: 1 урона от Лучник. HP 9/100
[2026-05-22 16:39:51] ывсмо Боец 3: 1 урона от Лучник. HP 3/60
[2026-05-22 16:39:52] ывсмо Боец 7: 1 урона от Лучник. HP 90/100
[2026-05-22 16:39:52] ывсмо Боец 4: 1 урона от Лучник. HP 8/100
[2026-05-22 16:39:52] ывсмо Боец 4: 1 урона от Слабый боец. HP 7/100
[2026-05-22 16:39:52] ывшгса Боец 7: 1 урона от Сильный боец. HP 99/100
[2026-05-22 16:39:52] ывсмо Боец 4: 1 урона от Лучник. HP 6/100
[2026-05-22 16:39:52] ывсмо Боец 3: 1 урона от Лучник. HP 2/60
[2026-05-22 16:39:52] ывсмо Боец 4: 1 урона от Лучник. HP 5/100
[2026-05-22 16:39:52] ывсмо Боец 3: 1 урона от Лучник. HP 1/60
[2026-05-22 16:39:52] ывсмо Боец 4: 1 урона от Слабый боец. HP 4/100
[2026-05-22 16:39:52] ывшгса Боец 7: 1 урона от Сильный боец. HP 99/100
[2026-05-22 16:39:52] ывсмо Боец 4: 1 урона от Лучник. HP 3/100
[2026-05-22 16:39:52] ывсмо Боец 5: 1 урона от Лучник. HP 76/100
[2026-05-22 16:39:52] ывсмо Боец 6: 1 урона от Лучник. HP 84/100
[2026-05-22 16:39:52] ывсмо Боец 5: 1 урона от Лучник. HP 75/100
[2026-05-22 16:39:52] ывсмо Боец 4: 1 урона от Слабый боец. HP 2/100
[2026-05-22 16:39:52] ывшгса Боец 7: 1 урона от Сильный боец. HP 98/100
[2026-05-22 16:39:52] ывсмо Боец 3: 1 урона от Лучник. HP 0/60
[2026-05-22 16:39:52] ывсмо Боец 3 убит Лучник
[2026-05-22 16:39:52] ывсмо Боец 7: 1 урона от Лучник. HP 89/100
[2026-05-22 16:39:52] ывсмо Боец 5: 1 урона от Лучник. HP 74/100
[2026-05-22 16:39:52] ывсмо Боец 5: 1 урона от Лучник. HP 73/100
[2026-05-22 16:39:52] ывсмо Боец 4: 1 урона от Слабый боец. HP 1/100
[2026-05-22 16:39:52] ывсмо Боец 4: 1 урона от Лучник. HP 0/100
[2026-05-22 16:39:52] ывсмо Боец 4 убит Лучник
[2026-05-22 16:39:52] ывсмо Боец 5: 1 урона от Лучник. HP 72/100
[2026-05-22 16:39:52] ывсмо Боец 5: 1 урона от Лучник. HP 71/100
[2026-05-22 16:39:52] ывсмо Боец 5: 1 урона от Лучник. HP 70/100
[2026-05-22 16:39:52] ывсмо Боец 7: 1 урона от Слабый боец. HP 88/100
[2026-05-22 16:39:52] ывсмо Боец 5: 1 урона от Лучник. HP 69/100
[2026-05-22 16:39:52] ывсмо Боец 10: 4 урона от Лучник. HP 5/25
[2026-05-22 16:39:52] ывсмо Боец 5: 1 урона от Лучник. HP 68/100
[2026-05-22 16:39:52] ывсмо Боец 5: 1 урона от Лучник. HP 67/100
[2026-05-22 16:39:54] ывсмо Боец 7: 1 урона от Слабый боец. HP 87/100
[2026-05-22 16:39:54] ывсмо Боец 5: 1 урона от Лучник. HP 66/100
[2026-05-22 16:39:54] ывсмо Боец 6: 1 урона от Лучник. HP 83/100
[2026-05-22 16:39:54] ывсмо Боец 6: 1 урона от Лучник. HP 82/100
[2026-05-22 16:39:54] ывсмо Боец 6: 1 урона от Лучник. HP 81/100
[2026-05-22 16:39:54] ывсмо Боец 7: 1 урона от Слабый боец. HP 86/100
[2026-05-22 16:39:54] ывсмо Боец 10: 4 урона от Лучник. HP 1/25
[2026-05-22 16:39:54] ывсмо Боец 6: 1 урона от Лучник. HP 80/100
[2026-05-22 16:39:54] ывсмо Боец 6: 1 урона от Лучник. HP 79/100
[2026-05-22 16:39:54] ывсмо Боец 7: 1 урона от Лучник. HP 85/100
[2026-05-22 16:39:55] ывсмо Боец 7: 1 урона от Слабый боец. HP 84/100
[2026-05-22 16:39:55] ывсмо Боец 7: 1 урона от Лучник. HP 83/100
[2026-05-22 16:39:55] ывсмо Боец 6: 1 урона от Лучник. HP 78/100
[2026-05-22 16:39:55] ывсмо Боец 5: 1 урона от Лучник. HP 65/100
[2026-05-22 16:39:55] ывсмо Боец 10: 4 урона от Лучник. HP 0/25
[2026-05-22 16:39:55] ывсмо Боец 10 убит Лучник
[2026-05-22 16:39:55] ывсмо Боец 7: 1 урона от Слабый боец. HP 82/100
[2026-05-22 16:39:55] ывсмо Боец 6: 1 урона от Лучник. HP 77/100
[2026-05-22 16:39:55] ывсмо Боец 5: 1 урона от Лучник. HP 64/100
[2026-05-22 16:39:55] ывсмо Боец 7: 1 урона от Лучник. HP 81/100
[2026-05-22 16:39:55] ывсмо Боец 5: 1 урона от Лучник. HP 63/100
[2026-05-22 16:39:55] ывсмо Боец 7: 1 урона от Слабый боец. HP 80/100
[2026-05-22 16:39:55] ывсмо Боец 5: 1 урона от Лучник. HP 62/100
[2026-05-22 16:39:55] ывсмо Боец 6: 1 урона от Лучник. HP 76/100
[2026-05-22 16:39:55] ывсмо Боец 6: 1 урона от Лучник. HP 75/100
[2026-05-22 16:39:55] ывсмо Боец 5: 1 урона от Лучник. HP 61/100
[2026-05-22 16:39:55] ывсмо Боец 7: 1 урона от Слабый боец. HP 79/100
[2026-05-22 16:39:55] ывсмо Боец 5: 1 урона от Лучник. HP 60/100
[2026-05-22 16:39:55] ывсмо Боец 6: 1 урона от Лучник. HP 74/100
[2026-05-22 16:39:55] ывсмо Боец 5: 1 урона от Лучник. HP 59/100
[2026-05-22 16:39:55] ывсмо Боец 5: 1 урона от Лучник. HP 58/100
[2026-05-22 16:39:56] ывсмо Боец 7: 1 урона от Слабый боец. HP 78/100
[2026-05-22 16:39:56] ывсмо Боец 6: 1 урона от Лучник. HP 73/100
[2026-05-22 16:39:56] ывсмо Боец 6: 1 урона от Лучник. HP 72/100
[2026-05-22 16:39:56] ывсмо Боец 6: 1 урона от Лучник. HP 71/100
[2026-05-22 16:39:56] ывсмо Боец 5: 1 урона от Лучник. HP 57/100
[2026-05-22 16:39:57] ывсмо Боец 7: 1 урона от Слабый боец. HP 77/100
[2026-05-22 16:39:57] ывсмо Боец 6: 1 урона от Лучник. HP 70/100
[2026-05-22 16:39:57] ывсмо Боец 5: 1 урона от Лучник. HP 56/100
[2026-05-22 16:39:57] ывсмо Боец 5: 1 урона от Лучник. HP 55/100
[2026-05-22 16:39:57] ывсмо Боец 6: 1 урона от Лучник. HP 69/100
[2026-05-22 16:39:57] ывсмо Боец 7: 1 урона от Слабый боец. HP 76/100
[2026-05-22 16:39:57] ывсмо Боец 5: 1 урона от Лучник. HP 54/100
[2026-05-22 16:39:57] ывсмо Боец 6: 1 урона от Лучник. HP 68/100
[2026-05-22 16:39:57] ывсмо Боец 6: 1 урона от Лучник. HP 67/100
[2026-05-22 16:39:57] ывсмо Боец 5: 1 урона от Лучник. HP 53/100
[2026-05-22 16:39:57] ывсмо Боец 7: 1 урона от Слабый боец. HP 75/100
[2026-05-22 16:39:57] ывсмо Боец 5: 1 урона от Лучник. HP 52/100
[2026-05-22 16:39:57] ывсмо Боец 5: 1 урона от Лучник. HP 51/100
[2026-05-22 16:39:57] ывсмо Боец 7: 1 урона от Лучник. HP 74/100
[2026-05-22 16:39:57] ывсмо Боец 5: 1 урона от Лучник. HP 50/100
[2026-05-22 16:39:57] ывсмо Боец 7: 1 урона от Слабый боец. HP 73/100
[2026-05-22 16:39:57] ывсмо Боец 5: 1 урона от Лучник. HP 49/100
[2026-05-22 16:39:57] ывсмо Боец 5: 1 урона от Лучник. HP 48/100
[2026-05-22 16:39:57] ывсмо Боец 5: 1 урона от Лучник. HP 47/100
[2026-05-22 16:39:57] ывсмо Боец 5: 1 урона от Лучник. HP 46/100
[2026-05-22 16:39:58] ывсмо Боец 7: 1 урона от Слабый боец. HP 72/100
[2026-05-22 16:39:58] ывсмо Боец 6: 1 урона от Лучник. HP 66/100
[2026-05-22 16:39:58] ывсмо Боец 6: 1 урона от Лучник. HP 65/100
[2026-05-22 16:39:58] ывсмо Боец 7: 1 урона от Лучник. HP 71/100
[2026-05-22 16:39:58] ывсмо Боец 5: 1 урона от Лучник. HP 45/100
[2026-05-22 16:39:58] ывсмо Боец 7: 1 урона от Слабый боец. HP 70/100
[2026-05-22 16:39:58] ывсмо Боец 5: 1 урона от Лучник. HP 44/100
[2026-05-22 16:39:58] ывсмо Боец 6: 1 урона от Лучник. HP 64/100
[2026-05-22 16:39:58] ывсмо Боец 5: 1 урона от Лучник. HP 43/100
[2026-05-22 16:39:58] ывсмо Боец 5: 1 урона от Лучник. HP 42/100
[2026-05-22 16:39:58] ывсмо Боец 7: 1 урона от Слабый боец. HP 69/100
[2026-05-22 16:39:58] ывсмо Боец 5: 1 урона от Лучник. HP 41/100
[2026-05-22 16:39:58] ывсмо Боец 5: 1 урона от Лучник. HP 40/100
[2026-05-22 16:39:58] ывсмо Боец 5: 1 урона от Лучник. HP 39/100
[2026-05-22 16:39:58] ывсмо Боец 5: 1 урона от Лучник. HP 38/100
[2026-05-22 16:39:58] ывсмо Боец 7: 1 урона от Слабый боец. HP 68/100
[2026-05-22 16:39:58] ывсмо Боец 5: 1 урона от Лучник. HP 37/100
[2026-05-22 16:39:58] ывсмо Боец 6: 1 урона от Лучник. HP 63/100
[2026-05-22 16:39:58] ывсмо Боец 5: 1 урона от Лучник. HP 36/100
[2026-05-22 16:39:58] ывсмо Боец 6: 1 урона от Лучник. HP 62/100
[2026-05-22 16:39:58] ывсмо Боец 7: 1 урона от Слабый боец. HP 67/100
[2026-05-22 16:39:58] ывсмо Боец 6: 1 урона от Лучник. HP 61/100
[2026-05-22 16:39:58] ывсмо Боец 5: 1 урона от Лучник. HP 35/100
[2026-05-22 16:39:58] ывсмо Боец 7: 1 урона от Лучник. HP 66/100
[2026-05-22 16:39:58] ывсмо Боец 6: 1 урона от Лучник. HP 60/100
[2026-05-22 16:39:58] ывсмо Боец 7: 1 урона от Слабый боец. HP 65/100
[2026-05-22 16:39:58] ывсмо Боец 7: 1 урона от Лучник. HP 64/100
[2026-05-22 16:39:58] ывсмо Боец 5: 1 урона от Лучник. HP 34/100
[2026-05-22 16:39:58] ывсмо Боец 5: 1 урона от Лучник. HP 33/100
[2026-05-22 16:39:58] ывсмо Боец 5: 1 урона от Лучник. HP 32/100
[2026-05-22 16:39:59] ывсмо Боец 7: 1 урона от Слабый боец. HP 63/100
[2026-05-22 16:39:59] ывсмо Боец 5: 1 урона от Лучник. HP 31/100
[2026-05-22 16:39:59] ывсмо Боец 7: 1 урона от Лучник. HP 62/100
[2026-05-22 16:39:59] ывсмо Боец 6: 1 урона от Лучник. HP 59/100
[2026-05-22 16:39:59] ывсмо Боец 5: 1 урона от Лучник. HP 30/100
[2026-05-22 16:39:59] ывсмо Боец 7: 1 урона от Слабый боец. HP 61/100
[2026-05-22 16:39:59] ывсмо Боец 6: 1 урона от Лучник. HP 58/100
[2026-05-22 16:39:59] ывсмо Боец 5: 1 урона от Лучник. HP 29/100
[2026-05-22 16:39:59] ывсмо Боец 5: 1 урона от Лучник. HP 28/100
[2026-05-22 16:39:59] ывсмо Боец 6: 1 урона от Лучник. HP 57/100
[2026-05-22 16:39:59] ывсмо Боец 7: 1 урона от Слабый боец. HP 60/100
[2026-05-22 16:39:59] ывсмо Боец 6: 1 урона от Лучник. HP 56/100
[2026-05-22 16:39:59] ывсмо Боец 6: 1 урона от Лучник. HP 55/100
[2026-05-22 16:39:59] ывсмо Боец 6: 1 урона от Лучник. HP 54/100
[2026-05-22 16:39:59] ывсмо Боец 5: 1 урона от Лучник. HP 27/100
[2026-05-22 16:39:59] ывсмо Боец 7: 1 урона от Слабый боец. HP 59/100
[2026-05-22 16:39:59] ывсмо Боец 5: 1 урона от Лучник. HP 26/100
[2026-05-22 16:39:59] ывсмо Боец 5: 1 урона от Лучник. HP 25/100
[2026-05-22 16:39:59] ывсмо Боец 5: 1 урона от Лучник. HP 24/100
[2026-05-22 16:39:59] ывсмо Боец 6: 1 урона от Лучник. HP 53/100
[2026-05-22 16:39:59] ывсмо Боец 7: 1 урона от Слабый боец. HP 58/100
[2026-05-22 16:39:59] ывсмо Боец 5: 1 урона от Лучник. HP 23/100
[2026-05-22 16:39:59] ывсмо Боец 6: 1 урона от Лучник. HP 52/100
[2026-05-22 16:39:59] ывсмо Боец 7: 1 урона от Лучник. HP 57/100
[2026-05-22 16:39:59] ывсмо Боец 6: 1 урона от Лучник. HP 51/100
[2026-05-22 16:40:00] ывсмо Боец 7: 1 урона от Слабый боец. HP 56/100
[2026-05-22 16:40:00] ывсмо Боец 5: 1 урона от Лучник. HP 22/100
[2026-05-22 16:40:00] ывсмо Боец 5: 1 урона от Лучник. HP 21/100
[2026-05-22 16:40:00] ывсмо Боец 7: 1 урона от Лучник. HP 55/100
[2026-05-22 16:40:00] ывсмо Боец 5: 1 урона от Лучник. HP 20/100
[2026-05-22 16:40:00] ывсмо Боец 7: 1 урона от Слабый боец. HP 54/100
[2026-05-22 16:40:00] ывсмо Боец 5: 1 урона от Лучник. HP 19/100
[2026-05-22 16:40:00] ывсмо Боец 6: 1 урона от Лучник. HP 50/100
[2026-05-22 16:40:00] ывсмо Боец 5: 1 урона от Лучник. HP 18/100
[2026-05-22 16:40:00] ывсмо Боец 6: 1 урона от Лучник. HP 49/100
[2026-05-22 16:40:23] ывсмо Боец 5: 1 урона от Слабый боец. HP 17/100
[2026-05-22 16:40:23] ывсмо Боец 7: 1 урона от Лучник. HP 53/100
[2026-05-22 16:40:23] ывсмо Боец 7: 1 урона от Лучник. HP 52/100
[2026-05-22 16:40:23] ывсмо Боец 5: 1 урона от Лучник. HP 16/100
[2026-05-22 16:40:23] ывсмо Боец 5: 1 урона от Лучник. HP 15/100
[2026-05-22 16:40:24] ывсмо Боец 5: 1 урона от Слабый боец. HP 14/100
[2026-05-22 16:40:24] ывсмо Боец 5: 1 урона от Лучник. HP 13/100
[2026-05-22 16:40:24] ывсмо Боец 5: 1 урона от Лучник. HP 12/100
[2026-05-22 16:40:24] ывсмо Боец 5: 1 урона от Лучник. HP 11/100
[2026-05-22 16:40:24] ывсмо Боец 6: 1 урона от Лучник. HP 48/100
[2026-05-22 16:40:25] ывсмо Боец 5: 1 урона от Слабый боец. HP 10/100
[2026-05-22 16:40:25] ывсмо Боец 5: 1 урона от Лучник. HP 9/100
[2026-05-22 16:40:25] ывсмо Боец 6: 1 урона от Лучник. HP 47/100
[2026-05-22 16:40:25] ывсмо Боец 5: 1 урона от Лучник. HP 8/100
[2026-05-22 16:40:25] ывсмо Боец 7: 1 урона от Лучник. HP 51/100
[2026-05-22 16:40:25] ывсмо Боец 5: 1 урона от Слабый боец. HP 7/100
[2026-05-22 16:40:25] ывсмо Боец 5: 1 урона от Лучник. HP 6/100
[2026-05-22 16:40:25] ывсмо Боец 7: 1 урона от Лучник. HP 50/100
[2026-05-22 16:40:25] ывсмо Боец 6: 1 урона от Лучник. HP 46/100
[2026-05-22 16:40:25] ывсмо Боец 5: 1 урона от Лучник. HP 5/100
[2026-05-22 16:40:25] ывсмо Боец 5: 1 урона от Слабый боец. HP 4/100
[2026-05-22 16:40:25] ывсмо Боец 6: 1 урона от Лучник. HP 45/100
[2026-05-22 16:40:25] ывсмо Боец 6: 1 урона от Лучник. HP 44/100
[2026-05-22 16:40:25] ывсмо Боец 6: 1 урона от Лучник. HP 43/100
[2026-05-22 16:40:25] ывсмо Боец 5: 1 урона от Лучник. HP 3/100
[2026-05-22 16:40:26] ывсмо Боец 5: 1 урона от Слабый боец. HP 2/100
[2026-05-22 16:40:26] ывсмо Боец 6: 1 урона от Лучник. HP 42/100
[2026-05-22 16:40:26] ывсмо Боец 5: 1 урона от Лучник. HP 1/100
[2026-05-22 16:40:26] ывсмо Боец 7: 1 урона от Лучник. HP 49/100
[2026-05-22 16:40:26] ывсмо Боец 6: 1 урона от Лучник. HP 41/100
[2026-05-22 16:40:26] ывсмо Боец 5: 1 урона от Слабый боец. HP 0/100
[2026-05-22 16:40:26] ывсмо Боец 5 убит Слабый боец
[2026-05-22 16:40:26] ывсмо Боец 6: 1 урона от Лучник. HP 40/100
[2026-05-22 16:40:26] ывсмо Боец 6: 1 урона от Лучник. HP 39/100
[2026-05-22 16:40:26] ывсмо Боец 6: 1 урона от Лучник. HP 38/100
[2026-05-22 16:40:33] ывсмо Боец 6: 1 урона от Слабый боец. HP 37/100
[2026-05-22 16:40:33] ывсмо Боец 6: 1 урона от Лучник. HP 36/100
[2026-05-22 16:40:33] ывсмо Боец 6: 1 урона от Слабый боец. HP 35/100
[2026-05-22 16:40:33] ывсмо Боец 6: 1 урона от Лучник. HP 34/100
[2026-05-22 16:40:33] ывсмо Боец 6: 1 урона от Слабый боец. HP 33/100
[2026-05-22 16:40:33] ывсмо Боец 6: 1 урона от Лучник. HP 32/100
[2026-05-22 16:40:33] ывсмо Боец 6: 1 урона от Слабый боец. HP 31/100
[2026-05-22 16:40:33] ывсмо Боец 6: 1 урона от Лучник. HP 30/100
[2026-05-22 16:40:34] ывсмо Боец 6: 1 урона от Слабый боец. HP 29/100
[2026-05-22 16:40:34] ывсмо Боец 6: 1 урона от Лучник. HP 28/100
[2026-05-22 16:40:34] ывсмо Боец 6: 1 урона от Слабый боец. HP 27/100
[2026-05-22 16:40:34] ывсмо Боец 7: 1 урона от Лучник. HP 48/100
[2026-05-22 16:40:34] ывсмо Боец 6: 1 урона от Слабый боец. HP 26/100
[2026-05-22 16:40:34] ывсмо Боец 7: 1 урона от Лучник. HP 47/100
[2026-05-22 16:40:34] ывсмо Боец 6: 1 урона от Слабый боец. HP 25/100
[2026-05-22 16:40:34] ывсмо Боец 6: 1 урона от Лучник. HP 24/100
[2026-05-22 16:40:34] ывсмо Боец 6: 1 урона от Слабый боец. HP 23/100
[2026-05-22 16:40:34] ывсмо Боец 6: 1 урона от Лучник. HP 22/100
[2026-05-22 16:40:34] ывсмо Боец 6: 1 урона от Слабый боец. HP 21/100
[2026-05-22 16:40:34] ывсмо Боец 6: 1 урона от Лучник. HP 20/100
[2026-05-22 16:40:35] ывсмо Боец 6: 1 урона от Слабый боец. HP 19/100
[2026-05-22 16:40:35] ывсмо Боец 6: 1 урона от Лучник. HP 18/100
[2026-05-22 16:40:35] ывсмо Боец 6: 1 урона от Слабый боец. HP 17/100
[2026-05-22 16:40:35] ывсмо Боец 6: 1 урона от Лучник. HP 16/100
[2026-05-22 16:40:35] ывсмо Боец 6: 1 урона от Слабый боец. HP 15/100
[2026-05-22 16:40:35] ывсмо Боец 6: 1 урона от Лучник. HP 14/100
[2026-05-22 16:40:35] ывсмо Боец 6: 1 урона от Слабый боец. HP 13/100
[2026-05-22 16:40:35] ывсмо Боец 6: 1 урона от Лучник. HP 12/100
[2026-05-22 16:40:35] ывсмо Боец 6: 1 урона от Слабый боец. HP 11/100
[2026-05-22 16:40:35] ывсмо Боец 6: 1 урона от Лучник. HP 10/100
[2026-05-22 16:40:36] ывсмо Боец 6: 1 урона от Слабый боец. HP 9/100
[2026-05-22 16:40:36] ывсмо Боец 7: 1 урона от Лучник. HP 46/100
[2026-05-22 16:40:36] ывсмо Боец 6: 1 урона от Слабый боец. HP 8/100
[2026-05-22 16:40:36] ывсмо Боец 6: 1 урона от Лучник. HP 7/100
[2026-05-22 16:40:36] ывсмо Боец 6: 1 урона от Слабый боец. HP 6/100
[2026-05-22 16:40:36] ывсмо Боец 7: 1 урона от Лучник. HP 45/100
[2026-05-22 16:40:36] ывсмо Боец 6: 1 урона от Слабый боец. HP 5/100
[2026-05-22 16:40:36] ывсмо Боец 6: 1 урона от Лучник. HP 4/100
[2026-05-22 16:40:37] ывсмо Боец 6: 1 урона от Слабый боец. HP 3/100
[2026-05-22 16:40:37] ывсмо Боец 6: 1 урона от Лучник. HP 2/100
[2026-05-22 16:40:38] ывсмо Боец 6: 1 урона от Слабый боец. HP 1/100
[2026-05-22 16:40:38] ывсмо Боец 6: 1 урона от Лучник. HP 0/100
[2026-05-22 16:40:38] ывсмо Боец 6 убит Лучник
[2026-05-22 16:40:45] ывсмо Боец 7: 1 урона от Слабый боец. HP 44/100
[2026-05-22 16:40:45] ывсмо Боец 7: 1 урона от Лучник. HP 43/100
[2026-05-22 16:40:46] ывсмо Боец 7: 1 урона от Слабый боец. HP 42/100
[2026-05-22 16:40:46] ывсмо Боец 7: 1 урона от Лучник. HP 41/100
[2026-05-22 16:40:46] ывсмо Боец 7: 1 урона от Слабый боец. HP 40/100
[2026-05-22 16:40:46] ывсмо Боец 7: 1 урона от Лучник. HP 39/100
[2026-05-22 16:40:46] ывсмо Боец 7: 1 урона от Слабый боец. HP 38/100
[2026-05-22 16:40:46] ывсмо Боец 7: 1 урона от Лучник. HP 37/100
[2026-05-22 16:40:46] ывсмо Боец 7: 1 урона от Слабый боец. HP 36/100
[2026-05-22 16:40:46] ывсмо Боец 7: 1 урона от Лучник. HP 35/100
[2026-05-22 16:40:47] ывсмо Боец 7: 1 урона от Слабый боец. HP 34/100
[2026-05-22 16:40:47] ывсмо Боец 7: 1 урона от Лучник. HP 33/100
[2026-05-22 16:40:47] ывсмо Боец 7: 1 урона от Слабый боец. HP 32/100
[2026-05-22 16:40:47] ывсмо Боец 7: 1 урона от Лучник. HP 31/100
[2026-05-22 16:40:47] ывсмо Боец 7: 1 урона от Слабый боец. HP 30/100
[2026-05-22 16:40:47] ывсмо Боец 7: 1 урона от Лучник. HP 29/100
[2026-05-22 16:40:47] ывсмо Боец 7: 1 урона от Слабый боец. HP 28/100
[2026-05-22 16:40:47] ывсмо Боец 7: 1 урона от Лучник. HP 27/100
[2026-05-22 16:40:48] ывсмо Боец 7: 1 урона от Слабый боец. HP 26/100
[2026-05-22 16:40:48] ывсмо Боец 7: 1 урона от Лучник. HP 25/100
[2026-05-22 16:40:48] ывсмо Боец 7: 1 урона от Слабый боец. HP 24/100
[2026-05-22 16:40:48] ывсмо Боец 7: 1 урона от Лучник. HP 23/100
[2026-05-22 16:40:48] ывсмо Боец 7: 1 урона от Слабый боец. HP 22/100
[2026-05-22 16:40:48] ывсмо Боец 7: 1 урона от Лучник. HP 21/100
[2026-05-22 16:40:48] ывсмо Боец 7: 1 урона от Слабый боец. HP 20/100
[2026-05-22 16:40:48] ывсмо Боец 7: 1 урона от Лучник. HP 19/100
[2026-05-22 16:40:49] ывсмо Боец 7: 1 урона от Слабый боец. HP 18/100
[2026-05-22 16:40:49] ывсмо Боец 7: 1 урона от Лучник. HP 17/100
[2026-05-22 16:40:49] ывсмо Боец 7: 1 урона от Слабый боец. HP 16/100
[2026-05-22 16:40:49] ывсмо Боец 7: 1 урона от Лучник. HP 15/100
[2026-05-22 16:40:49] ывсмо Боец 7: 1 урона от Слабый боец. HP 14/100
[2026-05-22 16:40:49] ывсмо Боец 7: 1 урона от Лучник. HP 13/100
[2026-05-22 16:40:49] ывсмо Боец 7: 1 урона от Слабый боец. HP 12/100
[2026-05-22 16:40:49] ывсмо Боец 7: 1 урона от Лучник. HP 11/100
[2026-05-22 16:43:23] 2332 Боец 1: 5 урона от Маг. HP 10/15
[2026-05-22 16:43:23] 1221 Боец 1: 1 урона от Лекарь. HP 21/22
[2026-05-22 16:43:23] 1221 Боец 3: 1 урона от Лучник. HP 99/100
[2026-05-22 16:43:23] 2332 Боец 2: 1 урона от Лучник. HP 99/100
[2026-05-22 16:43:23] 2332 Боец 1: 10 урона от Лучник. HP 0/15
[2026-05-22 16:43:23] 2332 Боец 1 убит Лучник
[2026-05-22 16:43:23] 2332 Боец 2: 1 урона от Лучник. HP 99/100
[2026-05-22 16:43:24] 2332 Боец 4: 1 урона от Маг. HP 59/60
[2026-05-22 16:43:24] 1221 Боец 1: 16 урона от Сильный боец. HP 5/22
[2026-05-22 16:43:24] 1221 Боец 3: 1 урона от Лучник. HP 99/100
[2026-05-22 16:43:24] 2332 Боец 4: 1 урона от Лучник. HP 58/60
[2026-05-22 16:43:24] 2332 Боец 2: 1 урона от Лучник. HP 99/100
[2026-05-22 16:43:24] 2332 Боец 5: 1 урона от Лучник. HP 69/70
[2026-05-22 16:43:24] 2332 Боец 7: 10 урона от Лучник. HP 5/15
[2026-05-22 16:43:24] 2332 Боец 4: 1 урона от Маг. HP 57/60
[2026-05-22 16:43:24] 1221 Боец 1: 16 урона от Сильный боец. HP 0/22
[2026-05-22 16:43:24] 1221 Боец 1 убит Сильный боец
[2026-05-22 16:43:24] 1221 Боец 3: 1 урона от Лучник. HP 99/100
[2026-05-22 16:43:24] 2332 Боец 2: 1 урона от Лучник. HP 99/100
[2026-05-22 16:43:24] 2332 Боец 11: 8 урона от Лучник. HP 14/22
[2026-05-22 16:43:24] 2332 Боец 3: 9 урона от Лучник. HP 9/18
[2026-05-22 16:43:25] 2332 Боец 4: 1 урона от Слабый боец. HP 56/60
[2026-05-22 16:43:25] 1221 Боец 3: 1 урона от Лучник. HP 98/100
[2026-05-22 16:43:25] 2332 Боец 9: 10 урона от Лучник. HP 5/15
[2026-05-22 16:43:25] 2332 Боец 2: 1 урона от Лучник. HP 99/100
[2026-05-22 16:43:25] 2332 Боец 4: 1 урона от Слабый боец. HP 55/60
[2026-05-22 16:43:25] 1221 Боец 3: 1 урона от Лучник. HP 97/100
[2026-05-22 16:43:25] 2332 Боец 2: 1 урона от Лучник. HP 98/100
[2026-05-22 16:43:25] 2332 Боец 5: 1 урона от Лучник. HP 69/70
[2026-05-22 16:43:25] 2332 Боец 3: 9 урона от Лучник. HP 9/18
[2026-05-22 16:43:25] 2332 Боец 4: 1 урона от Слабый боец. HP 54/60
[2026-05-22 16:43:25] 1221 Боец 3: 1 урона от Лучник. HP 96/100
[2026-05-22 16:43:25] 2332 Боец 11: 8 урона от Лучник. HP 14/22
[2026-05-22 16:43:25] 2332 Боец 8: 8 урона от Лучник. HP 14/22
[2026-05-22 16:43:26] 2332 Боец 4: 1 урона от Слабый боец. HP 53/60
[2026-05-22 16:43:26] 1221 Боец 3: 1 урона от Лучник. HP 95/100
[2026-05-22 16:43:26] 2332 Боец 3: 9 урона от Лучник. HP 9/18
[2026-05-22 16:43:26] 2332 Боец 4: 1 урона от Слабый боец. HP 52/60
[2026-05-22 16:43:26] 1221 Боец 3: 1 урона от Лучник. HP 99/100
[2026-05-22 16:43:26] 2332 Боец 5: 1 урона от Лучник. HP 69/70
[2026-05-22 16:43:26] 2332 Боец 4: 1 урона от Лучник. HP 51/60
[2026-05-22 16:43:26] 2332 Боец 4: 1 урона от Лучник. HP 50/60
[2026-05-22 16:43:26] 2332 Боец 11: 8 урона от Лучник. HP 14/22
[2026-05-22 16:43:26] 2332 Боец 4: 1 урона от Лучник. HP 49/60
[2026-05-22 16:43:26] 2332 Боец 4: 1 урона от Лучник. HP 48/60
[2026-05-22 16:43:26] 2332 Боец 4: 1 урона от Слабый боец. HP 47/60
[2026-05-22 16:43:27] 1221 Боец 3: 1 урона от Лучник. HP 98/100
[2026-05-22 16:43:27] 2332 Боец 4: 1 урона от Лучник. HP 46/60
[2026-05-22 16:43:27] 2332 Боец 4: 1 урона от Слабый боец. HP 45/60
[2026-05-22 16:43:27] 1221 Боец 3: 1 урона от Лучник. HP 97/100
[2026-05-22 16:43:27] 2332 Боец 5: 1 урона от Лучник. HP 69/70
[2026-05-22 16:43:27] 2332 Боец 6: 10 урона от Лучник. HP 5/15
[2026-05-22 16:43:27] 2332 Боец 4: 1 урона от Лучник. HP 44/60
[2026-05-22 16:43:27] 1221 Боец 3: 1 урона от Лучник. HP 96/100
[2026-05-22 16:43:27] 2332 Боец 9: 10 урона от Лучник. HP 5/15
[2026-05-22 16:43:27] 2332 Боец 6: 10 урона от Лучник. HP 0/15
[2026-05-22 16:43:27] 2332 Боец 6 убит Лучник
[2026-05-22 16:43:27] 2332 Боец 4: 1 урона от Лучник. HP 43/60
[2026-05-22 16:43:27] 1221 Боец 3: 1 урона от Лучник. HP 95/100
[2026-05-22 16:43:27] 2332 Боец 4: 1 урона от Лучник. HP 42/60
[2026-05-22 16:43:27] 2332 Боец 4: 1 урона от Слабый боец. HP 41/60
[2026-05-22 16:43:27] 1221 Боец 3: 1 урона от Лучник. HP 94/100
[2026-05-22 16:43:27] 2332 Боец 4: 1 урона от Лучник. HP 40/60
[2026-05-22 16:43:27] 2332 Боец 7: 10 урона от Лучник. HP 5/15
[2026-05-22 16:43:28] 2332 Боец 4: 1 урона от Лучник. HP 39/60
[2026-05-22 16:43:28] 2332 Боец 4: 1 урона от Слабый боец. HP 38/60
[2026-05-22 16:43:28] 1221 Боец 3: 1 урона от Лучник. HP 93/100
[2026-05-22 16:43:28] 2332 Боец 2: 1 урона от Лучник. HP 99/100
[2026-05-22 16:43:28] 2332 Боец 4: 1 урона от Слабый боец. HP 37/60
[2026-05-22 16:43:28] 1221 Боец 3: 1 урона от Лучник. HP 92/100
[2026-05-22 16:43:28] 2332 Боец 4: 1 урона от Слабый боец. HP 36/60
[2026-05-22 16:43:28] 1221 Боец 3: 1 урона от Лучник. HP 91/100
[2026-05-22 16:43:28] 2332 Боец 3: 9 урона от Лучник. HP 9/18
[2026-05-22 16:43:28] 2332 Боец 4: 1 урона от Лучник. HP 35/60
[2026-05-22 16:43:28] 2332 Боец 4: 1 урона от Слабый боец. HP 34/60
[2026-05-22 16:43:28] 1221 Боец 3: 1 урона от Лучник. HP 90/100
[2026-05-22 16:43:28] 2332 Боец 2: 1 урона от Лучник. HP 99/100
[2026-05-22 16:43:28] 2332 Боец 4: 1 урона от Лучник. HP 33/60
[2026-05-22 16:43:29] 2332 Боец 4: 1 урона от Слабый боец. HP 32/60
[2026-05-22 16:43:29] 1221 Боец 3: 1 урона от Лучник. HP 89/100
[2026-05-22 16:43:29] 2332 Боец 2: 1 урона от Лучник. HP 98/100
[2026-05-22 16:43:29] 2332 Боец 2: 1 урона от Лучник. HP 97/100
[2026-05-22 16:43:29] 2332 Боец 4: 1 урона от Слабый боец. HP 31/60
[2026-05-22 16:43:29] 1221 Боец 3: 1 урона от Лучник. HP 88/100
[2026-05-22 16:43:29] 2332 Боец 4: 1 урона от Слабый боец. HP 30/60
[2026-05-22 16:43:29] 1221 Боец 3: 1 урона от Лучник. HP 87/100
[2026-05-22 16:43:29] 2332 Боец 3: 9 урона от Лучник. HP 9/18
[2026-05-22 16:43:29] 2332 Боец 4: 1 урона от Слабый боец. HP 29/60
[2026-05-22 16:43:29] 1221 Боец 3: 1 урона от Лучник. HP 99/100
[2026-05-22 16:43:30] 2332 Боец 4: 1 урона от Слабый боец. HP 28/60
[2026-05-22 16:43:30] 1221 Боец 3: 1 урона от Лучник. HP 98/100
[2026-05-22 16:43:30] 2332 Боец 9: 10 урона от Лучник. HP 5/15
[2026-05-22 16:43:30] 2332 Боец 3: 9 урона от Лучник. HP 9/18
[2026-05-22 17:27:56] апо Боец 1: 12 урона от Сильный боец. HP 13/25
[2026-05-22 17:27:56] опа Боец 1: 1 урона от Слабый боец. HP 59/60
[2026-05-22 17:27:56] опа Боец 2: 7 урона от Слабый боец. HP 11/18
[2026-05-22 17:27:56] апо Боец 2: 1 урона от Лучник. HP 24/25
[2026-05-22 17:27:56] апо Боец 3: 1 урона от Лучник. HP 69/70
[2026-05-22 17:27:56] апо Боец 3: 1 урона от Лучник. HP 68/70
[2026-05-22 17:27:56] опа Боец 4: 4 урона от Лучник. HP 21/25
[2026-05-22 17:27:56] опа Боец 3: 1 урона от Лучник. HP 69/70
[2026-05-22 17:27:56] апо Боец 2: 4 урона от Лучник. HP 20/25
[2026-05-22 17:27:56] апо Боец 4: 9 урона от Лучник. HP 9/18
[2026-05-22 17:27:56] опа Боец 5: 8 урона от Лучник. HP 14/22
[2026-05-22 17:27:56] опа Боец 10: 8 урона от Лучник. HP 14/22
[2026-05-22 17:27:56] апо Боец 1: 4 урона от Лучник. HP 9/25
[2026-05-22 17:27:56] апо Боец 1: 4 урона от Лучник. HP 5/25
[2026-05-22 17:27:56] апо Боец 8: 10 урона от Лучник. HP 5/15
[2026-05-22 17:27:56] опа Боец 3: 1 урона от Лучник. HP 68/70
[2026-05-22 17:27:56] апо Боец 9: 1 урона от Лучник. HP 69/70
[2026-05-22 17:27:56] апо Боец 6: 4 урона от Лучник. HP 21/25
[2026-05-22 17:27:56] апо Боец 7: 1 урона от Лучник. HP 99/100
[2026-05-22 17:27:56] апо Боец 2: 4 урона от Лучник. HP 16/25
[2026-05-22 17:27:56] опа Боец 5: 8 урона от Лучник. HP 6/22
[2026-05-22 17:27:57] апо Боец 1: 12 урона от Сильный боец. HP 13/25
[2026-05-22 17:27:57] опа Боец 1: 1 урона от Слабый боец. HP 58/60
[2026-05-22 17:27:57] опа Боец 2: 7 урона от Слабый боец. HP 4/18
[2026-05-22 17:27:57] апо Боец 2: 1 урона от Лучник. HP 15/25
[2026-05-22 17:27:57] апо Боец 4: 9 урона от Лучник. HP 0/18
[2026-05-22 17:27:57] апо Боец 4 убит Лучник
[2026-05-22 17:27:57] апо Боец 8: 10 урона от Лучник. HP 0/15
[2026-05-22 17:27:57] апо Боец 8 убит Лучник
[2026-05-22 17:27:58] апо Боец 1: 4 урона от Лучник. HP 9/25
[2026-05-22 17:27:58] апо Боец 1: 4 урона от Лучник. HP 5/25
[2026-05-22 17:27:58] опа Боец 5: 8 урона от Лучник. HP 14/22
[2026-05-22 17:27:58] апо Боец 1: 4 урона от Лучник. HP 1/25
[2026-05-22 17:27:58] апо Боец 3: 1 урона от Лучник. HP 69/70
[2026-05-22 17:27:58] апо Боец 3: 1 урона от Лучник. HP 68/70
[2026-05-22 17:27:58] апо Боец 2: 4 урона от Лучник. HP 11/25
[2026-05-22 17:27:58] апо Боец 1: 4 урона от Лучник. HP 0/25
[2026-05-22 17:27:58] апо Боец 1 убит Лучник
[2026-05-22 17:27:58] апо Боец 10: 8 урона от Лучник. HP 14/22
[2026-05-22 17:27:58] апо Боец 3: 1 урона от Лучник. HP 67/70
[2026-05-22 17:27:58] апо Боец 9: 1 урона от Лучник. HP 68/70
[2026-05-22 17:27:58] апо Боец 2: 4 урона от Лучник. HP 7/25
[2026-05-22 17:27:58] апо Боец 11: 10 урона от Лучник. HP 5/15
[2026-05-22 17:27:58] апо Боец 6: 4 урона от Лучник. HP 21/25
[2026-05-22 17:27:58] апо Боец 12: 1 урона от Лучник. HP 99/100
[2026-05-22 17:27:58] апо Боец 5: 4 урона от Лучник. HP 21/25
[2026-05-22 17:27:58] апо Боец 2: 4 урона от Лучник. HP 3/25
[2026-05-22 17:27:58] апо Боец 2: 4 урона от Лучник. HP 0/25
[2026-05-22 17:27:58] апо Боец 2 убит Лучник
[2026-05-22 17:27:58] апо Боец 3: 1 урона от Лучник. HP 66/70
[2026-05-22 17:28:06] апо Боец 1: 12 урона от Сильный боец. HP 13/25
[2026-05-22 17:28:06] опа Боец 1: 1 урона от Слабый боец. HP 58/60
[2026-05-22 17:28:06] апо Боец 2: 1 урона от Лучник. HP 15/25
[2026-05-22 17:28:06] апо Боец 3: 1 урона от Лучник. HP 69/70
[2026-05-22 17:28:06] апо Боец 2: 4 урона от Лучник. HP 11/25
[2026-05-22 17:28:06] апо Боец 4: 9 урона от Лучник. HP 0/18
[2026-05-22 17:28:06] апо Боец 4 убит Лучник
[2026-05-22 17:28:06] апо Боец 3: 1 урона от Лучник. HP 68/70
[2026-05-22 17:28:06] апо Боец 13: 9 урона от Лучник. HP 9/18
[2026-05-22 17:28:06] апо Боец 2: 4 урона от Лучник. HP 7/25
[2026-05-22 17:28:06] апо Боец 2: 4 урона от Лучник. HP 3/25
[2026-05-22 17:28:06] апо Боец 3: 1 урона от Лучник. HP 67/70
[2026-05-22 17:28:06] апо Боец 7: 1 урона от Лучник. HP 98/100
[2026-05-22 17:28:06] апо Боец 1: 4 урона от Лучник. HP 9/25
[2026-05-22 17:28:06] апо Боец 2: 4 урона от Лучник. HP 0/25
[2026-05-22 17:28:06] апо Боец 2 убит Лучник
[2026-05-22 17:28:06] апо Боец 8: 10 урона от Лучник. HP 0/15
[2026-05-22 17:28:06] апо Боец 8 убит Лучник
[2026-05-22 17:28:06] опа Боец 5: 8 урона от Лучник. HP 14/22
[2026-05-22 17:28:06] апо Боец 1: 4 урона от Лучник. HP 5/25
[2026-05-22 17:28:06] апо Боец 1: 4 урона от Лучник. HP 1/25
[2026-05-22 17:28:06] апо Боец 9: 1 урона от Лучник. HP 69/70
[2026-05-22 17:28:06] апо Боец 12: 1 урона от Лучник. HP 99/100
[2026-05-22 17:28:06] апо Боец 11: 10 урона от Лучник. HP 5/15
[2026-05-22 17:28:06] апо Боец 1: 4 урона от Лучник. HP 0/25
[2026-05-22 17:28:06] апо Боец 1 убит Лучник
[2026-05-22 17:28:06] опа Боец 3: 1 урона от Лучник. HP 69/70
[2026-05-22 17:28:10] апо Боец 1: 12 урона от Сильный боец. HP 13/25
[2026-05-22 17:28:10] опа Боец 1: 1 урона от Слабый боец. HP 58/60
[2026-05-22 17:28:10] апо Боец 2: 1 урона от Лучник. HP 15/25
[2026-05-22 17:28:10] апо Боец 3: 1 урона от Лучник. HP 69/70
[2026-05-22 17:28:10] апо Боец 10: 8 урона от Лучник. HP 14/22
[2026-05-22 17:28:10] апо Боец 3: 1 урона от Лучник. HP 68/70
[2026-05-22 17:28:10] апо Боец 1: 4 урона от Лучник. HP 9/25
[2026-05-22 17:28:10] апо Боец 4: 9 урона от Лучник. HP 0/18
[2026-05-22 17:28:10] апо Боец 4 убит Лучник
[2026-05-22 17:28:10] апо Боец 1: 4 урона от Лучник. HP 5/25
[2026-05-22 17:28:10] апо Боец 5: 4 урона от Лучник. HP 21/25
[2026-05-22 17:28:10] опа Боец 3: 1 урона от Лучник. HP 69/70
[2026-05-22 17:28:10] апо Боец 10: 8 урона от Лучник. HP 6/22
[2026-05-22 17:28:10] апо Боец 5: 4 урона от Лучник. HP 17/25
[2026-05-22 17:28:10] апо Боец 1: 4 урона от Лучник. HP 1/25
[2026-05-22 17:28:10] апо Боец 9: 1 урона от Лучник. HP 68/70
[2026-05-22 17:28:10] апо Боец 10: 8 урона от Лучник. HP 0/22
[2026-05-22 17:28:10] апо Боец 10 убит Лучник
[2026-05-22 17:28:10] апо Боец 6: 4 урона от Лучник. HP 21/25
[2026-05-22 17:28:10] апо Боец 1: 4 урона от Лучник. HP 21/25
[2026-05-22 17:28:10] апо Боец 6: 4 урона от Лучник. HP 17/25
[2026-05-22 17:28:10] апо Боец 2: 4 урона от Лучник. HP 11/25
[2026-05-22 17:28:10] апо Боец 11: 10 урона от Лучник. HP 5/15
[2026-05-22 17:28:10] апо Боец 3: 1 урона от Лучник. HP 67/70
[2026-05-22 17:28:10] апо Боец 9: 1 урона от Лучник. HP 67/70
[2026-05-22 17:28:10] апо Боец 1: 4 урона от Лучник. HP 17/25
[2026-05-22 17:28:10] опа Боец 4: 4 урона от Лучник. HP 17/25
[2026-05-22 17:28:10] апо Боец 1: 4 урона от Лучник. HP 13/25
[2026-05-22 17:28:10] апо Боец 1: 4 урона от Лучник. HP 9/25
[2026-05-22 17:28:10] апо Боец 7: 1 урона от Лучник. HP 99/100
[2026-05-22 17:28:10] апо Боец 3: 1 урона от Лучник. HP 66/70
[2026-05-22 17:28:10] апо Боец 5: 4 урона от Лучник. HP 21/25
[2026-05-22 17:28:10] апо Боец 2: 4 урона от Лучник. HP 7/25
[2026-05-22 17:28:10] апо Боец 5: 4 урона от Лучник. HP 17/25
[2026-05-22 17:28:10] апо Боец 1: 4 урона от Лучник. HP 5/25
[2026-05-22 17:28:10] опа Боец 2: 9 урона от Лучник. HP 9/18
[2026-05-22 17:28:14] апо Боец 1: 12 урона от Сильный боец. HP 0/25
[2026-05-22 17:28:14] апо Боец 1 убит Сильный боец
[2026-05-22 17:28:14] опа Боец 1: 1 урона от Слабый боец. HP 57/60
[2026-05-22 17:28:14] апо Боец 2: 1 урона от Лучник. HP 6/25
[2026-05-22 17:28:14] апо Боец 3: 1 урона от Лучник. HP 65/70
[2026-05-22 17:28:14] апо Боец 9: 1 урона от Лучник. HP 69/70
[2026-05-22 17:28:14] апо Боец 6: 4 урона от Лучник. HP 13/25
[2026-05-22 17:28:14] апо Боец 13: 9 урона от Лучник. HP 9/18
[2026-05-22 17:28:14] апо Боец 3: 1 урона от Лучник. HP 64/70
[2026-05-22 17:28:14] апо Боец 6: 4 урона от Лучник. HP 9/25
[2026-05-22 17:28:14] апо Боец 6: 4 урона от Лучник. HP 5/25
[2026-05-22 17:28:14] апо Боец 6: 4 урона от Лучник. HP 1/25
[2026-05-22 17:28:14] апо Боец 2: 4 урона от Лучник. HP 2/25
[2026-05-22 17:28:14] апо Боец 2: 4 урона от Лучник. HP 0/25
[2026-05-22 17:28:14] апо Боец 2 убит Лучник
[2026-05-22 17:28:14] апо Боец 13: 9 урона от Лучник. HP 0/18
[2026-05-22 17:28:14] апо Боец 13 убит Лучник
[2026-05-22 17:28:14] апо Боец 6: 4 урона от Лучник. HP 0/25
[2026-05-22 17:28:14] апо Боец 6 убит Лучник
[2026-05-22 17:28:14] апо Боец 7: 1 урона от Лучник. HP 98/100
[2026-05-22 17:28:14] апо Боец 12: 1 урона от Лучник. HP 99/100
[2026-05-22 17:28:14] апо Боец 8: 10 урона от Лучник. HP 0/15
[2026-05-22 17:28:14] апо Боец 8 убит Лучник
[2026-05-22 17:28:14] апо Боец 12: 1 урона от Лучник. HP 98/100
[2026-05-22 17:28:14] апо Боец 5: 4 урона от Лучник. HP 13/25
[2026-05-22 17:28:14] апо Боец 11: 10 урона от Лучник. HP 0/15
[2026-05-22 17:28:14] апо Боец 11 убит Лучник
[2026-05-22 17:28:14] апо Боец 5: 4 урона от Лучник. HP 9/25
[2026-05-22 17:28:14] апо Боец 5: 4 урона от Лучник. HP 5/25
[2026-05-22 17:28:15] апо Боец 3: 1 урона от Лучник. HP 63/70
[2026-05-22 17:28:15] апо Боец 3: 1 урона от Лучник. HP 62/70
[2026-05-22 17:28:15] апо Боец 5: 4 урона от Лучник. HP 1/25
[2026-05-22 17:28:15] апо Боец 9: 1 урона от Лучник. HP 69/70
[2026-05-22 17:28:15] апо Боец 5: 4 урона от Лучник. HP 0/25
[2026-05-22 17:28:15] апо Боец 5 убит Лучник
[2026-05-22 17:28:15] апо Боец 3: 1 урона от Лучник. HP 61/70
[2026-05-22 17:28:15] апо Боец 9: 1 урона от Лучник. HP 68/70
[2026-05-22 17:28:15] апо Боец 7: 1 урона от Лучник. HP 97/100
[2026-05-22 17:28:15] апо Боец 7: 1 урона от Лучник. HP 96/100
[2026-05-22 17:28:15] апо Боец 7: 1 урона от Лучник. HP 95/100
[2026-05-22 17:28:15] апо Боец 9: 1 урона от Лучник. HP 67/70
[2026-05-22 17:28:15] апо Боец 9: 1 урона от Лучник. HP 66/70
[2026-05-22 17:28:15] апо Боец 7: 1 урона от Лучник. HP 94/100
[2026-05-22 17:28:15] апо Боец 9: 1 урона от Лучник. HP 65/70
[2026-05-22 17:28:15] апо Боец 3: 1 урона от Лучник. HP 60/70
[2026-05-22 17:28:15] апо Боец 3: 1 урона от Лучник. HP 59/70
[2026-05-22 17:28:15] апо Боец 3: 1 урона от Лучник. HP 58/70
[2026-05-22 17:28:15] апо Боец 3: 1 урона от Лучник. HP 57/70
[2026-05-22 17:28:15] апо Боец 3: 1 урона от Лучник. HP 56/70
[2026-05-22 17:28:15] апо Боец 9: 1 урона от Лучник. HP 64/70
[2026-05-22 17:28:15] апо Боец 3: 1 урона от Лучник. HP 55/70
[2026-05-22 17:28:15] апо Боец 3: 1 урона от Лучник. HP 54/70
[2026-05-22 17:28:15] апо Боец 7: 1 урона от Лучник. HP 93/100
[2026-05-22 17:28:21] апо Боец 9: 1 урона от Сильный боец. HP 63/70
[2026-05-22 17:28:21] апо Боец 7: 1 урона от Лучник. HP 92/100
[2026-05-22 17:28:21] апо Боец 3: 1 урона от Лучник. HP 53/70
[2026-05-22 17:28:21] апо Боец 9: 1 урона от Лучник. HP 62/70
[2026-05-22 17:28:21] апо Боец 3: 1 урона от Лучник. HP 52/70
[2026-05-22 17:28:21] апо Боец 7: 1 урона от Лучник. HP 91/100
[2026-05-22 17:28:21] апо Боец 3: 1 урона от Лучник. HP 51/70
[2026-05-22 17:28:21] апо Боец 3: 1 урона от Лучник. HP 50/70
[2026-05-22 17:28:21] апо Боец 7: 1 урона от Лучник. HP 90/100
[2026-05-22 17:28:21] апо Боец 3: 1 урона от Лучник. HP 49/70
[2026-05-22 17:28:21] апо Боец 3: 1 урона от Лучник. HP 48/70
[2026-05-22 17:28:21] апо Боец 9: 1 урона от Лучник. HP 61/70
[2026-05-22 17:28:21] апо Боец 3: 1 урона от Лучник. HP 47/70
[2026-05-22 17:28:21] апо Боец 3: 1 урона от Лучник. HP 46/70
[2026-05-22 17:28:21] апо Боец 3: 1 урона от Лучник. HP 45/70
[2026-05-22 17:28:21] апо Боец 3: 1 урона от Лучник. HP 44/70
[2026-05-22 17:28:21] апо Боец 7: 1 урона от Лучник. HP 89/100
[2026-05-22 17:28:21] апо Боец 7: 1 урона от Лучник. HP 88/100
[2026-05-22 17:28:21] апо Боец 9: 1 урона от Лучник. HP 60/70
[2026-05-22 17:28:21] апо Боец 3: 1 урона от Лучник. HP 43/70
[2026-05-22 17:28:21] апо Боец 9: 1 урона от Лучник. HP 59/70
[2026-05-22 17:28:21] апо Боец 9: 1 урона от Лучник. HP 58/70
[2026-05-22 17:28:21] апо Боец 3: 1 урона от Лучник. HP 42/70
[2026-05-22 17:28:21] апо Боец 9: 1 урона от Лучник. HP 57/70
[2026-05-22 17:28:21] апо Боец 3: 1 урона от Лучник. HP 41/70
[2026-05-22 17:28:21] апо Боец 3: 1 урона от Лучник. HP 40/70
[2026-05-22 17:28:21] апо Боец 7: 1 урона от Лучник. HP 87/100
[2026-05-22 17:28:21] апо Боец 3: 1 урона от Лучник. HP 39/70
[2026-05-22 17:28:21] апо Боец 3: 1 урона от Лучник. HP 38/70
[2026-05-22 17:28:21] апо Боец 7: 1 урона от Лучник. HP 86/100
[2026-05-22 17:28:21] апо Боец 12: 1 урона от Лучник. HP 97/100
[2026-05-22 17:28:21] апо Боец 9: 1 урона от Лучник. HP 56/70
[2026-05-22 17:28:21] апо Боец 7: 1 урона от Лучник. HP 85/100
[2026-05-22 17:28:21] апо Боец 3: 1 урона от Лучник. HP 37/70
[2026-05-22 17:28:21] апо Боец 12: 1 урона от Лучник. HP 96/100
[2026-05-22 17:28:21] апо Боец 9: 1 урона от Лучник. HP 55/70
[2026-05-22 17:28:21] апо Боец 12: 1 урона от Лучник. HP 95/100
[2026-05-22 17:28:21] апо Боец 3: 1 урона от Лучник. HP 36/70
[2026-05-22 17:28:21] апо Боец 12: 1 урона от Лучник. HP 94/100
[2026-05-22 17:28:21] апо Боец 3: 1 урона от Лучник. HP 35/70
[2026-05-22 17:28:21] апо Боец 3: 1 урона от Лучник. HP 34/70
[2026-05-22 17:28:21] апо Боец 3: 1 урона от Лучник. HP 33/70
[2026-05-22 17:28:21] апо Боец 3: 1 урона от Лучник. HP 32/70
[2026-05-22 17:28:21] апо Боец 7: 1 урона от Лучник. HP 84/100
[2026-05-22 17:28:21] апо Боец 7: 1 урона от Лучник. HP 83/100
[2026-05-22 17:28:21] апо Боец 3: 1 урона от Лучник. HP 31/70
[2026-05-22 17:28:21] апо Боец 7: 1 урона от Лучник. HP 82/100
[2026-05-22 17:28:21] апо Боец 9: 1 урона от Лучник. HP 54/70
[2026-05-22 17:28:21] апо Боец 3: 1 урона от Лучник. HP 30/70
[2026-05-22 17:28:21] апо Боец 3: 1 урона от Лучник. HP 29/70
[2026-05-22 17:28:21] апо Боец 9: 1 урона от Лучник. HP 53/70
[2026-05-22 17:28:21] апо Боец 12: 1 урона от Лучник. HP 93/100
[2026-05-22 17:28:21] апо Боец 7: 1 урона от Лучник. HP 81/100
[2026-05-22 17:28:21] апо Боец 3: 1 урона от Лучник. HP 28/70
[2026-05-22 17:28:21] апо Боец 3: 1 урона от Лучник. HP 27/70
[2026-05-22 17:28:21] апо Боец 9: 1 урона от Лучник. HP 52/70
[2026-05-22 17:28:21] апо Боец 7: 1 урона от Лучник. HP 80/100
[2026-05-22 17:28:21] апо Боец 3: 1 урона от Лучник. HP 26/70
[2026-05-22 17:28:21] апо Боец 7: 1 урона от Лучник. HP 79/100
[2026-05-22 17:28:21] апо Боец 9: 1 урона от Лучник. HP 51/70
[2026-05-22 17:28:22] апо Боец 9: 1 урона от Сильный боец. HP 50/70
[2026-05-22 17:28:22] апо Боец 7: 1 урона от Лучник. HP 78/100
[2026-05-22 17:28:22] апо Боец 3: 1 урона от Лучник. HP 25/70
[2026-05-22 17:28:22] апо Боец 3: 1 урона от Лучник. HP 24/70
[2026-05-22 17:28:22] апо Боец 3: 1 урона от Лучник. HP 23/70
[2026-05-22 17:28:22] апо Боец 9: 1 урона от Лучник. HP 49/70
[2026-05-22 17:28:22] апо Боец 12: 1 урона от Лучник. HP 92/100
[2026-05-22 17:28:22] апо Боец 12: 1 урона от Лучник. HP 91/100
[2026-05-22 17:28:22] апо Боец 7: 1 урона от Лучник. HP 77/100
[2026-05-22 17:28:22] апо Боец 7: 1 урона от Лучник. HP 76/100
[2026-05-22 17:28:22] апо Боец 3: 1 урона от Лучник. HP 22/70
[2026-05-22 17:28:22] апо Боец 9: 1 урона от Лучник. HP 48/70
[2026-05-22 17:28:22] апо Боец 3: 1 урона от Лучник. HP 21/70
[2026-05-22 17:28:22] апо Боец 3: 1 урона от Лучник. HP 20/70
[2026-05-22 17:28:22] апо Боец 7: 1 урона от Лучник. HP 75/100
[2026-05-22 17:28:22] апо Боец 3: 1 урона от Лучник. HP 19/70
[2026-05-22 17:28:22] апо Боец 3: 1 урона от Лучник. HP 18/70
[2026-05-22 17:28:22] апо Боец 9: 1 урона от Лучник. HP 47/70
[2026-05-22 17:28:22] апо Боец 3: 1 урона от Лучник. HP 17/70
[2026-05-22 17:28:22] апо Боец 12: 1 урона от Лучник. HP 90/100
[2026-05-22 17:28:22] апо Боец 3: 1 урона от Лучник. HP 16/70
[2026-05-22 17:28:22] апо Боец 3: 1 урона от Лучник. HP 15/70
[2026-05-22 17:28:22] апо Боец 3: 1 урона от Лучник. HP 14/70
[2026-05-22 17:28:22] апо Боец 9: 1 урона от Лучник. HP 46/70
[2026-05-22 17:28:22] апо Боец 3: 1 урона от Лучник. HP 13/70
[2026-05-22 17:28:22] апо Боец 3: 1 урона от Лучник. HP 12/70
[2026-05-22 17:28:22] апо Боец 3: 1 урона от Лучник. HP 11/70
[2026-05-22 17:28:23] апо Боец 3: 1 урона от Лучник. HP 10/70
[2026-05-22 17:28:23] апо Боец 12: 1 урона от Лучник. HP 89/100
[2026-05-22 17:28:23] апо Боец 3: 1 урона от Лучник. HP 9/70
[2026-05-22 17:28:23] апо Боец 3: 1 урона от Лучник. HP 8/70
[2026-05-22 17:28:23] апо Боец 9: 1 урона от Лучник. HP 45/70
[2026-05-22 17:28:23] апо Боец 3: 1 урона от Лучник. HP 7/70
[2026-05-22 17:28:23] апо Боец 7: 1 урона от Лучник. HP 74/100
[2026-05-22 17:28:23] апо Боец 3: 1 урона от Лучник. HP 6/70
[2026-05-22 17:28:23] апо Боец 3: 1 урона от Лучник. HP 5/70
[2026-05-22 17:28:23] апо Боец 7: 1 урона от Лучник. HP 73/100
[2026-05-22 17:28:23] апо Боец 9: 1 урона от Лучник. HP 44/70
[2026-05-22 17:28:23] апо Боец 7: 1 урона от Лучник. HP 72/100
[2026-05-22 17:28:23] апо Боец 3: 1 урона от Лучник. HP 4/70
[2026-05-22 17:28:23] апо Боец 9: 1 урона от Лучник. HP 43/70
[2026-05-22 17:28:23] апо Боец 3: 1 урона от Лучник. HP 3/70
[2026-05-22 17:28:23] апо Боец 7: 1 урона от Лучник. HP 71/100
[2026-05-22 17:28:23] апо Боец 12: 1 урона от Лучник. HP 88/100
[2026-05-22 17:28:23] апо Боец 7: 1 урона от Лучник. HP 70/100
[2026-05-22 17:28:23] апо Боец 9: 1 урона от Лучник. HP 42/70
[2026-05-22 17:28:23] апо Боец 12: 1 урона от Лучник. HP 87/100
[2026-05-22 17:28:23] апо Боец 3: 1 урона от Лучник. HP 2/70
[2026-05-22 17:28:23] апо Боец 9: 1 урона от Лучник. HP 41/70
[2026-05-22 17:28:23] апо Боец 12: 1 урона от Лучник. HP 86/100
[2026-05-22 17:28:23] апо Боец 9: 1 урона от Лучник. HP 40/70
[2026-05-22 17:28:23] апо Боец 3: 1 урона от Лучник. HP 1/70
[2026-05-22 17:28:23] апо Боец 3: 1 урона от Лучник. HP 0/70
[2026-05-22 17:28:23] апо Боец 3 убит Лучник
[2026-05-22 17:28:23] апо Боец 7: 1 урона от Лучник. HP 69/100
[2026-05-22 17:28:23] апо Боец 9: 1 урона от Лучник. HP 39/70
[2026-05-22 17:28:23] апо Боец 7: 1 урона от Лучник. HP 68/100
[2026-05-22 17:28:23] апо Боец 7: 1 урона от Лучник. HP 67/100
[2026-05-22 17:28:23] апо Боец 7: 1 урона от Лучник. HP 66/100
[2026-05-22 17:28:23] апо Боец 9: 1 урона от Лучник. HP 38/70
[2026-05-22 17:28:23] апо Боец 9: 1 урона от Лучник. HP 37/70
[2026-05-22 17:28:23] апо Боец 7: 1 урона от Лучник. HP 65/100
[2026-05-22 17:28:23] апо Боец 7: 1 урона от Лучник. HP 64/100
[2026-05-22 17:28:23] апо Боец 7: 1 урона от Лучник. HP 63/100
[2026-05-22 17:28:23] апо Боец 7: 1 урона от Лучник. HP 62/100
[2026-05-22 17:28:23] апо Боец 7: 1 урона от Лучник. HP 61/100
[2026-05-22 17:28:23] апо Боец 12: 1 урона от Лучник. HP 85/100
[2026-05-22 17:28:23] апо Боец 12: 1 урона от Лучник. HP 84/100
[2026-05-22 17:28:23] апо Боец 7: 1 урона от Лучник. HP 60/100
[2026-05-22 17:28:23] апо Боец 7: 1 урона от Лучник. HP 59/100
[2026-05-22 17:28:23] апо Боец 9: 1 урона от Лучник. HP 36/70
[2026-05-22 17:28:23] апо Боец 7: 1 урона от Лучник. HP 58/100
[2026-05-22 17:28:23] апо Боец 7: 1 урона от Лучник. HP 57/100
[2026-05-22 17:28:23] апо Боец 12: 1 урона от Лучник. HP 83/100
[2026-05-22 17:28:23] апо Боец 7: 1 урона от Лучник. HP 56/100
[2026-05-22 17:28:23] апо Боец 9: 1 урона от Лучник. HP 35/70
[2026-05-22 17:28:23] апо Боец 9: 1 урона от Лучник. HP 34/70
[2026-05-22 17:28:24] апо Боец 9: 1 урона от Сильный боец. HP 33/70
[2026-05-22 17:28:24] апо Боец 7: 1 урона от Лучник. HP 55/100
[2026-05-22 17:28:24] апо Боец 12: 1 урона от Лучник. HP 82/100
[2026-05-22 17:28:24] апо Боец 12: 1 урона от Лучник. HP 81/100
[2026-05-22 17:28:24] апо Боец 12: 1 урона от Лучник. HP 80/100
[2026-05-22 17:28:24] апо Боец 7: 1 урона от Лучник. HP 54/100
[2026-05-22 17:28:24] апо Боец 7: 1 урона от Лучник. HP 53/100
[2026-05-22 17:28:24] апо Боец 9: 1 урона от Лучник. HP 32/70
[2026-05-22 17:28:24] апо Боец 7: 1 урона от Лучник. HP 52/100
[2026-05-22 17:28:24] апо Боец 9: 1 урона от Лучник. HP 31/70
[2026-05-22 17:28:24] апо Боец 7: 1 урона от Лучник. HP 51/100
[2026-05-22 17:28:24] апо Боец 9: 1 урона от Лучник. HP 30/70
[2026-05-22 17:28:24] апо Боец 7: 1 урона от Лучник. HP 50/100
[2026-05-22 17:28:24] апо Боец 9: 1 урона от Лучник. HP 29/70
[2026-05-22 17:28:24] апо Боец 9: 1 урона от Лучник. HP 28/70
[2026-05-22 17:28:24] апо Боец 7: 1 урона от Лучник. HP 49/100
[2026-05-22 17:28:24] апо Боец 7: 1 урона от Лучник. HP 48/100
[2026-05-22 17:28:24] апо Боец 9: 1 урона от Лучник. HP 27/70
[2026-05-22 17:28:24] апо Боец 9: 1 урона от Лучник. HP 26/70
[2026-05-22 17:28:24] апо Боец 7: 1 урона от Лучник. HP 47/100
[2026-05-22 17:28:24] апо Боец 12: 1 урона от Лучник. HP 79/100
[2026-05-22 17:28:24] апо Боец 7: 1 урона от Лучник. HP 46/100
[2026-05-22 17:28:24] апо Боец 7: 1 урона от Лучник. HP 45/100
[2026-05-22 17:28:24] апо Боец 7: 1 урона от Лучник. HP 44/100
[2026-05-22 17:28:24] апо Боец 7: 1 урона от Лучник. HP 43/100
[2026-05-22 17:28:24] апо Боец 7: 1 урона от Лучник. HP 42/100
[2026-05-22 17:28:24] апо Боец 12: 1 урона от Лучник. HP 78/100
[2026-05-22 17:28:24] апо Боец 7: 1 урона от Лучник. HP 41/100
[2026-05-22 17:28:24] апо Боец 7: 1 урона от Лучник. HP 40/100
[2026-05-22 17:28:24] апо Боец 7: 1 урона от Лучник. HP 39/100
[2026-05-22 17:28:24] апо Боец 12: 1 урона от Лучник. HP 77/100
[2026-05-22 17:28:24] апо Боец 7: 1 урона от Лучник. HP 38/100
[2026-05-22 17:28:24] апо Боец 7: 1 урона от Лучник. HP 37/100
[2026-05-22 17:28:24] апо Боец 7: 1 урона от Лучник. HP 36/100
[2026-05-22 17:28:24] апо Боец 12: 1 урона от Лучник. HP 76/100
[2026-05-22 17:28:24] апо Боец 9: 1 урона от Лучник. HP 25/70
[2026-05-22 17:28:24] апо Боец 12: 1 урона от Лучник. HP 75/100
[2026-05-22 17:28:24] апо Боец 9: 1 урона от Лучник. HP 24/70
[2026-05-22 17:28:24] апо Боец 7: 1 урона от Лучник. HP 35/100
[2026-05-22 17:28:24] апо Боец 9: 1 урона от Лучник. HP 23/70
[2026-05-22 17:28:24] апо Боец 9: 1 урона от Лучник. HP 22/70
[2026-05-22 17:28:24] апо Боец 9: 1 урона от Лучник. HP 21/70
[2026-05-22 17:28:24] апо Боец 12: 1 урона от Лучник. HP 74/100
[2026-05-22 17:28:24] апо Боец 7: 1 урона от Лучник. HP 34/100
[2026-05-22 17:28:24] апо Боец 9: 1 урона от Лучник. HP 20/70
[2026-05-22 17:28:24] апо Боец 12: 1 урона от Лучник. HP 73/100
[2026-05-22 17:28:24] апо Боец 9: 1 урона от Лучник. HP 19/70
[2026-05-22 17:28:24] апо Боец 7: 1 урона от Лучник. HP 33/100
[2026-05-22 17:28:24] апо Боец 7: 1 урона от Лучник. HP 32/100
[2026-05-22 17:28:24] апо Боец 7: 1 урона от Лучник. HP 31/100
[2026-05-22 17:28:24] апо Боец 9: 1 урона от Лучник. HP 18/70
[2026-05-22 17:28:24] апо Боец 9: 1 урона от Лучник. HP 17/70
[2026-05-22 17:28:24] апо Боец 12: 1 урона от Лучник. HP 72/100
[2026-05-22 17:28:24] апо Боец 7: 1 урона от Лучник. HP 30/100
[2026-05-22 17:28:24] апо Боец 7: 1 урона от Лучник. HP 29/100
[2026-05-22 17:28:24] апо Боец 9: 1 урона от Лучник. HP 16/70
[2026-05-22 17:28:24] апо Боец 7: 1 урона от Лучник. HP 28/100
[2026-05-22 17:28:24] апо Боец 7: 1 урона от Лучник. HP 27/100
[2026-05-22 17:28:24] апо Боец 12: 1 урона от Лучник. HP 71/100
[2026-05-22 17:28:24] апо Боец 12: 1 урона от Лучник. HP 70/100
[2026-05-22 17:28:24] апо Боец 7: 1 урона от Лучник. HP 26/100
[2026-05-22 17:28:24] апо Боец 7: 1 урона от Лучник. HP 25/100
[2026-05-22 17:28:24] апо Боец 7: 1 урона от Лучник. HP 24/100
[2026-05-22 17:28:24] апо Боец 7: 1 урона от Лучник. HP 23/100
[2026-05-22 17:28:24] апо Боец 7: 1 урона от Лучник. HP 22/100
[2026-05-22 17:28:24] апо Боец 7: 1 урона от Лучник. HP 21/100
[2026-05-22 17:28:24] апо Боец 7: 1 урона от Лучник. HP 20/100
[2026-05-22 17:28:24] апо Боец 7: 1 урона от Лучник. HP 19/100
[2026-05-22 17:28:24] апо Боец 9: 1 урона от Лучник. HP 15/70
[2026-05-22 17:28:24] апо Боец 7: 1 урона от Лучник. HP 18/100
[2026-05-22 17:28:24] апо Боец 12: 1 урона от Лучник. HP 69/100
[2026-05-22 17:28:24] апо Боец 12: 1 урона от Лучник. HP 68/100
[2026-05-22 17:28:24] апо Боец 12: 1 урона от Лучник. HP 67/100
[2026-05-22 17:28:24] апо Боец 7: 1 урона от Лучник. HP 17/100
[2026-05-22 17:28:24] апо Боец 7: 1 урона от Лучник. HP 16/100
[2026-05-22 17:28:24] апо Боец 9: 1 урона от Лучник. HP 14/70
[2026-05-22 17:28:24] апо Боец 9: 1 урона от Лучник. HP 13/70
[2026-05-22 17:28:24] апо Боец 7: 1 урона от Лучник. HP 15/100
[2026-05-22 17:28:24] апо Боец 9: 1 урона от Лучник. HP 12/70
[2026-05-22 17:28:24] апо Боец 7: 1 урона от Лучник. HP 14/100
[2026-05-22 17:28:24] апо Боец 9: 1 урона от Лучник. HP 11/70
[2026-05-22 17:28:24] апо Боец 12: 1 урона от Лучник. HP 66/100
[2026-05-22 17:28:24] апо Боец 12: 1 урона от Лучник. HP 65/100
[2026-05-22 17:28:24] апо Боец 9: 1 урона от Лучник. HP 10/70
[2026-05-22 17:28:24] апо Боец 9: 1 урона от Лучник. HP 9/70
[2026-05-22 17:28:24] апо Боец 9: 1 урона от Лучник. HP 8/70
[2026-05-22 17:28:24] апо Боец 12: 1 урона от Лучник. HP 64/100
[2026-05-22 17:28:24] апо Боец 7: 1 урона от Лучник. HP 13/100
[2026-05-22 17:28:24] апо Боец 7: 1 урона от Лучник. HP 12/100
[2026-05-22 17:28:24] апо Боец 9: 1 урона от Лучник. HP 7/70
[2026-05-22 17:28:25] апо Боец 9: 1 урона от Сильный боец. HP 6/70
[2026-05-22 17:28:25] апо Боец 7: 1 урона от Лучник. HP 11/100
[2026-05-22 17:28:25] апо Боец 12: 1 урона от Лучник. HP 63/100
[2026-05-22 17:28:25] апо Боец 12: 1 урона от Лучник. HP 62/100
[2026-05-22 17:28:25] апо Боец 12: 1 урона от Лучник. HP 61/100
[2026-05-22 17:28:25] апо Боец 9: 1 урона от Лучник. HP 5/70
[2026-05-22 17:28:25] апо Боец 9: 1 урона от Лучник. HP 4/70
[2026-05-22 17:28:25] апо Боец 7: 1 урона от Лучник. HP 10/100
[2026-05-22 17:28:25] апо Боец 12: 1 урона от Лучник. HP 60/100
[2026-05-22 17:28:25] апо Боец 7: 1 урона от Лучник. HP 9/100
[2026-05-22 17:28:25] апо Боец 9: 1 урона от Лучник. HP 3/70
[2026-05-22 17:28:25] апо Боец 7: 1 урона от Лучник. HP 8/100
[2026-05-22 17:28:25] апо Боец 9: 1 урона от Лучник. HP 2/70
[2026-05-22 17:28:25] апо Боец 7: 1 урона от Лучник. HP 7/100
[2026-05-22 17:28:25] апо Боец 12: 1 урона от Лучник. HP 59/100
[2026-05-22 17:28:25] апо Боец 9: 1 урона от Лучник. HP 1/70
[2026-05-22 17:28:25] апо Боец 9: 1 урона от Лучник. HP 0/70
[2026-05-22 17:28:25] апо Боец 9 убит Лучник
[2026-05-22 17:28:25] апо Боец 12: 1 урона от Лучник. HP 58/100
[2026-05-22 17:28:25] апо Боец 7: 1 урона от Лучник. HP 6/100
[2026-05-22 17:28:25] апо Боец 12: 1 урона от Лучник. HP 57/100
[2026-05-22 17:28:25] апо Боец 7: 1 урона от Лучник. HP 5/100
[2026-05-22 17:28:25] апо Боец 12: 1 урона от Лучник. HP 56/100
[2026-05-22 17:28:25] апо Боец 12: 1 урона от Лучник. HP 55/100
[2026-05-22 17:28:25] апо Боец 7: 1 урона от Лучник. HP 4/100
[2026-05-22 17:28:25] апо Боец 12: 1 урона от Лучник. HP 54/100
[2026-05-22 17:28:25] апо Боец 7: 1 урона от Лучник. HP 3/100
[2026-05-22 17:28:25] апо Боец 7: 1 урона от Лучник. HP 2/100
[2026-05-22 17:28:25] апо Боец 7: 1 урона от Лучник. HP 1/100
[2026-05-22 17:28:25] апо Боец 12: 1 урона от Лучник. HP 53/100
[2026-05-22 17:28:25] апо Боец 7: 1 урона от Лучник. HP 0/100
[2026-05-22 17:28:25] апо Боец 7 убит Лучник
[2026-05-22 17:28:25] апо Боец 12: 1 урона от Лучник. HP 52/100
[2026-05-22 17:28:25] апо Боец 12: 1 урона от Лучник. HP 51/100
[2026-05-22 17:28:25] апо Боец 12: 1 урона от Лучник. HP 50/100
[2026-05-22 17:28:25] апо Боец 12: 1 урона от Лучник. HP 49/100
[2026-05-22 17:28:25] апо Боец 12: 1 урона от Лучник. HP 48/100
[2026-05-22 17:28:25] апо Боец 12: 1 урона от Лучник. HP 47/100
[2026-05-22 17:28:25] апо Боец 12: 1 урона от Лучник. HP 46/100
[2026-05-22 17:28:25] апо Боец 12: 1 урона от Лучник. HP 45/100
[2026-05-22 17:28:25] апо Боец 12: 1 урона от Лучник. HP 44/100
[2026-05-22 17:28:25] апо Боец 12: 1 урона от Лучник. HP 43/100
[2026-05-22 17:28:25] апо Боец 12: 1 урона от Лучник. HP 42/100
[2026-05-22 17:28:25] апо Боец 12: 1 урона от Лучник. HP 41/100
[2026-05-22 17:28:25] апо Боец 12: 1 урона от Лучник. HP 40/100
[2026-05-22 17:28:25] апо Боец 12: 1 урона от Лучник. HP 39/100
[2026-05-22 17:28:25] апо Боец 12: 1 урона от Лучник. HP 38/100
[2026-05-22 17:28:25] апо Боец 12: 1 урона от Лучник. HP 37/100
[2026-05-22 17:28:25] апо Боец 12: 1 урона от Лучник. HP 36/100
[2026-05-22 17:28:25] апо Боец 12: 1 урона от Лучник. HP 35/100
[2026-05-22 17:28:25] апо Боец 12: 1 урона от Лучник. HP 34/100
[2026-05-22 17:28:25] апо Боец 12: 1 урона от Лучник. HP 33/100
[2026-05-22 17:28:25] апо Боец 12: 1 урона от Лучник. HP 32/100
[2026-05-22 17:28:25] апо Боец 12: 1 урона от Лучник. HP 31/100
[2026-05-22 17:28:25] апо Боец 12: 1 урона от Лучник. HP 30/100
[2026-05-22 17:28:25] апо Боец 12: 1 урона от Лучник. HP 29/100
[2026-05-22 17:28:25] апо Боец 12: 1 урона от Лучник. HP 28/100
[2026-05-22 17:28:25] апо Боец 12: 1 урона от Лучник. HP 27/100
[2026-05-22 17:28:25] апо Боец 12: 1 урона от Лучник. HP 26/100
[2026-05-22 17:28:25] апо Боец 12: 1 урона от Лучник. HP 25/100
[2026-05-22 17:28:25] апо Боец 12: 1 урона от Лучник. HP 24/100
[2026-05-22 17:28:25] апо Боец 12: 1 урона от Лучник. HP 23/100
[2026-05-22 17:28:25] апо Боец 12: 1 урона от Лучник. HP 22/100
[2026-05-22 17:28:25] апо Боец 12: 1 урона от Лучник. HP 21/100
[2026-05-22 17:28:25] апо Боец 12: 1 урона от Лучник. HP 20/100
[2026-05-22 17:28:25] апо Боец 12: 1 урона от Лучник. HP 19/100
[2026-05-22 17:28:25] апо Боец 12: 1 урона от Лучник. HP 18/100
[2026-05-22 17:28:25] апо Боец 12: 1 урона от Лучник. HP 17/100
[2026-05-22 17:28:25] апо Боец 12: 1 урона от Лучник. HP 16/100
[2026-05-22 17:28:25] апо Боец 12: 1 урона от Лучник. HP 15/100
[2026-05-22 17:28:25] апо Боец 12: 1 урона от Лучник. HP 14/100
[2026-05-22 17:28:25] апо Боец 12: 1 урона от Лучник. HP 13/100
[2026-05-22 17:28:25] апо Боец 12: 1 урона от Лучник. HP 12/100
[2026-05-22 17:28:25] апо Боец 12: 1 урона от Лучник. HP 11/100
[2026-05-22 17:28:27] апо Боец 12: 1 урона от Лучник. HP 10/100
[2026-05-22 17:28:27] апо Боец 12: 1 урона от Лучник. HP 9/100
[2026-05-22 17:28:27] апо Боец 12: 1 урона от Лучник. HP 8/100
[2026-05-22 17:28:27] апо Боец 12: 1 урона от Лучник. HP 7/100
[2026-05-22 17:28:27] апо Боец 12: 1 урона от Лучник. HP 6/100
[2026-05-22 17:28:27] апо Боец 12: 1 урона от Лучник. HP 5/100
[2026-05-22 17:28:27] апо Боец 12: 1 урона от Лучник. HP 4/100
[2026-05-22 17:28:27] апо Боец 12: 1 урона от Лучник. HP 3/100
[2026-05-22 17:28:27] апо Боец 12: 1 урона от Лучник. HP 2/100
[2026-05-22 17:28:27] апо Боец 12: 1 урона от Лучник. HP 1/100
[2026-05-22 17:28:27] апо Боец 12: 1 урона от Лучник. HP 0/100
[2026-05-22 17:28:27] апо Боец 12 убит Лучник
[2026-05-22 17:49:43] Первые Боец 1: 2 урона от Слабый боец. HP 23/25
[2026-05-22 17:49:43] Вторые Боец 1: 2 урона от Слабый боец. HP 23/25
[2026-05-22 17:49:43] Вторые Боец 1: 4 урона от Лучник. HP 19/25
[2026-05-22 17:49:43] Вторые Боец 6: 10 урона от Лучник. HP 5/15
[2026-05-22 17:49:43] Первые Боец 1: 4 урона от Лучник. HP 19/25
[2026-05-22 17:49:47] Первые Боец 1: 2 урона от Слабый боец. HP 17/25
[2026-05-22 17:49:47] Вторые Боец 1: 2 урона от Слабый боец. HP 17/25
[2026-05-22 17:49:47] Вторые Боец 1: 4 урона от Лучник. HP 13/25
[2026-05-22 17:49:47] Вторые Боец 8: 1 урона от Лучник. HP 69/70
[2026-05-22 17:49:47] Первые Боец 3: 4 урона от Лучник. HP 21/25
[2026-05-22 17:49:48] Первые Боец 1: 2 урона от Слабый боец. HP 15/25
[2026-05-22 17:49:48] Вторые Боец 1: 2 урона от Слабый боец. HP 23/25
[2026-05-22 17:49:48] Вторые Боец 6: 10 урона от Лучник. HP 0/15
[2026-05-22 17:49:48] Вторые Боец 6 убит Лучник
[2026-05-22 17:49:48] Вторые Боец 3: 8 урона от Лучник. HP 14/22
[2026-05-22 17:49:48] Первые Боец 7: 9 урона от Лучник. HP 9/18
[2026-05-22 17:49:48] Первые Боец 3: 4 урона от Лучник. HP 17/25
[2026-05-22 17:49:49] Вторые Боец 2: 1 урона от Слабый боец. HP 69/70
[2026-05-22 17:49:49] Вторые Боец 2: 1 урона от Лучник. HP 68/70
[2026-05-22 17:49:49] Вторые Боец 2: 1 урона от Лучник. HP 67/70
[2026-05-22 17:49:49] Первые Боец 3: 4 урона от Лучник. HP 13/25
[2026-05-22 17:49:49] Первые Боец 3: 4 урона от Лучник. HP 9/25
[2026-05-22 17:49:50] Вторые Боец 2: 1 урона от Слабый боец. HP 66/70
[2026-05-22 17:49:50] Вторые Боец 5: 9 урона от Лучник. HP 9/18
[2026-05-22 17:49:50] Первые Боец 6: 1 урона от Лучник. HP 59/60
[2026-05-22 17:49:50] Первые Боец 3: 4 урона от Лучник. HP 5/25
[2026-05-22 17:49:58] Первые Боец 1: 2 урона от Слабый боец. HP 17/25
[2026-05-22 17:49:58] Вторые Боец 1: 2 урона от Слабый боец. HP 17/25
[2026-05-22 17:49:58] Вторые Боец 2: 1 урона от Лучник. HP 69/70
[2026-05-22 17:49:58] Вторые Боец 2: 1 урона от Лучник. HP 68/70
[2026-05-22 17:49:58] Первые Боец 2: 9 урона от Лучник. HP 9/18
[2026-05-22 17:49:58] Первые Боец 1: 4 урона от Лучник. HP 13/25
[2026-05-22 17:49:58] Первые Боец 1: 2 урона от Слабый боец. HP 15/25
[2026-05-22 17:49:58] Вторые Боец 1: 2 урона от Слабый боец. HP 23/25
[2026-05-22 17:49:58] Вторые Боец 5: 9 урона от Лучник. HP 9/18
[2026-05-22 17:49:58] Первые Боец 2: 9 урона от Лучник. HP 9/18
[2026-05-22 17:49:58] Первые Боец 2: 9 урона от Лучник. HP 0/18
[2026-05-22 17:49:58] Первые Боец 2 убит Лучник
[2026-05-22 17:49:58] Вторые Боец 2: 1 урона от Слабый боец. HP 69/70
[2026-05-22 17:49:58] Вторые Боец 1: 4 урона от Лучник. HP 19/25
[2026-05-22 17:49:58] Вторые Боец 1: 4 урона от Лучник. HP 15/25
[2026-05-22 17:49:58] Первые Боец 3: 4 урона от Лучник. HP 13/25
[2026-05-22 17:49:58] Первые Боец 2: 9 урона от Лучник. HP 9/18
[2026-05-22 17:49:59] Вторые Боец 2: 1 урона от Слабый боец. HP 66/70
[2026-05-22 17:49:59] Вторые Боец 1: 4 урона от Лучник. HP 19/25
[2026-05-22 17:49:59] Вторые Боец 2: 1 урона от Лучник. HP 65/70
[2026-05-22 17:49:59] Первые Боец 5: 1 урона от Лучник. HP 99/100
[2026-05-22 17:49:59] Первые Боец 3: 4 урона от Лучник. HP 5/25
[2026-05-22 17:50:07] Вторые Боец 1: 2 урона от Слабый боец. HP 17/25
[2026-05-22 17:50:07] Первые Боец 1: 2 урона от Слабый боец. HP 13/25
[2026-05-22 17:50:07] Первые Боец 2: 2 урона от Лучник. HP 16/18
[2026-05-22 17:50:07] Вторые Боец 2: 1 урона от Слабый боец. HP 64/70
[2026-05-22 17:50:07] Вторые Боец 3: 8 урона от Лучник. HP 6/22
[2026-05-22 17:50:07] Вторые Боец 1: 4 урона от Лучник. HP 13/25
[2026-05-22 17:50:07] Первые Боец 2: 9 урона от Лучник. HP 7/18
[2026-05-22 17:50:08] Вторые Боец 1: 2 урона от Слабый боец. HP 11/25
[2026-05-22 17:50:08] Первые Боец 1: 2 урона от Слабый боец. HP 11/25
[2026-05-22 17:50:08] Первые Боец 2: 2 урона от Лучник. HP 5/18
[2026-05-22 17:50:09] Вторые Боец 2: 1 урона от Слабый боец. HP 63/70
[2026-05-22 17:50:09] Вторые Боец 4: 1 урона от Лучник. HP 59/60
[2026-05-22 17:50:09] Первые Боец 5: 1 урона от Лучник. HP 98/100
[2026-05-22 17:50:09] Вторые Боец 2: 1 урона от Лучник. HP 62/70
[2026-05-22 17:50:09] Вторые Боец 1: 2 урона от Слабый боец. HP 9/25
[2026-05-22 17:50:09] Первые Боец 1: 2 урона от Слабый боец. HP 9/25
[2026-05-22 17:50:09] Первые Боец 2: 2 урона от Лучник. HP 3/18
[2026-05-22 17:50:09] Вторые Боец 2: 1 урона от Слабый боец. HP 61/70
[2026-05-22 17:50:10] Вторые Боец 7: 1 урона от Лучник. HP 59/60
[2026-05-22 17:50:10] Вторые Боец 1: 2 урона от Слабый боец. HP 7/25
[2026-05-22 17:50:10] Первые Боец 1: 2 урона от Слабый боец. HP 7/25
[2026-05-22 17:50:10] Первые Боец 2: 2 урона от Лучник. HP 1/18
[2026-05-22 17:50:10] Вторые Боец 2: 1 урона от Слабый боец. HP 60/70
[2026-05-22 17:50:10] Вторые Боец 2: 1 урона от Лучник. HP 59/70
[2026-05-22 17:50:10] Первые Боец 1: 4 урона от Лучник. HP 3/25
[2026-05-22 17:50:10] Вторые Боец 3: 8 урона от Лучник. HP 0/22
[2026-05-22 17:50:10] Вторые Боец 3 убит Лучник
[2026-05-22 17:50:10] Первые Боец 1: 4 урона от Лучник. HP 0/25
[2026-05-22 17:50:10] Первые Боец 1 убит Лучник
[2026-05-22 17:50:11] Вторые Боец 1: 2 урона от Слабый боец. HP 5/25
[2026-05-22 17:50:11] Первые Боец 2: 2 урона от Лучник. HP 0/18
[2026-05-22 17:50:11] Первые Боец 2 убит Лучник
[2026-05-22 17:50:11] Вторые Боец 2: 1 урона от Слабый боец. HP 58/70
[2026-05-22 17:50:11] Первые Боец 3: 4 урона от Лучник. HP 1/25
[2026-05-22 17:50:11] Вторые Боец 7: 1 урона от Лучник. HP 58/60
[2026-05-22 17:50:17] Вторые Боец 1: 2 урона от Слабый боец. HP 3/25
[2026-05-22 17:50:17] Вторые Боец 2: 1 урона от Слабый боец. HP 57/70
[2026-05-22 17:50:17] Вторые Боец 1: 4 урона от Лучник. HP 0/25
[2026-05-22 17:50:17] Вторые Боец 1 убит Лучник
[2026-05-22 17:50:18] Вторые Боец 5: 9 урона от Лучник. HP 9/18
[2026-05-22 17:50:18] Первые Боец 5: 1 урона от Лучник. HP 97/100
[2026-05-22 17:50:18] Первые Боец 5: 1 урона от Лучник. HP 96/100
[2026-05-22 17:50:23] Первые Боец 4: 6 урона от Слабый боец. HP 16/22
[2026-05-22 17:50:23] Вторые Боец 2: 1 урона от Слабый боец. HP 56/70
[2026-05-22 17:50:23] Вторые Боец 2: 1 урона от Лучник. HP 55/70
[2026-05-22 17:50:23] Первые Боец 5: 1 урона от Лучник. HP 95/100
[2026-05-22 17:50:23] Вторые Боец 9: 4 урона от Лучник. HP 21/25
[2026-05-22 17:50:23] Первые Боец 3: 4 урона от Лучник. HP 0/25
[2026-05-22 17:50:23] Первые Боец 3 убит Лучник
[2026-05-22 17:50:23] Вторые Боец 5: 9 урона от Лучник. HP 0/18
[2026-05-22 17:50:23] Вторые Боец 5 убит Лучник
[2026-05-22 17:50:25] Первые Боец 4: 6 урона от Слабый боец. HP 10/22
[2026-05-22 17:50:25] Вторые Боец 2: 1 урона от Лучник. HP 54/70
[2026-05-22 17:50:25] Вторые Боец 4: 1 урона от Лучник. HP 58/60
[2026-05-22 17:50:25] Вторые Боец 4: 1 урона от Лучник. HP 57/60
[2026-05-22 17:50:25] Вторые Боец 2: 1 урона от Лучник. HP 53/70
[2026-05-22 17:50:37] Вторые Боец 2: 1 урона от Маг. HP 52/70
[2026-05-22 17:50:37] Первые Боец 5: 1 урона от Слабый боец. HP 94/100
[2026-05-22 17:50:37] Вторые Боец 4: 5 урона от Сильный боец. HP 52/60
[2026-05-22 17:50:37] Первые Боец 6: 5 урона от Сильный боец. HP 55/60
[2026-05-22 17:50:37] Первые Боец 7: 17 урона от Сильный боец. HP 0/18
[2026-05-22 17:50:37] Первые Боец 7 убит Сильный боец
[2026-05-22 17:50:37] Первые Боец 9: 1 урона от Слабый боец. HP 59/60
[2026-05-22 17:50:37] Вторые Боец 9: 12 урона от Сильный боец. HP 9/25
[2026-05-22 17:50:38] Вторые Боец 2: 1 урона от Маг. HP 51/70
[2026-05-22 17:50:38] Первые Боец 5: 1 урона от Слабый боец. HP 93/100
[2026-05-22 17:50:38] Первые Боец 6: 5 урона от Сильный боец. HP 50/60
[2026-05-22 17:50:38] Вторые Боец 4: 5 урона от Сильный боец. HP 47/60
[2026-05-22 17:50:38] Первые Боец 8: 1 урона от Сильный боец. HP 99/100
[2026-05-22 17:50:38] Вторые Боец 8: 1 урона от Сильный боец. HP 68/70
[2026-05-22 17:50:40] Вторые Боец 2: 1 урона от Маг. HP 50/70
[2026-05-22 17:50:40] Первые Боец 5: 1 урона от Слабый боец. HP 92/100
[2026-05-22 17:50:40] Первые Боец 6: 5 урона от Сильный боец. HP 45/60
[2026-05-22 17:50:40] Вторые Боец 4: 5 урона от Сильный боец. HP 42/60
[2026-05-22 17:50:40] Первые Боец 8: 1 урона от Сильный боец. HP 98/100
[2026-05-22 17:50:40] Вторые Боец 8: 1 урона от Сильный боец. HP 67/70
[2026-05-22 17:50:41] Вторые Боец 2: 1 урона от Маг. HP 49/70
[2026-05-22 17:50:41] Первые Боец 5: 1 урона от Слабый боец. HP 91/100
[2026-05-22 17:50:41] Вторые Боец 4: 5 урона от Сильный боец. HP 37/60
[2026-05-22 17:50:41] Первые Боец 6: 5 урона от Сильный боец. HP 40/60
[2026-05-22 17:50:41] Первые Боец 8: 1 урона от Сильный боец. HP 97/100
[2026-05-22 17:50:41] Вторые Боец 8: 1 урона от Сильный боец. HP 66/70
[2026-05-22 17:50:41] Вторые Боец 2: 1 урона от Маг. HP 48/70
[2026-05-22 17:50:41] Первые Боец 5: 1 урона от Слабый боец. HP 90/100
[2026-05-22 17:50:41] Вторые Боец 4: 5 урона от Сильный боец. HP 32/60
[2026-05-22 17:50:41] Первые Боец 6: 5 урона от Сильный боец. HP 35/60
[2026-05-22 17:50:41] Первые Боец 8: 1 урона от Сильный боец. HP 96/100
[2026-05-22 17:50:41] Вторые Боец 8: 1 урона от Сильный боец. HP 65/70
[2026-05-22 17:50:42] Вторые Боец 2: 1 урона от Маг. HP 47/70
[2026-05-22 17:50:42] Первые Боец 5: 1 урона от Слабый боец. HP 89/100
[2026-05-22 17:50:42] Первые Боец 6: 5 урона от Сильный боец. HP 30/60
[2026-05-22 17:50:42] Вторые Боец 4: 5 урона от Сильный боец. HP 27/60
[2026-05-22 17:50:42] Первые Боец 8: 1 урона от Сильный боец. HP 95/100
[2026-05-22 17:50:42] Вторые Боец 8: 1 урона от Сильный боец. HP 64/70
[2026-05-22 17:50:42] Вторые Боец 2: 1 урона от Маг. HP 46/70
[2026-05-22 17:50:42] Первые Боец 5: 1 урона от Слабый боец. HP 88/100
[2026-05-22 17:50:42] Первые Боец 6: 5 урона от Сильный боец. HP 25/60
[2026-05-22 17:50:42] Вторые Боец 4: 5 урона от Сильный боец. HP 22/60
[2026-05-22 17:50:42] Первые Боец 8: 1 урона от Сильный боец. HP 94/100
[2026-05-22 17:50:42] Вторые Боец 8: 1 урона от Сильный боец. HP 63/70
[2026-05-22 17:50:42] Вторые Боец 2: 1 урона от Маг. HP 45/70
[2026-05-22 17:50:42] Первые Боец 5: 1 урона от Слабый боец. HP 87/100
[2026-05-22 17:50:42] Первые Боец 6: 5 урона от Сильный боец. HP 20/60
[2026-05-22 17:50:42] Вторые Боец 4: 5 урона от Сильный боец. HP 17/60
[2026-05-22 17:50:42] Первые Боец 8: 1 урона от Сильный боец. HP 93/100
[2026-05-22 17:50:42] Вторые Боец 8: 1 урона от Сильный боец. HP 62/70
[2026-05-22 17:50:42] Вторые Боец 2: 1 урона от Маг. HP 44/70
[2026-05-22 17:50:42] Первые Боец 5: 1 урона от Слабый боец. HP 86/100
[2026-05-22 17:50:42] Вторые Боец 4: 5 урона от Сильный боец. HP 12/60
[2026-05-22 17:50:42] Первые Боец 6: 5 урона от Сильный боец. HP 15/60
[2026-05-22 17:50:42] Первые Боец 8: 1 урона от Сильный боец. HP 92/100
[2026-05-22 17:50:42] Вторые Боец 8: 1 урона от Сильный боец. HP 61/70
[2026-05-22 17:50:43] Вторые Боец 2: 1 урона от Маг. HP 43/70
[2026-05-22 17:50:43] Первые Боец 5: 1 урона от Слабый боец. HP 85/100
[2026-05-22 17:50:43] Вторые Боец 4: 5 урона от Сильный боец. HP 7/60
[2026-05-22 17:50:43] Первые Боец 6: 5 урона от Сильный боец. HP 10/60
[2026-05-22 17:50:43] Первые Боец 8: 1 урона от Сильный боец. HP 91/100
[2026-05-22 17:50:43] Вторые Боец 8: 1 урона от Сильный боец. HP 60/70
[2026-05-22 17:50:43] Вторые Боец 2: 1 урона от Маг. HP 42/70
[2026-05-22 17:50:43] Первые Боец 5: 1 урона от Слабый боец. HP 84/100
[2026-05-22 17:50:43] Вторые Боец 4: 5 урона от Сильный боец. HP 2/60
[2026-05-22 17:50:43] Первые Боец 6: 5 урона от Сильный боец. HP 5/60
[2026-05-22 17:50:43] Первые Боец 8: 1 урона от Сильный боец. HP 90/100
[2026-05-22 17:50:43] Вторые Боец 8: 1 урона от Сильный боец. HP 59/70
[2026-05-22 17:50:43] Вторые Боец 2: 1 урона от Маг. HP 41/70
[2026-05-22 17:50:43] Первые Боец 5: 1 урона от Слабый боец. HP 83/100
[2026-05-22 17:50:43] Вторые Боец 4: 5 урона от Сильный боец. HP 0/60
[2026-05-22 17:50:43] Вторые Боец 4 убит Сильный боец
[2026-05-22 17:50:43] Первые Боец 8: 1 урона от Сильный боец. HP 89/100
[2026-05-22 17:50:43] Вторые Боец 8: 1 урона от Сильный боец. HP 58/70
[2026-05-22 17:50:44] Вторые Боец 2: 1 урона от Маг. HP 40/70
[2026-05-22 17:50:44] Первые Боец 5: 1 урона от Слабый боец. HP 82/100
[2026-05-22 17:50:44] Вторые Боец 7: 5 урона от Сильный боец. HP 53/60
[2026-05-22 17:50:44] Первые Боец 6: 5 урона от Сильный боец. HP 0/60
[2026-05-22 17:50:44] Первые Боец 6 убит Сильный боец
[2026-05-22 17:50:44] Первые Боец 9: 1 урона от Слабый боец. HP 58/60
[2026-05-22 17:50:44] Вторые Боец 9: 12 урона от Сильный боец. HP 0/25
[2026-05-22 17:50:44] Вторые Боец 9 убит Сильный боец
[2026-05-22 17:50:44] Вторые Боец 2: 1 урона от Маг. HP 39/70
[2026-05-22 17:50:45] Первые Боец 5: 1 урона от Слабый боец. HP 81/100
[2026-05-22 17:50:45] Первые Боец 8: 1 урона от Сильный боец. HP 88/100
[2026-05-22 17:50:45] Вторые Боец 8: 1 урона от Сильный боец. HP 57/70
[2026-05-22 17:50:45] Вторые Боец 2: 1 урона от Маг. HP 38/70
[2026-05-22 17:50:45] Первые Боец 5: 1 урона от Слабый боец. HP 80/100
[2026-05-22 17:50:45] Первые Боец 8: 1 урона от Сильный боец. HP 87/100
[2026-05-22 17:50:45] Вторые Боец 8: 1 урона от Сильный боец. HP 56/70
[2026-05-22 17:50:45] Вторые Боец 2: 1 урона от Маг. HP 37/70
[2026-05-22 17:50:45] Первые Боец 5: 1 урона от Слабый боец. HP 79/100
[2026-05-22 17:50:45] Первые Боец 8: 1 урона от Сильный боец. HP 86/100
[2026-05-22 17:50:45] Вторые Боец 8: 1 урона от Сильный боец. HP 55/70
[2026-05-22 17:50:45] Вторые Боец 2: 1 урона от Маг. HP 36/70
[2026-05-22 17:50:45] Первые Боец 5: 1 урона от Слабый боец. HP 78/100
[2026-05-22 17:50:45] Первые Боец 8: 1 урона от Сильный боец. HP 85/100
[2026-05-22 17:50:45] Вторые Боец 8: 1 урона от Сильный боец. HP 54/70
[2026-05-22 17:50:46] Вторые Боец 2: 1 урона от Маг. HP 35/70
[2026-05-22 17:50:46] Первые Боец 5: 1 урона от Слабый боец. HP 77/100
[2026-05-22 17:50:46] Первые Боец 8: 1 урона от Сильный боец. HP 84/100
[2026-05-22 17:50:46] Вторые Боец 8: 1 урона от Сильный боец. HP 53/70
[2026-05-22 17:50:46] Вторые Боец 2: 1 урона от Маг. HP 34/70
[2026-05-22 17:50:46] Первые Боец 5: 1 урона от Слабый боец. HP 76/100
[2026-05-22 17:50:46] Первые Боец 8: 1 урона от Сильный боец. HP 83/100
[2026-05-22 17:50:46] Вторые Боец 8: 1 урона от Сильный боец. HP 52/70
[2026-05-22 17:50:46] Вторые Боец 2: 1 урона от Маг. HP 33/70
[2026-05-22 17:50:46] Первые Боец 5: 1 урона от Слабый боец. HP 75/100
[2026-05-22 17:50:46] Первые Боец 8: 1 урона от Сильный боец. HP 82/100
[2026-05-22 17:50:46] Вторые Боец 8: 1 урона от Сильный боец. HP 51/70
[2026-05-22 17:50:46] Вторые Боец 2: 1 урона от Маг. HP 32/70
[2026-05-22 17:50:46] Первые Боец 5: 1 урона от Слабый боец. HP 74/100
[2026-05-22 17:50:46] Первые Боец 8: 1 урона от Сильный боец. HP 81/100
[2026-05-22 17:50:46] Вторые Боец 8: 1 урона от Сильный боец. HP 50/70
[2026-05-22 17:50:46] Вторые Боец 2: 1 урона от Маг. HP 31/70
[2026-05-22 17:50:46] Первые Боец 5: 1 урона от Слабый боец. HP 73/100
[2026-05-22 17:50:46] Первые Боец 8: 1 урона от Сильный боец. HP 80/100
[2026-05-22 17:50:46] Вторые Боец 8: 1 урона от Сильный боец. HP 49/70
[2026-05-22 17:50:46] Вторые Боец 2: 1 урона от Маг. HP 30/70
[2026-05-22 17:50:46] Первые Боец 5: 1 урона от Слабый боец. HP 72/100
[2026-05-22 17:50:46] Первые Боец 8: 1 урона от Сильный боец. HP 79/100
[2026-05-22 17:50:46] Вторые Боец 8: 1 урона от Сильный боец. HP 48/70
[2026-05-22 17:50:47] Вторые Боец 2: 1 урона от Маг. HP 29/70
[2026-05-22 17:50:47] Первые Боец 5: 1 урона от Слабый боец. HP 71/100
[2026-05-22 17:50:47] Первые Боец 8: 1 урона от Сильный боец. HP 78/100
[2026-05-22 17:50:47] Вторые Боец 8: 1 урона от Сильный боец. HP 47/70
[2026-05-22 17:50:47] Вторые Боец 2: 1 урона от Маг. HP 28/70
[2026-05-22 17:50:47] Первые Боец 5: 1 урона от Слабый боец. HP 70/100
[2026-05-22 17:50:47] Первые Боец 8: 1 урона от Сильный боец. HP 77/100
[2026-05-22 17:50:47] Вторые Боец 8: 1 урона от Сильный боец. HP 46/70
[2026-05-22 17:50:47] Вторые Боец 2: 1 урона от Маг. HP 27/70
[2026-05-22 17:50:47] Первые Боец 5: 1 урона от Слабый боец. HP 69/100
[2026-05-22 17:50:47] Первые Боец 8: 1 урона от Сильный боец. HP 76/100
[2026-05-22 17:50:47] Вторые Боец 8: 1 урона от Сильный боец. HP 45/70
[2026-05-22 17:50:47] Вторые Боец 2: 1 урона от Маг. HP 26/70
[2026-05-22 17:50:47] Первые Боец 5: 1 урона от Слабый боец. HP 68/100
[2026-05-22 17:50:47] Первые Боец 8: 1 урона от Сильный боец. HP 75/100
[2026-05-22 17:50:47] Вторые Боец 8: 1 урона от Сильный боец. HP 44/70
[2026-05-22 17:50:47] Вторые Боец 2: 1 урона от Маг. HP 25/70
[2026-05-22 17:50:47] Первые Боец 5: 1 урона от Слабый боец. HP 67/100
[2026-05-22 17:50:47] Первые Боец 8: 1 урона от Сильный боец. HP 74/100
[2026-05-22 17:50:47] Вторые Боец 8: 1 урона от Сильный боец. HP 43/70
[2026-05-22 17:50:47] Вторые Боец 2: 1 урона от Маг. HP 24/70
[2026-05-22 17:50:47] Первые Боец 5: 1 урона от Слабый боец. HP 66/100
[2026-05-22 17:50:47] Первые Боец 8: 1 урона от Сильный боец. HP 73/100
[2026-05-22 17:50:47] Вторые Боец 8: 1 урона от Сильный боец. HP 42/70
[2026-05-22 17:50:48] Вторые Боец 2: 1 урона от Маг. HP 23/70
[2026-05-22 17:50:48] Первые Боец 5: 1 урона от Слабый боец. HP 65/100
[2026-05-22 17:50:48] Первые Боец 8: 1 урона от Сильный боец. HP 72/100
[2026-05-22 17:50:48] Вторые Боец 8: 1 урона от Сильный боец. HP 41/70
[2026-05-22 17:50:48] Вторые Боец 2: 1 урона от Маг. HP 22/70
[2026-05-22 17:50:48] Первые Боец 5: 1 урона от Слабый боец. HP 64/100
[2026-05-22 17:50:48] Первые Боец 8: 1 урона от Сильный боец. HP 71/100
[2026-05-22 17:50:48] Вторые Боец 8: 1 урона от Сильный боец. HP 40/70
[2026-05-22 17:50:48] Вторые Боец 2: 1 урона от Маг. HP 21/70
[2026-05-22 17:50:48] Первые Боец 5: 1 урона от Слабый боец. HP 63/100
[2026-05-22 17:50:48] Первые Боец 8: 1 урона от Сильный боец. HP 70/100
[2026-05-22 17:50:48] Вторые Боец 8: 1 урона от Сильный боец. HP 39/70
[2026-05-22 17:50:48] Вторые Боец 2: 1 урона от Маг. HP 20/70
[2026-05-22 17:50:48] Первые Боец 5: 1 урона от Слабый боец. HP 62/100
[2026-05-22 17:50:48] Первые Боец 8: 1 урона от Сильный боец. HP 69/100
[2026-05-22 17:50:48] Вторые Боец 8: 1 урона от Сильный боец. HP 38/70
[2026-05-22 17:50:48] Вторые Боец 2: 1 урона от Маг. HP 19/70
[2026-05-22 17:50:48] Первые Боец 5: 1 урона от Слабый боец. HP 61/100
[2026-05-22 17:50:48] Первые Боец 8: 1 урона от Сильный боец. HP 68/100
[2026-05-22 17:50:48] Вторые Боец 8: 1 урона от Сильный боец. HP 37/70
[2026-05-22 17:50:49] Вторые Боец 2: 1 урона от Маг. HP 18/70
[2026-05-22 17:50:49] Первые Боец 5: 1 урона от Слабый боец. HP 60/100
[2026-05-22 17:50:49] Первые Боец 8: 1 урона от Сильный боец. HP 67/100
[2026-05-22 17:50:49] Вторые Боец 8: 1 урона от Сильный боец. HP 36/70
[2026-05-22 17:50:49] Вторые Боец 2: 1 урона от Маг. HP 17/70
[2026-05-22 17:50:49] Первые Боец 5: 1 урона от Слабый боец. HP 59/100
[2026-05-22 17:50:49] Первые Боец 8: 1 урона от Сильный боец. HP 66/100
[2026-05-22 17:50:49] Вторые Боец 8: 1 урона от Сильный боец. HP 35/70
[2026-05-22 17:50:56] Вторые Боец 2: 1 урона от Маг. HP 16/70
[2026-05-22 17:50:56] Первые Боец 5: 1 урона от Слабый боец. HP 58/100
[2026-05-22 17:50:56] Первые Боец 8: 1 урона от Сильный боец. HP 65/100
[2026-05-22 17:50:56] Вторые Боец 8: 1 урона от Сильный боец. HP 34/70
[2026-05-22 17:50:57] Вторые Боец 2: 1 урона от Маг. HP 15/70
[2026-05-22 17:50:57] Первые Боец 5: 1 урона от Слабый боец. HP 57/100
[2026-05-22 17:50:57] Первые Боец 8: 1 урона от Сильный боец. HP 64/100
[2026-05-22 17:50:57] Вторые Боец 8: 1 урона от Сильный боец. HP 33/70
[2026-05-22 17:50:57] Вторые Боец 2: 1 урона от Маг. HP 14/70
[2026-05-22 17:50:57] Первые Боец 5: 1 урона от Слабый боец. HP 56/100
[2026-05-22 17:50:57] Первые Боец 8: 1 урона от Сильный боец. HP 63/100
[2026-05-22 17:50:57] Вторые Боец 8: 1 урона от Сильный боец. HP 32/70
[2026-05-22 17:50:57] Вторые Боец 2: 1 урона от Маг. HP 13/70
[2026-05-22 17:50:57] Первые Боец 5: 1 урона от Слабый боец. HP 55/100
[2026-05-22 17:50:57] Первые Боец 8: 1 урона от Сильный боец. HP 62/100
[2026-05-22 17:50:57] Вторые Боец 8: 1 урона от Сильный боец. HP 31/70
[2026-05-22 17:50:57] Вторые Боец 2: 1 урона от Маг. HP 12/70
[2026-05-22 17:50:57] Первые Боец 5: 1 урона от Слабый боец. HP 54/100
[2026-05-22 17:50:57] Первые Боец 8: 1 урона от Сильный боец. HP 61/100
[2026-05-22 17:50:57] Вторые Боец 8: 1 урона от Сильный боец. HP 30/70
[2026-05-22 17:50:57] Вторые Боец 2: 1 урона от Маг. HP 11/70
[2026-05-22 17:50:57] Первые Боец 5: 1 урона от Слабый боец. HP 53/100
[2026-05-22 17:50:57] Первые Боец 8: 1 урона от Сильный боец. HP 60/100
[2026-05-22 17:50:57] Вторые Боец 8: 1 урона от Сильный боец. HP 29/70
[2026-05-22 17:50:57] Вторые Боец 2: 1 урона от Маг. HP 10/70
[2026-05-22 17:50:57] Первые Боец 5: 1 урона от Слабый боец. HP 52/100
[2026-05-22 17:50:57] Первые Боец 8: 1 урона от Сильный боец. HP 59/100
[2026-05-22 17:50:57] Вторые Боец 8: 1 урона от Сильный боец. HP 28/70
[2026-05-22 17:50:58] Вторые Боец 2: 1 урона от Маг. HP 9/70
[2026-05-22 17:50:58] Первые Боец 5: 1 урона от Слабый боец. HP 51/100
[2026-05-22 17:50:58] Первые Боец 8: 1 урона от Сильный боец. HP 58/100
[2026-05-22 17:50:58] Вторые Боец 8: 1 урона от Сильный боец. HP 27/70
[2026-05-22 17:50:58] Вторые Боец 2: 1 урона от Маг. HP 8/70
[2026-05-22 17:50:58] Первые Боец 5: 1 урона от Слабый боец. HP 50/100
[2026-05-22 17:50:58] Первые Боец 8: 1 урона от Сильный боец. HP 57/100
[2026-05-22 17:50:58] Вторые Боец 8: 1 урона от Сильный боец. HP 26/70
[2026-05-22 17:50:58] Вторые Боец 2: 1 урона от Маг. HP 7/70
[2026-05-22 17:50:58] Первые Боец 5: 1 урона от Слабый боец. HP 49/100
[2026-05-22 17:50:58] Первые Боец 8: 1 урона от Сильный боец. HP 56/100
[2026-05-22 17:50:58] Вторые Боец 8: 1 урона от Сильный боец. HP 25/70
[2026-05-22 17:50:58] Вторые Боец 2: 1 урона от Маг. HP 6/70
[2026-05-22 17:50:58] Первые Боец 5: 1 урона от Слабый боец. HP 48/100
[2026-05-22 17:50:58] Первые Боец 8: 1 урона от Сильный боец. HP 55/100
[2026-05-22 17:50:58] Вторые Боец 8: 1 урона от Сильный боец. HP 24/70
[2026-05-22 17:50:58] Вторые Боец 2: 1 урона от Маг. HP 5/70
[2026-05-22 17:50:58] Первые Боец 5: 1 урона от Слабый боец. HP 47/100
[2026-05-22 17:50:58] Первые Боец 8: 1 урона от Сильный боец. HP 54/100
[2026-05-22 17:50:58] Вторые Боец 8: 1 урона от Сильный боец. HP 23/70
[2026-05-22 17:50:59] Вторые Боец 2: 1 урона от Маг. HP 4/70
[2026-05-22 17:50:59] Первые Боец 5: 1 урона от Слабый боец. HP 46/100
[2026-05-22 17:50:59] Первые Боец 8: 1 урона от Сильный боец. HP 53/100
[2026-05-22 17:50:59] Вторые Боец 8: 1 урона от Сильный боец. HP 22/70
[2026-05-22 17:50:59] Вторые Боец 2: 1 урона от Маг. HP 3/70
[2026-05-22 17:50:59] Первые Боец 5: 1 урона от Слабый боец. HP 45/100
[2026-05-22 17:50:59] Первые Боец 8: 1 урона от Сильный боец. HP 52/100
[2026-05-22 17:50:59] Вторые Боец 8: 1 урона от Сильный боец. HP 21/70
[2026-05-22 17:50:59] Вторые Боец 2: 1 урона от Маг. HP 2/70
[2026-05-22 17:50:59] Первые Боец 5: 1 урона от Слабый боец. HP 44/100
[2026-05-22 17:50:59] Первые Боец 8: 1 урона от Сильный боец. HP 51/100
[2026-05-22 17:50:59] Вторые Боец 8: 1 урона от Сильный боец. HP 20/70
[2026-05-22 17:50:59] Вторые Боец 2: 1 урона от Маг. HP 1/70
[2026-05-22 17:50:59] Первые Боец 5: 1 урона от Слабый боец. HP 43/100
[2026-05-22 17:50:59] Первые Боец 8: 1 урона от Сильный боец. HP 50/100
[2026-05-22 17:50:59] Вторые Боец 8: 1 урона от Сильный боец. HP 19/70
[2026-05-22 17:50:59] Вторые Боец 2: 1 урона от Маг. HP 0/70
[2026-05-22 17:50:59] Вторые Боец 2 убит Маг
[2026-05-22 17:50:59] Первые Боец 5: 1 урона от Слабый боец. HP 42/100
[2026-05-22 17:50:59] Первые Боец 8: 1 урона от Сильный боец. HP 49/100
[2026-05-22 17:50:59] Вторые Боец 8: 1 урона от Сильный боец. HP 18/70
[2026-05-22 17:51:00] Первые Боец 4: 6 урона от Слабый боец. HP 4/22
[2026-05-22 17:51:00] Первые Боец 5: 1 урона от Сильный боец. HP 41/100
[2026-05-22 17:51:00] Первые Боец 9: 1 урона от Слабый боец. HP 57/60
[2026-05-22 17:51:00] Первые Боец 4: 6 урона от Слабый боец. HP 0/22
[2026-05-22 17:51:00] Первые Боец 4 убит Слабый боец
[2026-05-22 17:51:00] Первые Боец 5: 1 урона от Сильный боец. HP 40/100
[2026-05-22 17:51:00] Первые Боец 9: 1 урона от Слабый боец. HP 56/60
[2026-05-22 17:51:00] Первые Боец 5: 1 урона от Сильный боец. HP 39/100
[2026-05-22 17:51:00] Первые Боец 5: 1 урона от Сильный боец. HP 38/100
[2026-05-22 17:51:00] Первые Боец 5: 1 урона от Сильный боец. HP 37/100
[2026-05-22 17:51:01] Первые Боец 5: 1 урона от Сильный боец. HP 36/100
[2026-05-22 17:51:01] Первые Боец 5: 1 урона от Сильный боец. HP 35/100
[2026-05-22 17:51:02] Первые Боец 5: 1 урона от Сильный боец. HP 34/100
[2026-05-22 17:51:02] Первые Боец 5: 1 урона от Сильный боец. HP 33/100
[2026-05-22 17:51:02] Первые Боец 5: 1 урона от Сильный боец. HP 32/100
[2026-05-22 17:51:02] Первые Боец 5: 1 урона от Сильный боец. HP 31/100
[2026-05-22 17:51:02] Первые Боец 5: 1 урона от Сильный боец. HP 30/100
[2026-05-22 17:51:03] Первые Боец 5: 1 урона от Сильный боец. HP 29/100
[2026-05-22 17:51:07] Первые Боец 5: 1 урона от Сильный боец. HP 28/100
[2026-05-22 17:51:07] Первые Боец 5: 1 урона от Сильный боец. HP 27/100
[2026-05-22 17:51:07] Первые Боец 5: 1 урона от Сильный боец. HP 26/100
[2026-05-22 17:51:07] Первые Боец 5: 1 урона от Сильный боец. HP 25/100
[2026-05-22 17:51:08] Первые Боец 5: 1 урона от Сильный боец. HP 24/100
[2026-05-22 17:51:08] Первые Боец 5: 1 урона от Сильный боец. HP 23/100
[2026-05-22 17:51:08] Первые Боец 5: 1 урона от Сильный боец. HP 22/100
[2026-05-22 17:51:08] Первые Боец 5: 1 урона от Сильный боец. HP 21/100
[2026-05-22 17:51:09] Первые Боец 5: 1 урона от Сильный боец. HP 20/100
[2026-05-22 17:51:09] Первые Боец 5: 1 урона от Сильный боец. HP 19/100
[2026-05-22 17:51:09] Первые Боец 5: 1 урона от Сильный боец. HP 18/100
[2026-05-22 17:51:09] Первые Боец 5: 1 урона от Сильный боец. HP 17/100
[2026-05-22 17:51:10] Первые Боец 5: 1 урона от Сильный боец. HP 16/100
[2026-05-22 17:51:10] Первые Боец 5: 1 урона от Сильный боец. HP 15/100
[2026-05-22 17:51:10] Первые Боец 5: 1 урона от Сильный боец. HP 14/100
[2026-05-22 17:51:10] Первые Боец 5: 1 урона от Сильный боец. HP 13/100
[2026-05-22 17:51:10] Первые Боец 5: 1 урона от Сильный боец. HP 12/100
[2026-05-22 17:51:11] Первые Боец 5: 1 урона от Сильный боец. HP 11/100
[2026-05-22 17:51:11] Первые Боец 5: 1 урона от Сильный боец. HP 10/100
[2026-05-22 17:51:11] Первые Боец 5: 1 урона от Сильный боец. HP 9/100
[2026-05-22 17:51:11] Первые Боец 5: 1 урона от Сильный боец. HP 8/100
[2026-05-22 17:51:12] Первые Боец 5: 1 урона от Сильный боец. HP 7/100
[2026-05-22 17:51:12] Первые Боец 5: 1 урона от Сильный боец. HP 6/100
[2026-05-22 17:51:12] Первые Боец 5: 1 урона от Сильный боец. HP 5/100
[2026-05-22 17:51:12] Первые Боец 5: 1 урона от Сильный боец. HP 4/100
[2026-05-22 17:51:13] Первые Боец 5: 1 урона от Сильный боец. HP 3/100
[2026-05-22 17:51:13] Первые Боец 5: 1 урона от Сильный боец. HP 2/100
[2026-05-22 17:51:13] Первые Боец 5: 1 урона от Сильный боец. HP 1/100
[2026-05-22 17:51:13] Первые Боец 5: 1 урона от Сильный боец. HP 0/100
[2026-05-22 17:51:13] Первые Боец 5 убит Сильный боец
[2026-05-22 17:51:13] Первые Боец 8: 1 урона от Сильный боец. HP 48/100
[2026-05-22 17:51:14] Первые Боец 8: 1 урона от Сильный боец. HP 47/100
[2026-05-22 17:51:14] Первые Боец 8: 1 урона от Сильный боец. HP 46/100
[2026-05-22 17:51:14] Первые Боец 8: 1 урона от Сильный боец. HP 45/100
[2026-05-22 17:51:14] Первые Боец 8: 1 урона от Сильный боец. HP 44/100
[2026-05-22 17:51:15] Первые Боец 8: 1 урона от Сильный боец. HP 43/100
[2026-05-22 17:51:15] Первые Боец 8: 1 урона от Сильный боец. HP 42/100
[2026-05-22 17:51:15] Первые Боец 8: 1 урона от Сильный боец. HP 41/100
[2026-05-22 17:51:15] Первые Боец 8: 1 урона от Сильный боец. HP 40/100
[2026-05-22 17:51:16] Первые Боец 8: 1 урона от Сильный боец. HP 39/100
[2026-05-22 17:51:16] Первые Боец 8: 1 урона от Сильный боец. HP 38/100
[2026-05-22 17:51:16] Первые Боец 8: 1 урона от Сильный боец. HP 37/100
[2026-05-22 17:51:16] Первые Боец 8: 1 урона от Сильный боец. HP 36/100
[2026-05-22 17:51:16] Первые Боец 8: 1 урона от Сильный боец. HP 35/100
[2026-05-22 17:51:17] Первые Боец 8: 1 урона от Сильный боец. HP 34/100
[2026-05-22 17:51:17] Первые Боец 8: 1 урона от Сильный боец. HP 33/100
[2026-05-22 17:51:17] Первые Боец 8: 1 урона от Сильный боец. HP 32/100
[2026-05-22 17:51:17] Первые Боец 8: 1 урона от Сильный боец. HP 31/100
[2026-05-22 17:51:18] Первые Боец 8: 1 урона от Сильный боец. HP 30/100
[2026-05-22 17:51:18] Первые Боец 8: 1 урона от Сильный боец. HP 29/100
[2026-05-22 17:51:18] Первые Боец 8: 1 урона от Сильный боец. HP 28/100
[2026-05-22 17:51:18] Первые Боец 8: 1 урона от Сильный боец. HP 27/100
[2026-05-22 17:51:19] Первые Боец 8: 1 урона от Сильный боец. HP 26/100
[2026-05-22 17:51:19] Первые Боец 8: 1 урона от Сильный боец. HP 25/100
[2026-05-22 17:51:19] Первые Боец 8: 1 урона от Сильный боец. HP 24/100
[2026-05-22 17:51:19] Первые Боец 8: 1 урона от Сильный боец. HP 23/100
[2026-05-22 17:51:19] Первые Боец 8: 1 урона от Сильный боец. HP 22/100
[2026-05-22 17:51:20] Первые Боец 8: 1 урона от Сильный боец. HP 21/100
[2026-05-22 17:51:20] Первые Боец 8: 1 урона от Сильный боец. HP 20/100
[2026-05-22 17:51:20] Первые Боец 8: 1 урона от Сильный боец. HP 19/100
[2026-05-22 17:51:20] Первые Боец 8: 1 урона от Сильный боец. HP 18/100
[2026-05-22 17:51:21] Первые Боец 8: 1 урона от Сильный боец. HP 17/100
[2026-05-22 17:51:21] Первые Боец 8: 1 урона от Сильный боец. HP 16/100
[2026-05-22 17:51:21] Первые Боец 8: 1 урона от Сильный боец. HP 15/100
[2026-05-22 17:51:21] Первые Боец 8: 1 урона от Сильный боец. HP 14/100
[2026-05-22 17:51:22] Первые Боец 8: 1 урона от Сильный боец. HP 13/100
[2026-05-22 17:51:22] Первые Боец 8: 1 урона от Сильный боец. HP 12/100
[2026-05-22 17:51:22] Первые Боец 8: 1 урона от Сильный боец. HP 11/100
[2026-05-22 17:51:22] Первые Боец 8: 1 урона от Сильный боец. HP 10/100
[2026-05-22 17:51:22] Первые Боец 8: 1 урона от Сильный боец. HP 9/100
[2026-05-22 17:57:55] рол Боец 1: 1 урона от Лекарь. HP 69/70
[2026-05-22 17:57:56] рол Боец 1: 1 урона от Лучник. HP 68/70
[2026-05-22 17:57:56] рол Боец 3: 4 урона от Лучник. HP 21/25
[2026-05-22 17:57:56] рол Боец 2: 1 урона от Лучник. HP 59/60
[2026-05-22 17:57:56] рол Боец 2: 1 урона от Лучник. HP 58/60
[2026-05-22 17:57:56] дло Боец 1: 10 урона от Лучник. HP 5/15
[2026-05-22 17:57:56] дло Боец 10: 8 урона от Лучник. HP 14/22
[2026-05-22 17:58:23] рол Боец 1: 1 урона от Лекарь. HP 67/70
[2026-05-22 17:58:23] рол Боец 6: 8 урона от Лучник. HP 14/22
[2026-05-22 17:58:23] рол Боец 6: 8 урона от Лучник. HP 6/22
[2026-05-22 17:58:23] рол Боец 1: 1 урона от Лучник. HP 66/70
[2026-05-22 17:58:23] рол Боец 5: 10 урона от Лучник. HP 5/15
[2026-05-22 17:58:23] дло Боец 9: 9 урона от Лучник. HP 9/18
[2026-05-22 17:58:23] дло Боец 4: 10 урона от Лучник. HP 5/15
[2026-05-22 17:58:24] рол Боец 1: 1 урона от Лекарь. HP 65/70
[2026-05-22 17:58:24] рол Боец 2: 1 урона от Лучник. HP 57/60
[2026-05-22 17:58:24] рол Боец 10: 10 урона от Лучник. HP 5/15
[2026-05-22 17:58:24] рол Боец 1: 1 урона от Лучник. HP 64/70
[2026-05-22 17:58:24] рол Боец 1: 1 урона от Лучник. HP 63/70
[2026-05-22 17:58:24] дло Боец 7: 1 урона от Лучник. HP 69/70
[2026-05-22 17:58:24] дло Боец 8: 10 урона от Лучник. HP 5/15
[2026-05-22 17:58:25] рол Боец 1: 1 урона от Лекарь. HP 62/70
[2026-05-22 17:58:25] рол Боец 1: 1 урона от Лучник. HP 61/70
[2026-05-22 17:58:25] рол Боец 1: 1 урона от Лучник. HP 60/70
[2026-05-22 17:58:25] рол Боец 2: 1 урона от Лучник. HP 56/60
[2026-05-22 17:58:25] рол Боец 1: 1 урона от Лучник. HP 59/70
[2026-05-22 17:58:25] дло Боец 5: 9 урона от Лучник. HP 9/18
[2026-05-22 17:58:26] рол Боец 1: 1 урона от Лекарь. HP 58/70
[2026-05-22 17:58:26] рол Боец 2: 1 урона от Лучник. HP 55/60
[2026-05-22 17:58:26] рол Боец 8: 4 урона от Лучник. HP 21/25
[2026-05-22 17:58:26] рол Боец 7: 1 урона от Лучник. HP 69/70
[2026-05-22 17:58:26] рол Боец 3: 4 урона от Лучник. HP 21/25
[2026-05-22 17:58:26] рол Боец 6: 8 урона от Лучник. HP 0/22
[2026-05-22 17:58:26] рол Боец 6 убит Лучник
[2026-05-22 17:58:26] дло Боец 2: 9 урона от Лучник. HP 9/18
[2026-05-22 17:58:27] дло Боец 2: 17 урона от Сильный боец. HP 0/18
[2026-05-22 17:58:27] дло Боец 2 убит Сильный боец
[2026-05-22 17:58:27] рол Боец 2: 5 урона от Сильный боец. HP 50/60
[2026-05-22 17:58:27] рол Боец 1: 1 урона от Лучник. HP 57/70
[2026-05-22 17:58:27] рол Боец 1: 1 урона от Лучник. HP 56/70
[2026-05-22 17:58:27] рол Боец 1: 1 урона от Лучник. HP 55/70
[2026-05-22 17:58:27] дло Боец 1: 10 урона от Лучник. HP 5/15
[2026-05-22 17:58:27] дло Боец 5: 9 урона от Лучник. HP 0/18
[2026-05-22 17:58:27] дло Боец 5 убит Лучник
[2026-05-22 17:58:28] рол Боец 2: 1 урона от Лекарь. HP 49/60
[2026-05-22 17:58:28] рол Боец 5: 10 урона от Лучник. HP 0/15
[2026-05-22 17:58:28] рол Боец 5 убит Лучник
[2026-05-22 17:58:28] рол Боец 9: 9 урона от Лучник. HP 9/18
[2026-05-22 17:58:28] дло Боец 1: 10 урона от Лучник. HP 0/15
[2026-05-22 17:58:28] дло Боец 1 убит Лучник
[2026-05-22 17:58:28] дло Боец 6: 1 урона от Лучник. HP 69/70
[2026-05-22 17:58:29] дло Боец 6: 1 урона от Слабый боец. HP 68/70
[2026-05-22 17:58:29] рол Боец 4: 9 урона от Лучник. HP 9/18
[2026-05-22 17:58:29] рол Боец 1: 1 урона от Лучник. HP 54/70
[2026-05-22 17:58:29] дло Боец 3: 1 урона от Лучник. HP 59/60
[2026-05-22 17:58:29] дло Боец 3: 1 урона от Лучник. HP 58/60
[2026-05-22 17:58:30] дло Боец 6: 1 урона от Слабый боец. HP 69/70
[2026-05-22 17:58:30] рол Боец 1: 1 урона от Лучник. HP 53/70
[2026-05-22 17:58:30] рол Боец 4: 9 урона от Лучник. HP 0/18
[2026-05-22 17:58:30] рол Боец 4 убит Лучник
[2026-05-22 17:58:30] рол Боец 2: 1 урона от Лучник. HP 48/60
[2026-05-22 17:58:30] дло Боец 6: 1 урона от Лучник. HP 68/70
[2026-05-22 17:58:31] рол Боец 1: 1 урона от Лучник. HP 52/70
[2026-05-22 17:58:32] рол Боец 1: 1 урона от Лучник. HP 51/70
[2026-05-22 17:58:32] рол Боец 2: 1 урона от Лучник. HP 47/60
[2026-05-22 17:58:32] дло Боец 7: 1 урона от Лучник. HP 69/70
[2026-05-22 17:58:32] рол Боец 1: 1 урона от Лучник. HP 50/70
[2026-05-22 17:58:32] рол Боец 1: 1 урона от Лучник. HP 49/70
[2026-05-22 17:58:32] рол Боец 9: 9 урона от Лучник. HP 0/18
[2026-05-22 17:58:32] рол Боец 9 убит Лучник
[2026-05-22 17:58:32] рол Боец 3: 4 урона от Лучник. HP 17/25
[2026-05-22 17:58:33] дло Боец 6: 1 урона от Слабый боец. HP 69/70
[2026-05-22 17:58:33] рол Боец 2: 1 урона от Лучник. HP 59/60
[2026-05-22 17:58:33] рол Боец 3: 4 урона от Лучник. HP 13/25
[2026-05-22 17:58:33] рол Боец 1: 1 урона от Лучник. HP 48/70
[2026-05-22 17:58:33] дло Боец 6: 1 урона от Слабый боец. HP 68/70
[2026-05-22 17:58:33] рол Боец 1: 1 урона от Лучник. HP 47/70
[2026-05-22 17:58:33] рол Боец 8: 4 урона от Лучник. HP 17/25
[2026-05-22 17:58:34] дло Боец 6: 1 урона от Слабый боец. HP 67/70
[2026-05-22 17:58:34] рол Боец 2: 1 урона от Лучник. HP 58/60
[2026-05-22 17:58:34] рол Боец 1: 1 урона от Лучник. HP 46/70
[2026-05-22 17:58:34] рол Боец 2: 1 урона от Лучник. HP 57/60
[2026-05-22 17:58:34] дло Боец 6: 1 урона от Слабый боец. HP 66/70
[2026-05-22 17:58:34] рол Боец 8: 4 урона от Лучник. HP 21/25
[2026-05-22 17:58:34] рол Боец 1: 1 урона от Лучник. HP 45/70
[2026-05-22 17:58:34] рол Боец 1: 1 урона от Лучник. HP 44/70
[2026-05-22 17:58:34] дло Боец 6: 1 урона от Лекарь. HP 65/70
[2026-05-22 17:58:34] рол Боец 3: 4 урона от Лучник. HP 9/25
[2026-05-22 17:58:34] рол Боец 3: 4 урона от Лучник. HP 5/25
[2026-05-22 17:58:34] рол Боец 2: 1 урона от Лучник. HP 56/60
[2026-05-22 17:58:34] рол Боец 1: 1 урона от Лучник. HP 43/70
[2026-05-22 17:58:34] рол Боец 1: 1 урона от Лучник. HP 42/70
[2026-05-22 17:58:34] дло Боец 6: 1 урона от Лекарь. HP 64/70
[2026-05-22 17:58:34] рол Боец 1: 1 урона от Лучник. HP 41/70
[2026-05-22 17:58:34] рол Боец 2: 1 урона от Лучник. HP 55/60
[2026-05-22 17:58:34] рол Боец 2: 1 урона от Лучник. HP 54/60
[2026-05-22 17:58:34] рол Боец 1: 1 урона от Лучник. HP 40/70
[2026-05-22 17:58:34] рол Боец 1: 1 урона от Лучник. HP 39/70
[2026-05-22 17:58:35] дло Боец 6: 1 урона от Лекарь. HP 63/70
[2026-05-22 17:58:35] рол Боец 13: 1 урона от Лучник. HP 59/60
[2026-05-22 17:58:35] рол Боец 11: 1 урона от Лучник. HP 59/60
[2026-05-22 17:58:35] рол Боец 7: 1 урона от Лучник. HP 69/70
[2026-05-22 17:58:35] рол Боец 7: 1 урона от Лучник. HP 68/70
[2026-05-22 17:58:35] рол Боец 3: 4 урона от Лучник. HP 1/25
[2026-05-22 17:58:35] дло Боец 6: 1 урона от Лекарь. HP 69/70
[2026-05-22 17:58:35] рол Боец 2: 1 урона от Лучник. HP 53/60
[2026-05-22 17:58:35] рол Боец 8: 4 урона от Лучник. HP 17/25
[2026-05-22 17:58:35] рол Боец 1: 1 урона от Лучник. HP 38/70
[2026-05-22 17:58:35] рол Боец 1: 1 урона от Лучник. HP 37/70
[2026-05-22 17:58:35] рол Боец 3: 4 урона от Лучник. HP 0/25
[2026-05-22 17:58:35] рол Боец 3 убит Лучник
[2026-05-22 17:58:35] рол Боец 7: 1 урона от Лучник. HP 67/70
[2026-05-22 17:58:35] дло Боец 6: 1 урона от Сильный боец. HP 68/70
[2026-05-22 17:58:35] рол Боец 8: 4 урона от Лучник. HP 13/25
[2026-05-22 17:58:35] рол Боец 1: 1 урона от Лучник. HP 36/70
[2026-05-22 17:58:35] рол Боец 1: 1 урона от Лучник. HP 35/70
[2026-05-22 17:58:35] рол Боец 8: 4 урона от Лучник. HP 9/25
[2026-05-22 17:58:35] рол Боец 2: 1 урона от Лучник. HP 52/60
[2026-05-22 17:58:35] рол Боец 8: 4 урона от Лучник. HP 5/25
[2026-05-22 17:58:35] дло Боец 6: 1 урона от Сильный боец. HP 67/70
[2026-05-22 17:58:35] рол Боец 7: 1 урона от Лучник. HP 66/70
[2026-05-22 17:58:35] рол Боец 2: 1 урона от Лучник. HP 51/60
[2026-05-22 17:58:35] рол Боец 1: 1 урона от Лучник. HP 34/70
[2026-05-22 17:58:35] рол Боец 7: 1 урона от Лучник. HP 65/70
[2026-05-22 17:58:35] рол Боец 2: 1 урона от Лучник. HP 50/60
[2026-05-22 17:58:35] рол Боец 7: 1 урона от Лучник. HP 64/70
[2026-05-22 17:58:35] рол Боец 2: 1 урона от Лучник. HP 49/60
[2026-05-22 17:58:35] дло Боец 6: 1 урона от Сильный боец. HP 66/70
[2026-05-22 17:58:35] рол Боец 2: 1 урона от Лучник. HP 48/60
[2026-05-22 17:58:35] рол Боец 10: 10 урона от Лучник. HP 0/15
[2026-05-22 17:58:35] рол Боец 10 убит Лучник
[2026-05-22 17:58:35] рол Боец 8: 4 урона от Лучник. HP 1/25
[2026-05-22 17:58:35] рол Боец 8: 4 урона от Лучник. HP 0/25
[2026-05-22 17:58:35] рол Боец 8 убит Лучник
[2026-05-22 17:58:35] рол Боец 1: 1 урона от Лучник. HP 33/70
[2026-05-22 17:58:35] рол Боец 12: 4 урона от Лучник. HP 21/25
[2026-05-22 17:58:35] рол Боец 1: 1 урона от Лучник. HP 32/70
[2026-05-22 17:58:35] дло Боец 6: 1 урона от Сильный боец. HP 65/70
[2026-05-22 17:58:35] рол Боец 12: 4 урона от Лучник. HP 17/25
[2026-05-22 17:58:35] рол Боец 2: 1 урона от Лучник. HP 47/60
[2026-05-22 17:58:35] рол Боец 7: 1 урона от Лучник. HP 63/70
[2026-05-22 17:58:35] рол Боец 1: 1 урона от Лучник. HP 31/70
[2026-05-22 17:58:35] рол Боец 2: 1 урона от Лучник. HP 46/60
[2026-05-22 17:58:35] рол Боец 1: 1 урона от Лучник. HP 30/70
[2026-05-22 17:58:35] рол Боец 1: 1 урона от Лучник. HP 29/70
[2026-05-22 17:58:35] дло Боец 6: 1 урона от Сильный боец. HP 64/70
[2026-05-22 17:58:35] рол Боец 7: 1 урона от Лучник. HP 62/70
[2026-05-22 17:58:36] рол Боец 2: 1 урона от Лучник. HP 45/60
[2026-05-22 17:58:36] рол Боец 7: 1 урона от Лучник. HP 61/70
[2026-05-22 17:58:36] рол Боец 2: 1 урона от Лучник. HP 44/60
[2026-05-22 17:58:36] рол Боец 2: 1 урона от Лучник. HP 43/60
[2026-05-22 17:58:36] рол Боец 11: 1 урона от Лучник. HP 59/60
[2026-05-22 17:58:36] рол Боец 7: 1 урона от Лучник. HP 60/70
[2026-05-22 17:58:36] рол Боец 2: 1 урона от Лучник. HP 42/60
[2026-05-22 17:58:36] дло Боец 6: 1 урона от Сильный боец. HP 63/70
[2026-05-22 17:58:36] рол Боец 1: 1 урона от Лучник. HP 28/70
[2026-05-22 17:58:36] рол Боец 1: 1 урона от Лучник. HP 27/70
[2026-05-22 17:58:36] рол Боец 1: 1 урона от Лучник. HP 26/70
[2026-05-22 17:58:36] рол Боец 1: 1 урона от Лучник. HP 25/70
[2026-05-22 17:58:36] рол Боец 1: 1 урона от Лучник. HP 24/70
[2026-05-22 17:58:36] рол Боец 13: 1 урона от Лучник. HP 59/60
[2026-05-22 17:58:36] рол Боец 7: 1 урона от Лучник. HP 59/70
[2026-05-22 17:58:36] рол Боец 1: 1 урона от Лучник. HP 23/70
[2026-05-22 17:58:36] рол Боец 2: 1 урона от Лучник. HP 41/60
[2026-05-22 17:58:36] дло Боец 6: 1 урона от Сильный боец. HP 62/70
[2026-05-22 17:58:36] рол Боец 11: 1 урона от Лучник. HP 58/60
[2026-05-22 17:58:36] рол Боец 2: 1 урона от Лучник. HP 40/60
[2026-05-22 17:58:36] рол Боец 2: 1 урона от Лучник. HP 39/60
[2026-05-22 17:58:36] рол Боец 7: 1 урона от Лучник. HP 58/70
[2026-05-22 17:58:36] рол Боец 11: 1 урона от Лучник. HP 57/60
[2026-05-22 17:58:36] рол Боец 11: 1 урона от Лучник. HP 56/60
[2026-05-22 17:58:36] рол Боец 1: 1 урона от Лучник. HP 22/70
[2026-05-22 17:58:36] рол Боец 1: 1 урона от Лучник. HP 21/70
[2026-05-22 17:58:36] рол Боец 2: 1 урона от Лучник. HP 38/60
[2026-05-22 18:14:15] гшо Боец 1: 1 урона от Маг. HP 24/25
[2026-05-22 18:14:15] рол Боец 1: 6 урона от Слабый боец. HP 16/22
[2026-05-22 18:14:15] гшо Боец 3: 1 урона от Лекарь. HP 59/60
[2026-05-22 18:14:15] рол Боец 3: 18 урона от Сильный боец. HP 0/15
[2026-05-22 18:14:15] рол Боец 3 убит Сильный боец
[2026-05-22 18:14:15] гшо Боец 1: 4 урона от Лучник. HP 20/25
[2026-05-22 18:14:15] рол Боец 5: 1 урона от Лучник. HP 59/60
[2026-05-22 18:14:15] рол Боец 1: 8 урона от Лучник. HP 14/22
[2026-05-22 18:14:15] гшо Боец 4: 4 урона от Лучник. HP 21/25
[2026-05-22 18:14:15] рол Боец 1: 8 урона от Лучник. HP 6/22
[2026-05-22 18:14:15] рол Боец 5: 1 урона от Лучник. HP 58/60
[2026-05-22 18:14:16] гшо Боец 1: 1 урона от Маг. HP 24/25
[2026-05-22 18:14:16] рол Боец 1: 6 урона от Слабый боец. HP 0/22
[2026-05-22 18:14:16] рол Боец 1 убит Слабый боец
[2026-05-22 18:14:16] гшо Боец 3: 1 урона от Лекарь. HP 58/60
[2026-05-22 18:14:16] рол Боец 4: 18 урона от Сильный боец. HP 0/15
[2026-05-22 18:14:16] рол Боец 4 убит Сильный боец
[2026-05-22 18:14:16] гшо Боец 1: 4 урона от Лучник. HP 20/25
[2026-05-22 18:14:16] рол Боец 6: 1 урона от Лучник. HP 69/70
[2026-05-22 18:14:16] рол Боец 2: 1 урона от Лучник. HP 69/70
[2026-05-22 18:14:16] гшо Боец 8: 1 урона от Лучник. HP 59/60
[2026-05-22 18:14:16] рол Боец 2: 1 урона от Лучник. HP 68/70
[2026-05-22 18:14:16] рол Боец 5: 1 урона от Лучник. HP 57/60
[2026-05-22 18:14:16] гшо Боец 1: 4 урона от Лучник. HP 16/25
[2026-05-22 18:14:16] рол Боец 2: 1 урона от Лучник. HP 67/70
[2026-05-22 18:14:16] рол Боец 6: 1 урона от Лучник. HP 68/70
[2026-05-22 18:14:16] гшо Боец 6: 10 урона от Лучник. HP 5/15
[2026-05-22 18:14:16] рол Боец 2: 1 урона от Лучник. HP 66/70
[2026-05-22 18:14:16] рол Боец 7: 1 урона от Лучник. HP 69/70
[2026-05-22 18:14:16] гшо Боец 1: 12 урона от Сильный боец. HP 4/25
[2026-05-22 18:14:16] рол Боец 5: 1 урона от Слабый боец. HP 56/60
[2026-05-22 18:14:16] рол Боец 6: 1 урона от Сильный боец. HP 67/70
[2026-05-22 18:14:16] гшо Боец 4: 4 урона от Лучник. HP 21/25
[2026-05-22 18:14:16] рол Боец 6: 1 урона от Лучник. HP 66/70
[2026-05-22 18:14:16] рол Боец 2: 1 урона от Лучник. HP 65/70
[2026-05-22 18:14:16] гшо Боец 4: 4 урона от Лучник. HP 17/25
[2026-05-22 18:14:16] рол Боец 8: 9 урона от Лучник. HP 9/18
[2026-05-22 18:14:16] рол Боец 5: 1 урона от Лучник. HP 55/60
[2026-05-22 18:14:16] рол Боец 6: 1 урона от Лучник. HP 65/70
[2026-05-22 18:14:16] рол Боец 5: 1 урона от Лучник. HP 54/60
[2026-05-22 18:14:16] гшо Боец 2: 1 урона от Лучник. HP 69/70
[2026-05-22 18:14:16] рол Боец 2: 1 урона от Лучник. HP 64/70
[2026-05-22 18:14:16] рол Боец 6: 1 урона от Лучник. HP 64/70
[2026-05-22 18:14:17] гшо Боец 1: 12 урона от Сильный боец. HP 0/25
[2026-05-22 18:14:17] гшо Боец 1 убит Сильный боец
[2026-05-22 18:14:17] рол Боец 5: 1 урона от Слабый боец. HP 53/60
[2026-05-22 18:14:17] рол Боец 6: 1 урона от Сильный боец. HP 63/70
[2026-05-22 18:14:17] гшо Боец 3: 1 урона от Лучник. HP 57/60
[2026-05-22 18:14:17] рол Боец 2: 1 урона от Лучник. HP 63/70
[2026-05-22 18:14:17] рол Боец 2: 1 урона от Лучник. HP 62/70
[2026-05-22 18:14:17] рол Боец 2: 1 урона от Лучник. HP 61/70
[2026-05-22 18:14:17] рол Боец 2: 1 урона от Лучник. HP 60/70
[2026-05-22 18:14:17] гшо Боец 5: 9 урона от Лучник. HP 9/18
[2026-05-22 18:14:17] рол Боец 5: 1 урона от Лучник. HP 52/60
[2026-05-22 18:14:17] рол Боец 2: 1 урона от Лучник. HP 59/70
[2026-05-22 18:14:17] гшо Боец 5: 9 урона от Лучник. HP 9/18
[2026-05-22 18:14:17] рол Боец 2: 1 урона от Лучник. HP 58/70
[2026-05-22 18:14:17] рол Боец 5: 1 урона от Лучник. HP 51/60
[2026-05-22 18:14:18] гшо Боец 4: 12 урона от Сильный боец. HP 5/25
[2026-05-22 18:14:18] рол Боец 5: 1 урона от Слабый боец. HP 50/60
[2026-05-22 18:14:18] рол Боец 6: 1 урона от Сильный боец. HP 62/70
[2026-05-22 18:14:18] гшо Боец 7: 8 урона от Лучник. HP 14/22
[2026-05-22 18:14:18] рол Боец 2: 1 урона от Лучник. HP 57/70
[2026-05-22 18:14:18] рол Боец 7: 1 урона от Лучник. HP 68/70
[2026-05-22 18:14:18] рол Боец 5: 1 урона от Лучник. HP 49/60
[2026-05-22 18:14:18] рол Боец 2: 1 урона от Лучник. HP 56/70
[2026-05-22 18:14:18] рол Боец 5: 1 урона от Лучник. HP 48/60
[2026-05-22 18:14:18] рол Боец 5: 1 урона от Лучник. HP 47/60
[2026-05-22 18:14:18] рол Боец 6: 1 урона от Лучник. HP 61/70
[2026-05-22 18:14:18] рол Боец 2: 1 урона от Лучник. HP 55/70
[2026-05-22 18:14:18] рол Боец 2: 1 урона от Лучник. HP 54/70
[2026-05-22 18:14:18] рол Боец 2: 1 урона от Лучник. HP 53/70
[2026-05-22 18:14:18] рол Боец 8: 9 урона от Лучник. HP 0/18
[2026-05-22 18:14:18] рол Боец 8 убит Лучник
[2026-05-22 18:14:18] рол Боец 2: 1 урона от Лучник. HP 52/70
[2026-05-22 18:14:28] гшо Боец 1: 1 урона от Маг. HP 24/25
[2026-05-22 18:14:28] рол Боец 1: 6 урона от Слабый боец. HP 0/22
[2026-05-22 18:14:28] рол Боец 1 убит Слабый боец
[2026-05-22 18:14:28] гшо Боец 3: 1 урона от Лекарь. HP 58/60
[2026-05-22 18:14:28] рол Боец 4: 18 урона от Сильный боец. HP 0/15
[2026-05-22 18:14:28] рол Боец 4 убит Сильный боец
[2026-05-22 18:14:28] гшо Боец 6: 10 урона от Лучник. HP 5/15
[2026-05-22 18:14:28] рол Боец 8: 9 урона от Лучник. HP 9/18
[2026-05-22 18:14:28] рол Боец 5: 1 урона от Лучник. HP 57/60
[2026-05-22 18:14:28] рол Боец 5: 1 урона от Лучник. HP 56/60
[2026-05-22 18:14:28] гшо Боец 3: 1 урона от Лучник. HP 57/60
[2026-05-22 18:14:28] рол Боец 2: 1 урона от Лучник. HP 69/70
[2026-05-22 18:14:28] рол Боец 5: 1 урона от Лучник. HP 55/60
[2026-05-22 18:14:28] рол Боец 5: 1 урона от Лучник. HP 54/60
[2026-05-22 18:14:28] гшо Боец 1: 4 урона от Лучник. HP 20/25
[2026-05-22 18:14:28] рол Боец 5: 1 урона от Лучник. HP 53/60
[2026-05-22 18:14:28] рол Боец 7: 1 урона от Лучник. HP 69/70
[2026-05-22 18:14:28] рол Боец 5: 1 урона от Лучник. HP 52/60
[2026-05-22 18:14:28] рол Боец 2: 1 урона от Лучник. HP 68/70
[2026-05-22 18:14:28] рол Боец 2: 1 урона от Лучник. HP 67/70
[2026-05-22 18:14:28] рол Боец 8: 9 урона от Лучник. HP 0/18
[2026-05-22 18:14:28] рол Боец 8 убит Лучник
[2026-05-22 18:14:28] рол Боец 2: 1 урона от Лучник. HP 66/70
[2026-05-22 18:14:28] рол Боец 7: 1 урона от Лучник. HP 68/70
[2026-05-22 18:14:28] рол Боец 5: 1 урона от Лучник. HP 51/60
[2026-05-22 18:14:29] рол Боец 2: 1 урона от Слабый боец. HP 65/70
[2026-05-22 18:14:29] гшо Боец 2: 1 урона от Сильный боец. HP 69/70
[2026-05-22 18:14:29] рол Боец 6: 1 урона от Сильный боец. HP 67/70
[2026-05-22 18:14:29] гшо Боец 8: 1 урона от Лучник. HP 59/60
[2026-05-22 18:14:29] рол Боец 2: 1 урона от Лучник. HP 64/70
[2026-05-22 18:14:29] рол Боец 7: 1 урона от Лучник. HP 68/70
[2026-05-22 18:14:29] рол Боец 2: 1 урона от Лучник. HP 63/70
[2026-05-22 18:14:29] рол Боец 7: 1 урона от Лучник. HP 67/70
[2026-05-22 18:14:29] рол Боец 2: 1 урона от Лучник. HP 62/70
[2026-05-22 18:14:29] гшо Боец 1: 4 урона от Лучник. HP 12/25
[2026-05-22 18:14:29] рол Боец 6: 1 урона от Лучник. HP 66/70
[2026-05-22 18:14:29] рол Боец 5: 1 урона от Лучник. HP 56/60
[2026-05-22 18:14:29] рол Боец 2: 1 урона от Лучник. HP 61/70
[2026-05-22 18:14:29] рол Боец 2: 1 урона от Лучник. HP 60/70
[2026-05-22 18:14:29] рол Боец 5: 1 урона от Лучник. HP 55/60
[2026-05-22 18:14:29] гшо Боец 3: 1 урона от Лучник. HP 57/60
[2026-05-22 18:14:29] рол Боец 2: 1 урона от Лучник. HP 59/70
[2026-05-22 18:14:29] рол Боец 5: 1 урона от Лучник. HP 54/60
[2026-05-22 18:14:29] рол Боец 6: 1 урона от Лучник. HP 65/70
[2026-05-22 18:14:29] рол Боец 6: 1 урона от Лучник. HP 64/70
[2026-05-22 18:14:29] рол Боец 2: 1 урона от Лучник. HP 58/70
[2026-05-22 18:14:29] гшо Боец 4: 4 урона от Лучник. HP 21/25
[2026-05-22 18:14:29] рол Боец 6: 1 урона от Лучник. HP 63/70
[2026-05-22 18:14:29] рол Боец 2: 1 урона от Лучник. HP 57/70
[2026-05-22 18:14:29] рол Боец 2: 1 урона от Лучник. HP 56/70
[2026-05-22 18:14:29] рол Боец 6: 1 урона от Лучник. HP 62/70
[2026-05-22 18:14:29] рол Боец 2: 1 урона от Лучник. HP 55/70
[2026-05-22 18:14:29] рол Боец 2: 1 урона от Слабый боец. HP 63/70
[2026-05-22 18:14:29] гшо Боец 2: 1 урона от Сильный боец. HP 68/70
[2026-05-22 18:14:29] рол Боец 6: 1 урона от Сильный боец. HP 63/70
[2026-05-22 18:14:29] гшо Боец 5: 9 урона от Лучник. HP 9/18
[2026-05-22 18:14:29] рол Боец 5: 1 урона от Лучник. HP 53/60
[2026-05-22 18:14:29] рол Боец 2: 1 урона от Лучник. HP 62/70
[2026-05-22 18:14:29] рол Боец 7: 1 урона от Лучник. HP 68/70
[2026-05-22 18:14:29] рол Боец 2: 1 урона от Лучник. HP 61/70
[2026-05-22 18:14:29] рол Боец 5: 1 урона от Лучник. HP 52/60
[2026-05-22 18:14:29] гшо Боец 7: 8 урона от Лучник. HP 14/22
[2026-05-22 18:14:29] рол Боец 8: 9 урона от Лучник. HP 0/18
[2026-05-22 18:14:29] рол Боец 8 убит Лучник
[2026-05-22 18:14:29] рол Боец 2: 1 урона от Лучник. HP 60/70
[2026-05-22 18:14:29] рол Боец 6: 1 урона от Лучник. HP 62/70
[2026-05-22 18:14:29] рол Боец 2: 1 урона от Лучник. HP 59/70
[2026-05-22 18:14:29] рол Боец 6: 1 урона от Лучник. HP 61/70
[2026-05-22 18:14:29] рол Боец 5: 1 урона от Лучник. HP 51/60
[2026-05-22 18:14:29] рол Боец 6: 1 урона от Лучник. HP 60/70
[2026-05-22 18:14:29] рол Боец 2: 1 урона от Лучник. HP 58/70
[2026-05-22 18:14:29] рол Боец 2: 1 урона от Лучник. HP 57/70
[2026-05-22 18:14:29] рол Боец 6: 1 урона от Лучник. HP 59/70
[2026-05-22 18:14:29] рол Боец 2: 1 урона от Лучник. HP 56/70
[2026-05-22 18:14:29] рол Боец 5: 1 урона от Лучник. HP 50/60
[2026-05-22 18:14:29] рол Боец 6: 1 урона от Лучник. HP 58/70
[2026-05-22 18:14:29] рол Боец 2: 1 урона от Лучник. HP 55/70
[2026-05-22 18:14:29] рол Боец 6: 1 урона от Лучник. HP 57/70
[2026-05-22 18:14:29] рол Боец 2: 1 урона от Лучник. HP 57/70
[2026-05-22 18:14:29] гшо Боец 2: 1 урона от Сильный боец. HP 69/70
[2026-05-22 18:14:29] рол Боец 6: 1 урона от Сильный боец. HP 62/70
[2026-05-22 18:14:29] гшо Боец 3: 1 урона от Лучник. HP 56/60
[2026-05-22 18:14:29] рол Боец 5: 1 урона от Лучник. HP 50/60
[2026-05-22 18:14:29] рол Боец 2: 1 урона от Лучник. HP 56/70
[2026-05-22 18:14:29] рол Боец 2: 1 урона от Лучник. HP 55/70
[2026-05-22 18:14:29] рол Боец 2: 1 урона от Лучник. HP 54/70
[2026-05-22 18:14:29] рол Боец 2: 1 урона от Лучник. HP 53/70
[2026-05-22 18:14:29] рол Боец 2: 1 урона от Лучник. HP 52/70
[2026-05-22 18:14:29] рол Боец 5: 1 урона от Лучник. HP 49/60
[2026-05-22 18:14:29] рол Боец 8: 9 урона от Лучник. HP 0/18
[2026-05-22 18:14:29] рол Боец 8 убит Лучник
[2026-05-22 18:14:29] рол Боец 7: 1 урона от Лучник. HP 68/70
[2026-05-22 18:14:29] рол Боец 2: 1 урона от Лучник. HP 51/70
[2026-05-22 18:14:29] рол Боец 6: 1 урона от Лучник. HP 61/70
[2026-05-22 18:14:29] рол Боец 2: 1 урона от Лучник. HP 50/70
[2026-05-22 18:14:29] рол Боец 2: 1 урона от Лучник. HP 49/70
[2026-05-22 18:14:29] рол Боец 6: 1 урона от Лучник. HP 60/70
[2026-05-22 18:14:29] рол Боец 5: 1 урона от Лучник. HP 48/60
[2026-05-22 18:14:30] рол Боец 2: 1 урона от Лучник. HP 48/70
[2026-05-22 18:14:32] рол Боец 2: 1 урона от Лучник. HP 47/70
[2026-05-22 18:14:32] гшо Боец 2: 1 урона от Сильный боец. HP 68/70
[2026-05-22 18:14:32] рол Боец 6: 1 урона от Сильный боец. HP 59/70
[2026-05-22 18:14:32] рол Боец 7: 1 урона от Слабый боец. HP 67/70
[2026-05-22 18:14:32] рол Боец 2: 1 урона от Лучник. HP 46/70
[2026-05-22 18:14:32] рол Боец 2: 1 урона от Лучник. HP 45/70
[2026-05-22 18:14:32] рол Боец 2: 1 урона от Лучник. HP 44/70
[2026-05-22 18:14:32] рол Боец 6: 1 урона от Лучник. HP 58/70
[2026-05-22 18:14:33] рол Боец 2: 1 урона от Лучник. HP 43/70
[2026-05-22 18:14:33] гшо Боец 2: 1 урона от Сильный боец. HP 67/70
[2026-05-22 18:14:33] рол Боец 6: 1 урона от Сильный боец. HP 57/70
[2026-05-22 18:14:33] рол Боец 7: 1 урона от Слабый боец. HP 66/70
[2026-05-22 18:14:33] рол Боец 2: 1 урона от Лучник. HP 42/70
[2026-05-22 18:14:33] рол Боец 2: 1 урона от Лучник. HP 41/70
[2026-05-22 18:14:33] рол Боец 6: 1 урона от Лучник. HP 56/70
[2026-05-22 18:14:33] рол Боец 2: 1 урона от Лучник. HP 40/70
[2026-05-22 18:14:33] рол Боец 2: 1 урона от Лучник. HP 39/70
[2026-05-22 18:14:33] гшо Боец 2: 1 урона от Сильный боец. HP 66/70
[2026-05-22 18:14:33] рол Боец 6: 1 урона от Сильный боец. HP 55/70
[2026-05-22 18:14:33] рол Боец 7: 1 урона от Слабый боец. HP 65/70
[2026-05-22 18:14:33] рол Боец 2: 1 урона от Лучник. HP 38/70
[2026-05-22 18:14:33] рол Боец 2: 1 урона от Лучник. HP 37/70
[2026-05-22 18:14:33] рол Боец 2: 1 урона от Лучник. HP 36/70
[2026-05-22 18:14:33] рол Боец 2: 1 урона от Лучник. HP 35/70
[2026-05-22 18:14:38] рол Боец 2: 1 урона от Лучник. HP 34/70
[2026-05-22 18:14:38] рол Боец 5: 1 урона от Лучник. HP 47/60
[2026-05-22 18:14:38] рол Боец 5: 1 урона от Лучник. HP 46/60
[2026-05-22 18:14:38] рол Боец 5: 1 урона от Лучник. HP 45/60
[2026-05-22 18:14:38] рол Боец 2: 1 урона от Лучник. HP 33/70
[2026-05-22 18:14:39] рол Боец 2: 1 урона от Лучник. HP 32/70
[2026-05-22 18:14:39] рол Боец 2: 1 урона от Лучник. HP 31/70
[2026-05-22 18:14:39] рол Боец 2: 1 урона от Лучник. HP 30/70
[2026-05-22 18:14:39] рол Боец 5: 1 урона от Лучник. HP 44/60
[2026-05-22 18:14:39] рол Боец 5: 1 урона от Лучник. HP 43/60
[2026-05-22 18:14:39] рол Боец 2: 1 урона от Лучник. HP 29/70
[2026-05-22 18:14:39] рол Боец 5: 1 урона от Лучник. HP 42/60
[2026-05-22 18:14:39] рол Боец 2: 1 урона от Лучник. HP 28/70
[2026-05-22 18:14:39] рол Боец 2: 1 урона от Лучник. HP 27/70
[2026-05-22 18:14:39] рол Боец 2: 1 урона от Лучник. HP 26/70
[2026-05-22 18:14:39] рол Боец 2: 1 урона от Лучник. HP 25/70
[2026-05-22 18:14:39] рол Боец 6: 1 урона от Лучник. HP 54/70
[2026-05-22 18:14:39] рол Боец 2: 1 урона от Лучник. HP 24/70
[2026-05-22 18:14:39] рол Боец 6: 1 урона от Лучник. HP 53/70
[2026-05-22 18:14:39] рол Боец 5: 1 урона от Лучник. HP 41/60
[2026-05-22 18:14:39] рол Боец 2: 1 урона от Лучник. HP 23/70
[2026-05-22 18:14:39] рол Боец 6: 1 урона от Лучник. HP 52/70
[2026-05-22 18:14:39] рол Боец 5: 1 урона от Лучник. HP 40/60
[2026-05-22 18:14:39] рол Боец 5: 1 урона от Лучник. HP 39/60
[2026-05-22 18:14:39] рол Боец 2: 1 урона от Лучник. HP 22/70
[2026-05-22 18:14:40] рол Боец 2: 1 урона от Лучник. HP 21/70
[2026-05-22 18:14:40] рол Боец 2: 1 урона от Лучник. HP 20/70
[2026-05-22 18:14:40] рол Боец 2: 1 урона от Лучник. HP 19/70
[2026-05-22 18:14:40] рол Боец 2: 1 урона от Лучник. HP 18/70
[2026-05-22 18:14:40] рол Боец 2: 1 урона от Лучник. HP 17/70
[2026-05-22 18:14:40] рол Боец 2: 1 урона от Лучник. HP 16/70
[2026-05-22 18:14:40] рол Боец 5: 1 урона от Лучник. HP 38/60
[2026-05-22 18:14:40] рол Боец 5: 1 урона от Лучник. HP 37/60
[2026-05-22 18:14:40] рол Боец 2: 1 урона от Лучник. HP 15/70
[2026-05-22 18:14:40] рол Боец 2: 1 урона от Лучник. HP 14/70
[2026-05-22 18:14:40] рол Боец 2: 1 урона от Лучник. HP 13/70
[2026-05-22 18:14:40] рол Боец 5: 1 урона от Лучник. HP 36/60
[2026-05-22 18:14:40] рол Боец 2: 1 урона от Лучник. HP 12/70
[2026-05-22 18:14:40] рол Боец 2: 1 урона от Лучник. HP 11/70
[2026-05-22 18:14:40] рол Боец 2: 1 урона от Лучник. HP 10/70
[2026-05-22 18:14:40] рол Боец 2: 1 урона от Лучник. HP 9/70
[2026-05-22 18:14:40] рол Боец 7: 1 урона от Лучник. HP 64/70
[2026-05-22 18:14:40] рол Боец 2: 1 урона от Лучник. HP 8/70
[2026-05-22 18:14:40] рол Боец 5: 1 урона от Лучник. HP 35/60
[2026-05-22 18:14:40] рол Боец 7: 1 урона от Лучник. HP 63/70
[2026-05-22 18:14:40] рол Боец 2: 1 урона от Лучник. HP 7/70
[2026-05-22 18:14:40] рол Боец 6: 1 урона от Лучник. HP 51/70
[2026-05-22 18:14:40] рол Боец 5: 1 урона от Лучник. HP 34/60
[2026-05-22 18:14:41] рол Боец 5: 1 урона от Лучник. HP 33/60
[2026-05-22 18:14:41] рол Боец 5: 1 урона от Лучник. HP 32/60
[2026-05-22 18:14:41] рол Боец 2: 1 урона от Лучник. HP 6/70
[2026-05-22 18:14:41] рол Боец 5: 1 урона от Лучник. HP 31/60
[2026-05-22 18:14:41] рол Боец 5: 1 урона от Лучник. HP 30/60
[2026-05-22 18:14:41] рол Боец 7: 1 урона от Лучник. HP 62/70
[2026-05-22 18:14:41] рол Боец 5: 1 урона от Лучник. HP 29/60
[2026-05-22 18:14:41] рол Боец 2: 1 урона от Лучник. HP 5/70
[2026-05-22 18:14:42] рол Боец 2: 1 урона от Лучник. HP 4/70
[2026-05-22 18:14:42] рол Боец 2: 1 урона от Лучник. HP 3/70
[2026-05-22 18:14:42] рол Боец 2: 1 урона от Лучник. HP 2/70
[2026-05-22 18:14:42] рол Боец 6: 1 урона от Лучник. HP 50/70
[2026-05-22 18:14:42] рол Боец 2: 1 урона от Лучник. HP 1/70
[2026-05-22 18:14:42] рол Боец 2: 1 урона от Лучник. HP 0/70
[2026-05-22 18:14:42] рол Боец 2 убит Лучник
[2026-05-22 18:14:42] рол Боец 5: 1 урона от Лучник. HP 28/60
[2026-05-22 18:14:42] рол Боец 5: 1 урона от Лучник. HP 27/60
[2026-05-22 18:14:42] рол Боец 5: 1 урона от Лучник. HP 26/60
[2026-05-22 18:14:43] рол Боец 5: 1 урона от Лучник. HP 25/60
[2026-05-22 18:14:43] рол Боец 6: 1 урона от Лучник. HP 49/70
[2026-05-22 18:14:43] рол Боец 5: 1 урона от Лучник. HP 24/60
[2026-05-22 18:14:43] рол Боец 6: 1 урона от Лучник. HP 48/70
[2026-05-22 18:14:43] рол Боец 5: 1 урона от Лучник. HP 23/60
[2026-05-22 18:16:07] рол Боец 5: 1 урона от Лучник. HP 22/60
[2026-05-22 18:16:07] рол Боец 6: 1 урона от Лучник. HP 47/70
[2026-05-22 18:16:07] рол Боец 5: 1 урона от Лучник. HP 21/60
[2026-05-22 18:16:07] рол Боец 6: 1 урона от Лучник. HP 46/70
[2026-05-22 18:16:07] рол Боец 6: 1 урона от Лучник. HP 45/70
[2026-05-22 18:16:07] гшо Боец 2: 1 урона от Сильный боец. HP 69/70
[2026-05-22 18:16:07] рол Боец 5: 1 урона от Лучник. HP 20/60
[2026-05-22 18:16:07] рол Боец 6: 1 урона от Лучник. HP 44/70
[2026-05-22 18:16:07] рол Боец 5: 1 урона от Лучник. HP 19/60
[2026-05-22 18:16:07] рол Боец 6: 1 урона от Лучник. HP 43/70
[2026-05-22 18:16:07] гшо Боец 2: 1 урона от Сильный боец. HP 68/70
[2026-05-22 18:16:07] рол Боец 5: 1 урона от Лучник. HP 18/60
[2026-05-22 18:16:07] рол Боец 6: 1 урона от Лучник. HP 42/70
[2026-05-22 18:16:07] рол Боец 5: 1 урона от Лучник. HP 17/60
[2026-05-22 18:16:07] рол Боец 7: 1 урона от Лучник. HP 61/70
[2026-05-22 18:16:07] гшо Боец 2: 1 урона от Сильный боец. HP 67/70
[2026-05-22 18:16:07] рол Боец 5: 1 урона от Лучник. HP 16/60
[2026-05-22 18:16:07] рол Боец 5: 1 урона от Лучник. HP 15/60
[2026-05-22 18:16:07] рол Боец 6: 1 урона от Лучник. HP 41/70
[2026-05-22 18:16:07] рол Боец 6: 1 урона от Лучник. HP 40/70
[2026-05-22 18:16:08] гшо Боец 2: 1 урона от Сильный боец. HP 66/70
[2026-05-22 18:16:08] рол Боец 6: 1 урона от Лучник. HP 39/70
[2026-05-22 18:16:08] рол Боец 7: 1 урона от Лучник. HP 60/70
[2026-05-22 18:16:08] рол Боец 5: 1 урона от Лучник. HP 14/60
[2026-05-22 18:16:08] рол Боец 5: 1 урона от Лучник. HP 13/60
[2026-05-22 18:16:08] гшо Боец 2: 1 урона от Сильный боец. HP 65/70
[2026-05-22 18:16:08] рол Боец 5: 1 урона от Лучник. HP 12/60
[2026-05-22 18:16:08] рол Боец 5: 1 урона от Лучник. HP 11/60
[2026-05-22 18:16:08] рол Боец 5: 1 урона от Лучник. HP 10/60
[2026-05-22 18:16:08] рол Боец 5: 1 урона от Лучник. HP 9/60
[2026-05-22 18:16:08] гшо Боец 2: 1 урона от Сильный боец. HP 69/70
[2026-05-22 18:16:08] рол Боец 6: 1 урона от Лучник. HP 38/70
[2026-05-22 18:16:08] рол Боец 7: 1 урона от Лучник. HP 59/70
[2026-05-22 18:16:08] рол Боец 5: 1 урона от Лучник. HP 8/60
[2026-05-22 18:16:08] рол Боец 5: 1 урона от Лучник. HP 7/60
[2026-05-22 18:16:09] гшо Боец 2: 1 урона от Сильный боец. HP 68/70
[2026-05-22 18:16:09] рол Боец 5: 1 урона от Лучник. HP 6/60
[2026-05-22 18:16:09] рол Боец 5: 1 урона от Лучник. HP 5/60
[2026-05-22 18:16:09] рол Боец 5: 1 урона от Лучник. HP 4/60
[2026-05-22 18:16:09] рол Боец 6: 1 урона от Лучник. HP 37/70
[2026-05-22 18:16:09] гшо Боец 2: 1 урона от Сильный боец. HP 67/70
[2026-05-22 18:16:09] рол Боец 5: 1 урона от Лучник. HP 3/60
[2026-05-22 18:16:09] рол Боец 5: 1 урона от Лучник. HP 2/60
[2026-05-22 18:16:09] рол Боец 6: 1 урона от Лучник. HP 36/70
[2026-05-22 18:16:09] рол Боец 5: 1 урона от Лучник. HP 1/60
[2026-05-22 18:16:09] гшо Боец 2: 1 урона от Сильный боец. HP 69/70
[2026-05-22 18:16:09] рол Боец 6: 1 урона от Лучник. HP 35/70
[2026-05-22 18:16:09] рол Боец 5: 1 урона от Лучник. HP 0/60
[2026-05-22 18:16:09] рол Боец 5 убит Лучник
[2026-05-22 18:16:09] рол Боец 6: 1 урона от Лучник. HP 34/70
[2026-05-22 18:16:09] рол Боец 6: 1 урона от Лучник. HP 33/70
[2026-05-22 18:16:09] рол Боец 6: 1 урона от Лучник. HP 32/70
[2026-05-22 18:16:09] рол Боец 7: 1 урона от Лучник. HP 58/70
[2026-05-22 18:16:09] рол Боец 6: 1 урона от Лучник. HP 31/70
[2026-05-22 18:16:09] рол Боец 7: 1 урона от Лучник. HP 57/70
[2026-05-22 18:16:10] рол Боец 6: 1 урона от Лучник. HP 30/70
[2026-05-22 18:16:10] рол Боец 6: 1 урона от Лучник. HP 29/70
[2026-05-22 18:16:10] рол Боец 6: 1 урона от Лучник. HP 28/70
[2026-05-22 18:16:10] рол Боец 6: 1 урона от Лучник. HP 27/70
[2026-05-22 18:16:10] рол Боец 6: 1 урона от Лучник. HP 26/70
[2026-05-22 18:16:10] рол Боец 6: 1 урона от Лучник. HP 25/70
[2026-05-22 18:16:10] рол Боец 6: 1 урона от Лучник. HP 24/70
[2026-05-22 18:16:10] рол Боец 6: 1 урона от Лучник. HP 23/70
[2026-05-22 18:16:10] рол Боец 6: 1 урона от Лучник. HP 22/70
[2026-05-22 18:16:10] рол Боец 7: 1 урона от Лучник. HP 56/70
[2026-05-22 18:16:10] рол Боец 7: 1 урона от Лучник. HP 55/70
[2026-05-22 18:16:10] рол Боец 7: 1 урона от Лучник. HP 54/70
[2026-05-22 18:16:10] рол Боец 6: 1 урона от Лучник. HP 21/70
[2026-05-22 18:16:10] рол Боец 6: 1 урона от Лучник. HP 20/70
[2026-05-22 18:16:10] рол Боец 6: 1 урона от Лучник. HP 19/70
[2026-05-22 18:16:10] рол Боец 6: 1 урона от Лучник. HP 18/70
[2026-05-22 18:16:11] рол Боец 6: 1 урона от Лучник. HP 17/70
[2026-05-22 18:16:11] рол Боец 6: 1 урона от Лучник. HP 16/70
[2026-05-22 18:16:11] рол Боец 6: 1 урона от Лучник. HP 15/70
[2026-05-22 18:16:11] рол Боец 6: 1 урона от Лучник. HP 14/70
[2026-05-22 18:16:11] рол Боец 6: 1 урона от Лучник. HP 13/70
[2026-05-22 18:16:11] рол Боец 6: 1 урона от Лучник. HP 12/70
[2026-05-22 18:16:11] рол Боец 7: 1 урона от Лучник. HP 53/70
[2026-05-22 18:16:11] рол Боец 6: 1 урона от Лучник. HP 11/70
[2026-05-22 18:16:11] рол Боец 6: 1 урона от Лучник. HP 10/70
[2026-05-22 18:16:11] рол Боец 6: 1 урона от Лучник. HP 9/70
[2026-05-22 18:16:11] рол Боец 6: 1 урона от Лучник. HP 8/70
[2026-05-22 18:16:11] рол Боец 6: 1 урона от Лучник. HP 7/70
[2026-05-22 18:16:11] рол Боец 6: 1 урона от Лучник. HP 6/70
[2026-05-22 18:16:11] рол Боец 6: 1 урона от Лучник. HP 5/70
[2026-05-22 18:16:11] рол Боец 6: 1 урона от Лучник. HP 4/70
[2026-05-22 18:16:11] рол Боец 6: 1 урона от Лучник. HP 3/70
[2026-05-22 18:16:12] рол Боец 6: 1 урона от Лучник. HP 2/70
[2026-05-22 18:16:12] рол Боец 6: 1 урона от Лучник. HP 1/70
[2026-05-22 18:16:12] рол Боец 6: 1 урона от Лучник. HP 0/70
[2026-05-22 18:16:12] рол Боец 6 убит Лучник
[2026-05-22 18:16:12] рол Боец 7: 1 урона от Лучник. HP 52/70
[2026-05-22 18:16:12] рол Боец 7: 1 урона от Лучник. HP 51/70
[2026-05-22 18:16:12] рол Боец 7: 1 урона от Лучник. HP 50/70
[2026-05-22 18:16:12] рол Боец 7: 1 урона от Лучник. HP 49/70
[2026-05-22 18:16:12] рол Боец 7: 1 урона от Лучник. HP 48/70
[2026-05-22 18:16:12] рол Боец 7: 1 урона от Лучник. HP 47/70
[2026-05-22 18:16:12] рол Боец 7: 1 урона от Лучник. HP 46/70
[2026-05-22 18:16:12] рол Боец 7: 1 урона от Лучник. HP 45/70
[2026-05-22 18:16:12] рол Боец 7: 1 урона от Лучник. HP 44/70
[2026-05-22 18:16:12] рол Боец 7: 1 урона от Лучник. HP 43/70
[2026-05-22 18:16:12] рол Боец 7: 1 урона от Лучник. HP 42/70
[2026-05-22 18:16:12] рол Боец 7: 1 урона от Лучник. HP 41/70
[2026-05-22 18:16:13] рол Боец 7: 1 урона от Лучник. HP 40/70
[2026-05-22 18:16:13] рол Боец 7: 1 урона от Лучник. HP 39/70
[2026-05-22 18:16:13] рол Боец 7: 1 урона от Лучник. HP 38/70
[2026-05-22 18:16:13] рол Боец 7: 1 урона от Лучник. HP 37/70
[2026-05-22 18:16:13] рол Боец 7: 1 урона от Лучник. HP 36/70
[2026-05-22 18:16:13] рол Боец 7: 1 урона от Лучник. HP 35/70
[2026-05-22 18:16:13] рол Боец 7: 1 урона от Лучник. HP 34/70
[2026-05-22 18:16:13] рол Боец 7: 1 урона от Лучник. HP 33/70
[2026-05-22 18:16:13] рол Боец 7: 1 урона от Лучник. HP 32/70
[2026-05-22 18:16:13] рол Боец 7: 1 урона от Лучник. HP 31/70
[2026-05-22 18:16:13] рол Боец 7: 1 урона от Лучник. HP 30/70
[2026-05-22 18:16:13] рол Боец 7: 1 урона от Лучник. HP 29/70
[2026-05-22 18:16:13] рол Боец 7: 1 урона от Лучник. HP 28/70
[2026-05-22 18:16:13] рол Боец 7: 1 урона от Лучник. HP 27/70
[2026-05-22 18:16:13] рол Боец 7: 1 урона от Лучник. HP 26/70
[2026-05-22 18:16:13] рол Боец 7: 1 урона от Лучник. HP 25/70
[2026-05-22 18:16:13] рол Боец 7: 1 урона от Лучник. HP 24/70
[2026-05-22 18:16:14] рол Боец 7: 1 урона от Лучник. HP 23/70
[2026-05-22 18:16:14] рол Боец 7: 1 урона от Лучник. HP 22/70
[2026-05-22 18:16:14] рол Боец 7: 1 урона от Лучник. HP 21/70
[2026-05-22 18:16:14] рол Боец 7: 1 урона от Лучник. HP 20/70
[2026-05-22 18:16:14] рол Боец 7: 1 урона от Лучник. HP 19/70
[2026-05-22 18:16:14] рол Боец 7: 1 урона от Лучник. HP 18/70
[2026-05-22 18:16:14] рол Боец 7: 1 урона от Лучник. HP 17/70
[2026-05-22 18:16:14] рол Боец 7: 1 урона от Лучник. HP 16/70
[2026-05-22 18:16:14] рол Боец 7: 1 урона от Лучник. HP 15/70
[2026-05-22 18:16:14] рол Боец 7: 1 урона от Лучник. HP 14/70
[2026-05-22 18:16:14] рол Боец 7: 1 урона от Лучник. HP 13/70
[2026-05-22 18:16:14] рол Боец 7: 1 урона от Лучник. HP 12/70
[2026-05-22 18:16:15] рол Боец 7: 1 урона от Лучник. HP 11/70
[2026-05-22 18:16:15] рол Боец 7: 1 урона от Лучник. HP 10/70
[2026-05-22 18:16:15] рол Боец 7: 1 урона от Лучник. HP 9/70
[2026-05-22 18:16:15] рол Боец 7: 1 урона от Лучник. HP 8/70
[2026-05-22 18:16:15] рол Боец 7: 1 урона от Лучник. HP 7/70
[2026-05-22 18:16:15] рол Боец 7: 1 урона от Лучник. HP 6/70
[2026-05-22 18:16:15] рол Боец 7: 1 урона от Лучник. HP 5/70
[2026-05-22 18:16:15] рол Боец 7: 1 урона от Лучник. HP 4/70
[2026-05-22 18:16:15] рол Боец 7: 1 урона от Лучник. HP 3/70
[2026-05-22 18:16:15] рол Боец 7: 1 урона от Лучник. HP 2/70
[2026-05-22 18:16:15] рол Боец 7: 1 урона от Лучник. HP 1/70
[2026-05-22 18:16:15] рол Боец 7: 1 урона от Лучник. HP 0/70
[2026-05-22 18:16:15] рол Боец 7 убит Лучник
[2026-05-22 18:22:38] укавс Боец 1: 1 урона от Лучник. HP 69/70
[2026-05-22 18:22:38] 65ка Боец 9: 1 урона от Лучник. HP 59/60
[2026-05-22 18:22:38] 65ка Боец 8: 9 урона от Лучник. HP 9/18
[2026-05-22 18:22:38] 65ка Боец 1: 9 урона от Лучник. HP 9/18
[2026-05-22 18:22:38] 65ка Боец 1: 9 урона от Лучник. HP 0/18
[2026-05-22 18:22:38] 65ка Боец 1 убит Лучник
[2026-05-22 18:22:38] укавс Боец 4: 9 урона от Лучник. HP 9/18
[2026-05-22 18:22:39] укавс Боец 1: 1 урона от Лучник. HP 68/70
[2026-05-22 18:22:39] 65ка Боец 2: 9 урона от Лучник. HP 9/18
[2026-05-22 18:22:39] 65ка Боец 3: 1 урона от Лучник. HP 69/70
[2026-05-22 18:22:39] 65ка Боец 6: 1 урона от Лучник. HP 69/70
[2026-05-22 18:22:39] 65ка Боец 2: 9 урона от Лучник. HP 0/18
[2026-05-22 18:22:39] 65ка Боец 2 убит Лучник
[2026-05-22 18:22:39] укавс Боец 1: 1 урона от Лучник. HP 67/70
[2026-05-22 18:22:40] 65ка Боец 4: 8 урона от Лучник. HP 14/22
[2026-05-22 18:22:40] 65ка Боец 3: 1 урона от Лучник. HP 68/70
[2026-05-22 18:22:40] 65ка Боец 3: 1 урона от Лучник. HP 67/70
[2026-05-22 18:22:40] 65ка Боец 3: 1 урона от Лучник. HP 66/70
[2026-05-22 18:22:40] укавс Боец 1: 1 урона от Лучник. HP 66/70
[2026-05-22 18:22:40] 65ка Боец 8: 9 урона от Лучник. HP 9/18
[2026-05-22 18:22:40] 65ка Боец 6: 1 урона от Лучник. HP 68/70
[2026-05-22 18:22:40] 65ка Боец 3: 1 урона от Лучник. HP 65/70
[2026-05-22 18:22:40] 65ка Боец 4: 8 урона от Лучник. HP 6/22
[2026-05-22 18:22:40] 65ка Боец 3: 1 урона от Лучник. HP 64/70
[2026-05-22 18:22:40] укавс Боец 3: 1 урона от Лучник. HP 59/60
[2026-05-22 18:22:49] укавс Боец 2: 5 урона от Маг. HP 10/15
[2026-05-22 18:22:49] 65ка Боец 4: 1 урона от Лекарь. HP 5/22
[2026-05-22 18:22:49] 65ка Боец 5: 12 урона от Сильный боец. HP 13/25
[2026-05-22 18:22:49] укавс Боец 3: 1 урона от Слабый боец. HP 58/60
[2026-05-22 18:22:50] 65ка Боец 4: 8 урона от Лучник. HP 0/22
[2026-05-22 18:22:50] 65ка Боец 4 убит Лучник
[2026-05-22 18:22:50] 65ка Боец 6: 1 урона от Лучник. HP 67/70
[2026-05-22 18:22:50] 65ка Боец 3: 1 урона от Лучник. HP 69/70
[2026-05-22 18:22:50] 65ка Боец 3: 1 урона от Лучник. HP 68/70
[2026-05-22 18:22:50] 65ка Боец 5: 4 урона от Лучник. HP 9/25
[2026-05-22 18:22:50] укавс Боец 4: 9 урона от Лучник. HP 9/18
[2026-05-22 18:22:50] 65ка Боец 3: 1 урона от Лучник. HP 67/70
[2026-05-22 18:22:50] 65ка Боец 5: 4 урона от Лучник. HP 5/25
[2026-05-22 18:22:50] 65ка Боец 3: 1 урона от Лучник. HP 66/70
[2026-05-22 18:22:50] 65ка Боец 7: 10 урона от Лучник. HP 5/15
[2026-05-22 18:22:50] 65ка Боец 5: 4 урона от Лучник. HP 1/25
[2026-05-22 18:22:50] укавс Боец 1: 1 урона от Лучник. HP 69/70
[2026-05-22 18:22:50] 65ка Боец 6: 1 урона от Лекарь. HP 69/70
[2026-05-22 18:22:50] 65ка Боец 5: 12 урона от Сильный боец. HP 0/25
[2026-05-22 18:22:50] 65ка Боец 5 убит Сильный боец
[2026-05-22 18:22:50] укавс Боец 3: 1 урона от Лекарь. HP 57/60
[2026-05-22 18:22:50] 65ка Боец 3: 1 урона от Лучник. HP 65/70
[2026-05-22 18:22:50] 65ка Боец 3: 1 урона от Лучник. HP 64/70
[2026-05-22 18:22:50] 65ка Боец 3: 1 урона от Лучник. HP 63/70
[2026-05-22 18:22:50] 65ка Боец 3: 1 урона от Лучник. HP 62/70
[2026-05-22 18:22:50] 65ка Боец 3: 1 урона от Лучник. HP 61/70
[2026-05-22 18:22:50] 65ка Боец 8: 9 урона от Лучник. HP 9/18
[2026-05-22 18:22:50] укавс Боец 7: 8 урона от Лучник. HP 14/22
[2026-05-22 18:22:50] 65ка Боец 3: 1 урона от Лучник. HP 60/70
[2026-05-22 18:22:50] 65ка Боец 7: 10 урона от Лучник. HP 0/15
[2026-05-22 18:22:50] 65ка Боец 7 убит Лучник
[2026-05-22 18:22:50] 65ка Боец 6: 1 урона от Лучник. HP 68/70
[2026-05-22 18:22:50] 65ка Боец 3: 1 урона от Лучник. HP 59/70
[2026-05-22 18:22:50] 65ка Боец 6: 1 урона от Лучник. HP 67/70
[2026-05-22 18:22:50] 65ка Боец 8: 9 урона от Лучник. HP 0/18
[2026-05-22 18:22:50] 65ка Боец 8 убит Лучник
[2026-05-22 18:22:50] 65ка Боец 6: 1 урона от Лекарь. HP 66/70
[2026-05-22 18:22:50] 65ка Боец 9: 5 урона от Сильный боец. HP 54/60
[2026-05-22 18:22:50] укавс Боец 3: 5 урона от Сильный боец. HP 52/60
[2026-05-22 18:22:50] 65ка Боец 9: 1 урона от Лучник. HP 53/60
[2026-05-22 18:22:50] 65ка Боец 6: 1 урона от Лучник. HP 65/70
[2026-05-22 18:22:50] 65ка Боец 3: 1 урона от Лучник. HP 58/70
[2026-05-22 18:22:50] 65ка Боец 3: 1 урона от Лучник. HP 57/70
[2026-05-22 18:22:50] 65ка Боец 6: 1 урона от Лучник. HP 64/70
[2026-05-22 18:22:50] 65ка Боец 9: 1 урона от Лучник. HP 52/60
[2026-05-22 18:22:50] 65ка Боец 3: 1 урона от Лучник. HP 56/70
[2026-05-22 18:22:50] 65ка Боец 9: 1 урона от Лучник. HP 51/60
[2026-05-22 18:22:50] 65ка Боец 3: 1 урона от Лучник. HP 55/70
[2026-05-22 18:22:50] 65ка Боец 6: 1 урона от Лучник. HP 63/70
[2026-05-22 18:22:50] 65ка Боец 6: 1 урона от Лучник. HP 62/70
[2026-05-22 18:22:50] 65ка Боец 3: 1 урона от Лучник. HP 54/70
[2026-05-22 18:22:50] 65ка Боец 6: 1 урона от Лучник. HP 61/70
[2026-05-22 18:22:50] 65ка Боец 6: 1 урона от Лучник. HP 60/70
[2026-05-22 18:22:50] 65ка Боец 6: 1 урона от Лучник. HP 59/70
[2026-05-22 18:29:13] Синяя Боец 1: 6 урона от Слабый боец. HP 16/22
[2026-05-22 18:29:13] Красная Боец 1: 1 урона от Маг. HP 24/25
[2026-05-22 18:29:13] Синяя Боец 1: 8 урона от Лучник. HP 8/22
[2026-05-22 18:29:20] Синяя Боец 1: 6 урона от Слабый боец. HP 2/22
[2026-05-22 18:29:20] Красная Боец 1: 1 урона от Маг. HP 23/25
[2026-05-22 18:29:20] Синяя Боец 1: 8 урона от Лучник. HP 0/22
[2026-05-22 18:29:20] Синяя Боец 1 убит Лучник
[2026-05-22 18:29:20] Синяя Боец 3: 8 урона от Лучник. HP 14/22
[2026-05-22 18:29:22] Синяя Боец 2: 6 урона от Слабый боец. HP 16/22
[2026-05-22 18:29:22] Красная Боец 1: 1 урона от Маг. HP 22/25
[2026-05-22 18:29:22] Синяя Боец 5: 1 урона от Лучник. HP 99/100
[2026-05-22 18:29:22] Синяя Боец 2: 8 урона от Лучник. HP 8/22
[2026-05-22 18:29:22] Синяя Боец 2: 8 урона от Лучник. HP 0/22
[2026-05-22 18:29:22] Синяя Боец 2 убит Лучник
[2026-05-22 18:29:23] Синяя Боец 3: 6 урона от Слабый боец. HP 8/22
[2026-05-22 18:29:23] Красная Боец 1: 1 урона от Маг. HP 21/25
[2026-05-22 18:29:23] Синяя Боец 4: 1 урона от Лучник. HP 59/60
[2026-05-22 18:29:23] Синяя Боец 5: 1 урона от Лучник. HP 98/100
[2026-05-22 18:29:23] Синяя Боец 3: 8 урона от Лучник. HP 0/22
[2026-05-22 18:29:23] Синяя Боец 3 убит Лучник
[2026-05-22 18:29:24] Синяя Боец 4: 1 урона от Слабый боец. HP 58/60
[2026-05-22 18:29:24] Красная Боец 1: 12 урона от Сильный боец. HP 13/25
[2026-05-22 18:29:24] Синяя Боец 5: 1 урона от Лучник. HP 97/100
[2026-05-22 18:29:24] Синяя Боец 4: 1 урона от Лучник. HP 57/60
[2026-05-22 18:29:24] Синяя Боец 5: 1 урона от Лучник. HP 96/100
[2026-05-22 18:29:24] Синяя Боец 5: 1 урона от Лучник. HP 95/100
[2026-05-22 18:29:25] Синяя Боец 4: 1 урона от Слабый боец. HP 56/60
[2026-05-22 18:29:25] Красная Боец 1: 12 урона от Сильный боец. HP 1/25
[2026-05-22 18:29:25] Синяя Боец 4: 1 урона от Лучник. HP 55/60
[2026-05-22 18:29:25] Синяя Боец 4: 1 урона от Лучник. HP 54/60
[2026-05-22 18:29:25] Синяя Боец 4: 1 урона от Лучник. HP 53/60
[2026-05-22 18:29:25] Синяя Боец 5: 1 урона от Лучник. HP 94/100
[2026-05-22 18:29:25] Синяя Боец 4: 1 урона от Лучник. HP 52/60
[2026-05-22 18:29:39] Синяя Боец 5: 1 урона от Лучник. HP 93/100
[2026-05-22 18:29:39] Синяя Боец 6: 1 урона от Лучник. HP 69/70
[2026-05-22 18:29:39] Синяя Боец 4: 1 урона от Лучник. HP 51/60
[2026-05-22 18:29:39] Синяя Боец 5: 1 урона от Лучник. HP 92/100
[2026-05-22 18:29:39] Синяя Боец 4: 1 урона от Лучник. HP 50/60
[2026-05-22 18:29:39] Синяя Боец 5: 1 урона от Лучник. HP 91/100
[2026-05-22 18:29:48] Синяя Боец 5: 1 урона от Лучник. HP 90/100
[2026-05-22 18:29:48] Синяя Боец 4: 1 урона от Лучник. HP 49/60
[2026-05-22 18:29:48] Синяя Боец 7: 1 урона от Лучник. HP 69/70
[2026-05-22 18:29:48] Синяя Боец 5: 1 урона от Лучник. HP 89/100
[2026-05-22 18:29:48] Синяя Боец 4: 1 урона от Лучник. HP 48/60
[2026-05-22 18:29:48] Синяя Боец 4: 1 урона от Лучник. HP 47/60
[2026-05-22 18:30:20] рол Боец 7: 1 урона от Лучник. HP 57/70
[2026-05-22 18:30:20] рол Боец 1: 1 урона от Лучник. HP 20/70
[2026-05-22 18:30:20] Unknown Боец 2: 1 урона от Лучник. HP 37/60
[2026-05-22 18:30:20] рол Боец 7: 1 урона от Лучник. HP 56/70
[2026-05-22 18:30:20] Unknown Боец 2: 1 урона от Лучник. HP 36/60
[2026-05-22 18:30:20] рол Боец 1: 1 урона от Лучник. HP 19/70
[2026-05-22 18:30:20] рол Боец 7: 1 урона от Лучник. HP 55/70
[2026-05-22 18:30:20] рол Боец 7: 1 урона от Лучник. HP 54/70
[2026-05-22 18:30:20] Unknown Боец 2: 1 урона от Лучник. HP 35/60
[2026-05-22 18:30:20] Unknown Боец 11: 1 урона от Лучник. HP 55/60
[2026-05-22 18:30:20] рол Боец 12: 4 урона от Лучник. HP 13/25
[2026-05-22 18:30:20] рол Боец 7: 1 урона от Лучник. HP 53/70
[2026-05-22 18:30:20] рол Боец 7: 1 урона от Лучник. HP 52/70
[2026-05-22 18:30:20] рол Боец 1: 1 урона от Лучник. HP 18/70
[2026-05-22 18:30:20] рол Боец 1: 1 урона от Лучник. HP 17/70
[2026-05-22 18:30:20] рол Боец 7: 1 урона от Лучник. HP 51/70
[2026-05-22 18:30:20] Unknown Боец 2: 1 урона от Лучник. HP 34/60
[2026-05-22 18:30:20] Unknown Боец 2: 1 урона от Лучник. HP 33/60
[2026-05-22 18:30:20] Unknown Боец 11: 1 урона от Лучник. HP 54/60
[2026-05-22 18:30:21] рол Боец 1: 1 урона от Лучник. HP 16/70
[2026-05-22 18:30:21] Unknown Боец 2: 1 урона от Лучник. HP 32/60
[2026-05-22 18:30:21] рол Боец 1: 1 урона от Лучник. HP 15/70
[2026-05-22 18:30:21] рол Боец 7: 1 урона от Лучник. HP 50/70
[2026-05-22 18:30:21] Unknown Боец 2: 1 урона от Лучник. HP 31/60
[2026-05-22 18:30:21] рол Боец 1: 1 урона от Лучник. HP 14/70
[2026-05-22 18:30:21] рол Боец 1: 1 урона от Лучник. HP 13/70
[2026-05-22 18:30:21] рол Боец 7: 1 урона от Лучник. HP 49/70
[2026-05-22 18:30:21] Unknown Боец 2: 1 урона от Лучник. HP 30/60
[2026-05-22 18:30:21] рол Боец 1: 1 урона от Лучник. HP 12/70
[2026-05-22 18:30:21] рол Боец 1: 1 урона от Лучник. HP 11/70
[2026-05-22 18:30:21] рол Боец 1: 1 урона от Лучник. HP 10/70
[2026-05-22 18:30:21] Unknown Боец 13: 1 урона от Лучник. HP 58/60
[2026-05-22 18:30:21] рол Боец 1: 1 урона от Лучник. HP 9/70
[2026-05-22 18:30:21] Unknown Боец 11: 1 урона от Лучник. HP 53/60
[2026-05-22 18:30:21] Unknown Боец 11: 1 урона от Лучник. HP 52/60
[2026-05-22 18:30:21] рол Боец 1: 1 урона от Лучник. HP 8/70
[2026-05-22 18:30:21] рол Боец 7: 1 урона от Лучник. HP 48/70
[2026-05-22 18:30:21] рол Боец 7: 1 урона от Лучник. HP 47/70
[2026-05-22 18:30:21] Unknown Боец 2: 1 урона от Лучник. HP 29/60
[2026-05-22 18:30:21] рол Боец 7: 1 урона от Лучник. HP 46/70
[2026-05-22 18:30:21] рол Боец 12: 4 урона от Лучник. HP 9/25
[2026-05-22 18:30:21] рол Боец 1: 1 урона от Лучник. HP 7/70
[2026-05-22 18:30:21] рол Боец 1: 1 урона от Лучник. HP 6/70
[2026-05-22 18:30:21] рол Боец 1: 1 урона от Лучник. HP 5/70
[2026-05-22 18:30:21] рол Боец 1: 1 урона от Лучник. HP 4/70
[2026-05-22 18:30:21] рол Боец 1: 1 урона от Лучник. HP 3/70
[2026-05-22 18:30:21] рол Боец 7: 1 урона от Лучник. HP 45/70
[2026-05-22 18:30:21] рол Боец 7: 1 урона от Лучник. HP 44/70
[2026-05-22 18:30:21] рол Боец 1: 1 урона от Лучник. HP 2/70
[2026-05-22 18:30:21] рол Боец 1: 1 урона от Лучник. HP 1/70
[2026-05-22 18:30:21] Unknown Боец 11: 1 урона от Лучник. HP 51/60
[2026-05-22 18:30:21] рол Боец 1: 1 урона от Лучник. HP 0/70
[2026-05-22 18:30:21] рол Боец 1 убит Лучник
[2026-05-22 18:30:22] дло Боец 7: 1 урона от Сильный боец. HP 69/70
[2026-05-22 18:30:22] рол Боец 12: 4 урона от Лучник. HP 5/25
[2026-05-22 18:30:22] Unknown Боец 11: 1 урона от Лучник. HP 50/60
[2026-05-22 18:30:22] рол Боец 7: 1 урона от Лучник. HP 43/70
[2026-05-22 18:30:22] рол Боец 7: 1 урона от Лучник. HP 42/70
[2026-05-22 18:30:22] Unknown Боец 2: 1 урона от Лучник. HP 28/60
[2026-05-22 18:30:22] рол Боец 7: 1 урона от Лучник. HP 41/70
[2026-05-22 18:30:22] Unknown Боец 2: 1 урона от Лучник. HP 27/60
[2026-05-22 18:30:22] Unknown Боец 11: 1 урона от Лучник. HP 49/60
[2026-05-22 18:30:22] Unknown Боец 2: 1 урона от Лучник. HP 26/60
[2026-05-22 18:30:22] Unknown Боец 2: 1 урона от Лучник. HP 25/60
[2026-05-22 18:30:22] рол Боец 12: 4 урона от Лучник. HP 1/25
[2026-05-22 18:30:22] дло Боец 7: 1 урона от Сильный боец. HP 68/70
[2026-05-22 18:30:22] рол Боец 7: 1 урона от Лучник. HP 40/70
[2026-05-22 18:30:22] Unknown Боец 13: 1 урона от Лучник. HP 57/60
[2026-05-22 18:30:22] Unknown Боец 2: 1 урона от Лучник. HP 24/60
[2026-05-22 18:30:22] рол Боец 7: 1 урона от Лучник. HP 39/70
[2026-05-22 18:30:22] Unknown Боец 2: 1 урона от Лучник. HP 23/60
[2026-05-22 18:30:22] Unknown Боец 2: 1 урона от Лучник. HP 22/60
[2026-05-22 18:30:22] Unknown Боец 2: 1 урона от Лучник. HP 21/60
[2026-05-22 18:30:22] Unknown Боец 2: 1 урона от Лучник. HP 20/60
[2026-05-22 18:30:22] Unknown Боец 2: 1 урона от Лучник. HP 19/60
[2026-05-22 18:30:22] Unknown Боец 2: 1 урона от Лучник. HP 18/60
[2026-05-22 18:30:22] рол Боец 7: 1 урона от Лучник. HP 38/70
[2026-05-22 18:30:23] дло Боец 7: 1 урона от Сильный боец. HP 67/70
[2026-05-22 18:30:23] рол Боец 7: 1 урона от Лучник. HP 37/70
[2026-05-22 18:30:23] Unknown Боец 2: 1 урона от Лучник. HP 17/60
[2026-05-22 18:30:23] Unknown Боец 2: 1 урона от Лучник. HP 16/60
[2026-05-22 18:30:23] Unknown Боец 2: 1 урона от Лучник. HP 15/60
[2026-05-22 18:30:23] рол Боец 7: 1 урона от Лучник. HP 36/70
[2026-05-22 18:30:23] рол Боец 7: 1 урона от Лучник. HP 35/70
[2026-05-22 18:30:23] рол Боец 12: 4 урона от Лучник. HP 0/25
[2026-05-22 18:30:23] рол Боец 12 убит Лучник
[2026-05-22 18:30:23] Unknown Боец 2: 1 урона от Лучник. HP 14/60
[2026-05-22 18:30:23] Unknown Боец 11: 1 урона от Лучник. HP 48/60
[2026-05-22 18:30:23] Unknown Боец 2: 1 урона от Лучник. HP 13/60
[2026-05-22 18:30:23] Unknown Боец 2: 1 урона от Лучник. HP 12/60
[2026-05-22 18:30:23] рол Боец 7: 1 урона от Лучник. HP 34/70
[2026-05-22 18:30:23] Unknown Боец 13: 1 урона от Лучник. HP 56/60
[2026-05-22 18:30:23] Unknown Боец 2: 1 урона от Лучник. HP 11/60
[2026-05-22 18:30:23] рол Боец 7: 1 урона от Лучник. HP 33/70
[2026-05-22 18:30:23] Unknown Боец 2: 1 урона от Лучник. HP 10/60
[2026-05-22 18:30:23] Unknown Боец 11: 1 урона от Лучник. HP 47/60
[2026-05-22 18:30:23] рол Боец 7: 1 урона от Лучник. HP 32/70
[2026-05-22 18:30:23] Unknown Боец 2: 1 урона от Лучник. HP 9/60
[2026-05-22 18:30:23] рол Боец 7: 1 урона от Лучник. HP 31/70
[2026-05-22 18:30:23] Unknown Боец 11: 1 урона от Лучник. HP 46/60
[2026-05-22 18:30:23] Unknown Боец 2: 1 урона от Лучник. HP 8/60
[2026-05-22 18:30:23] Unknown Боец 2: 1 урона от Лучник. HP 7/60
[2026-05-22 18:30:23] рол Боец 7: 1 урона от Лучник. HP 30/70
[2026-05-22 18:30:23] Unknown Боец 13: 1 урона от Лучник. HP 55/60
[2026-05-22 18:30:23] рол Боец 7: 1 урона от Лучник. HP 29/70
[2026-05-22 18:30:23] Unknown Боец 2: 1 урона от Лучник. HP 6/60
[2026-05-22 18:30:23] Unknown Боец 2: 1 урона от Лучник. HP 5/60
[2026-05-22 18:30:23] Unknown Боец 2: 1 урона от Лучник. HP 4/60
[2026-05-22 18:30:23] Unknown Боец 13: 1 урона от Лучник. HP 54/60
[2026-05-22 18:30:23] Unknown Боец 11: 1 урона от Лучник. HP 45/60
[2026-05-22 18:30:23] Unknown Боец 2: 1 урона от Лучник. HP 3/60
[2026-05-22 18:30:23] рол Боец 7: 1 урона от Лучник. HP 28/70
[2026-05-22 18:30:23] Unknown Боец 2: 1 урона от Лучник. HP 2/60
[2026-05-22 18:30:23] Unknown Боец 11: 1 урона от Лучник. HP 44/60
[2026-05-22 18:30:24] Unknown Боец 2: 1 урона от Лучник. HP 1/60
[2026-05-22 18:30:24] Unknown Боец 2: 1 урона от Лучник. HP 0/60
[2026-05-22 18:30:24] Unknown Боец 2 убит Лучник
[2026-05-22 18:30:24] рол Боец 7: 1 урона от Лучник. HP 27/70
[2026-05-22 18:30:24] рол Боец 7: 1 урона от Лучник. HP 26/70
[2026-05-22 18:30:24] рол Боец 7: 1 урона от Лучник. HP 25/70
[2026-05-22 18:30:24] рол Боец 7: 1 урона от Лучник. HP 24/70
[2026-05-22 18:30:24] Unknown Боец 11: 1 урона от Лучник. HP 43/60
[2026-05-22 18:30:24] Unknown Боец 11: 1 урона от Лучник. HP 42/60
[2026-05-22 18:30:24] Unknown Боец 11: 1 урона от Лучник. HP 41/60
[2026-05-22 18:30:24] рол Боец 7: 1 урона от Лучник. HP 23/70
[2026-05-22 18:30:24] Unknown Боец 11: 1 урона от Лучник. HP 40/60
[2026-05-22 18:30:24] Unknown Боец 11: 1 урона от Лучник. HP 39/60
[2026-05-22 18:30:24] рол Боец 7: 1 урона от Лучник. HP 22/70
[2026-05-22 18:30:24] дло Боец 7: 1 урона от Сильный боец. HP 66/70
[2026-05-22 18:30:24] рол Боец 7: 1 урона от Лучник. HP 21/70
[2026-05-22 18:30:24] рол Боец 7: 1 урона от Лучник. HP 20/70
[2026-05-22 18:30:24] Unknown Боец 13: 1 урона от Лучник. HP 53/60
[2026-05-22 18:30:24] рол Боец 7: 1 урона от Лучник. HP 19/70
[2026-05-22 18:30:24] рол Боец 7: 1 урона от Лучник. HP 18/70
[2026-05-22 18:30:24] Unknown Боец 11: 1 урона от Лучник. HP 38/60
[2026-05-22 18:30:24] рол Боец 7: 1 урона от Лучник. HP 17/70
[2026-05-22 18:30:24] Unknown Боец 13: 1 урона от Лучник. HP 52/60
[2026-05-22 18:30:24] рол Боец 7: 1 урона от Лучник. HP 16/70
[2026-05-22 18:30:24] Unknown Боец 11: 1 урона от Лучник. HP 37/60
[2026-05-22 18:30:24] Unknown Боец 13: 1 урона от Лучник. HP 51/60
[2026-05-22 18:30:24] рол Боец 7: 1 урона от Лучник. HP 15/70
[2026-05-22 18:30:24] Unknown Боец 11: 1 урона от Лучник. HP 36/60
[2026-05-22 18:30:24] дло Боец 7: 1 урона от Сильный боец. HP 65/70
[2026-05-22 18:30:24] рол Боец 7: 1 урона от Лучник. HP 14/70
[2026-05-22 18:30:24] Unknown Боец 11: 1 урона от Лучник. HP 35/60
[2026-05-22 18:30:24] рол Боец 7: 1 урона от Лучник. HP 13/70
[2026-05-22 18:30:24] Unknown Боец 11: 1 урона от Лучник. HP 34/60
[2026-05-22 18:30:24] рол Боец 7: 1 урона от Лучник. HP 12/70
[2026-05-22 18:30:24] Unknown Боец 13: 1 урона от Лучник. HP 50/60
[2026-05-22 18:30:24] Unknown Боец 11: 1 урона от Лучник. HP 33/60
[2026-05-22 18:30:24] рол Боец 7: 1 урона от Лучник. HP 11/70
[2026-05-22 18:30:24] рол Боец 7: 1 урона от Лучник. HP 10/70
[2026-05-22 18:30:24] рол Боец 7: 1 урона от Лучник. HP 9/70
[2026-05-22 18:30:24] Unknown Боец 13: 1 урона от Лучник. HP 49/60
[2026-05-22 18:30:24] рол Боец 7: 1 урона от Лучник. HP 8/70
[2026-05-22 18:30:24] рол Боец 7: 1 урона от Лучник. HP 7/70
[2026-05-22 18:30:25] дло Боец 7: 1 урона от Сильный боец. HP 64/70
[2026-05-22 18:30:25] Unknown Боец 11: 1 урона от Лучник. HP 32/60
[2026-05-22 18:30:25] Unknown Боец 11: 1 урона от Лучник. HP 31/60
[2026-05-22 18:30:25] Unknown Боец 13: 1 урона от Лучник. HP 48/60
[2026-05-22 18:30:25] рол Боец 7: 1 урона от Лучник. HP 6/70
[2026-05-22 18:30:25] рол Боец 7: 1 урона от Лучник. HP 5/70
[2026-05-22 18:30:25] Unknown Боец 11: 1 урона от Лучник. HP 30/60
[2026-05-22 18:30:25] рол Боец 7: 1 урона от Лучник. HP 4/70
[2026-05-22 18:30:25] рол Боец 7: 1 урона от Лучник. HP 3/70
[2026-05-22 18:30:25] рол Боец 7: 1 урона от Лучник. HP 2/70
[2026-05-22 18:30:25] рол Боец 7: 1 урона от Лучник. HP 1/70
[2026-05-22 18:30:25] Unknown Боец 11: 1 урона от Лучник. HP 29/60
[2026-05-22 18:30:25] рол Боец 7: 1 урона от Лучник. HP 0/70
[2026-05-22 18:30:25] рол Боец 7 убит Лучник
[2026-05-22 18:30:25] Unknown Боец 11: 1 урона от Лучник. HP 28/60
[2026-05-22 18:30:25] дло Боец 7: 1 урона от Сильный боец. HP 63/70
[2026-05-22 18:30:25] Unknown Боец 11: 1 урона от Лучник. HP 27/60
[2026-05-22 18:30:25] Unknown Боец 11: 1 урона от Лучник. HP 26/60
[2026-05-22 18:30:25] Unknown Боец 11: 1 урона от Лучник. HP 25/60
[2026-05-22 18:30:25] Unknown Боец 13: 1 урона от Лучник. HP 47/60
[2026-05-22 18:30:25] Unknown Боец 11: 1 урона от Лучник. HP 24/60
[2026-05-22 18:30:25] Unknown Боец 11: 1 урона от Лучник. HP 23/60
[2026-05-22 18:30:25] Unknown Боец 11: 1 урона от Лучник. HP 22/60
[2026-05-22 18:30:25] Unknown Боец 11: 1 урона от Лучник. HP 21/60
[2026-05-22 18:30:25] Unknown Боец 11: 1 урона от Лучник. HP 20/60
[2026-05-22 18:30:25] Unknown Боец 11: 1 урона от Лучник. HP 19/60
[2026-05-22 18:30:25] Unknown Боец 11: 1 урона от Лучник. HP 18/60
[2026-05-22 18:30:25] Unknown Боец 11: 1 урона от Лучник. HP 17/60
[2026-05-22 18:30:25] Unknown Боец 11: 1 урона от Лучник. HP 16/60
[2026-05-22 18:30:25] Unknown Боец 11: 1 урона от Лучник. HP 15/60
[2026-05-22 18:30:25] дло Боец 7: 1 урона от Сильный боец. HP 62/70
[2026-05-22 18:30:25] Unknown Боец 11: 1 урона от Лучник. HP 14/60
[2026-05-22 18:30:25] Unknown Боец 13: 1 урона от Лучник. HP 46/60
[2026-05-22 18:30:25] Unknown Боец 11: 1 урона от Лучник. HP 13/60
[2026-05-22 18:30:26] Unknown Боец 11: 1 урона от Лучник. HP 12/60
[2026-05-22 18:30:26] Unknown Боец 11: 1 урона от Лучник. HP 11/60
[2026-05-22 18:30:26] Unknown Боец 13: 1 урона от Лучник. HP 45/60
[2026-05-22 18:30:26] Unknown Боец 13: 1 урона от Лучник. HP 44/60
[2026-05-22 18:30:26] Unknown Боец 11: 1 урона от Лучник. HP 10/60
[2026-05-22 18:30:26] Unknown Боец 11: 1 урона от Лучник. HP 9/60
[2026-05-22 18:30:26] Unknown Боец 13: 1 урона от Лучник. HP 43/60
[2026-05-22 18:30:26] Unknown Боец 11: 1 урона от Лучник. HP 8/60
[2026-05-22 18:30:26] Unknown Боец 11: 1 урона от Лучник. HP 7/60
[2026-05-22 18:30:26] Unknown Боец 13: 1 урона от Лучник. HP 42/60
[2026-05-22 18:30:26] Unknown Боец 11: 1 урона от Лучник. HP 6/60
[2026-05-22 18:30:26] Unknown Боец 11: 1 урона от Лучник. HP 5/60
[2026-05-22 18:30:26] дло Боец 7: 1 урона от Сильный боец. HP 61/70
[2026-05-22 18:30:26] Unknown Боец 11: 1 урона от Лучник. HP 4/60
[2026-05-22 18:30:26] Unknown Боец 11: 1 урона от Лучник. HP 3/60
[2026-05-22 18:30:26] Unknown Боец 11: 1 урона от Лучник. HP 2/60
[2026-05-22 18:30:26] Unknown Боец 11: 1 урона от Лучник. HP 1/60
[2026-05-22 18:30:26] Unknown Боец 11: 1 урона от Лучник. HP 0/60
[2026-05-22 18:30:26] Unknown Боец 11 убит Лучник
[2026-05-22 18:30:26] Unknown Боец 13: 1 урона от Лучник. HP 41/60
[2026-05-22 18:30:26] Unknown Боец 13: 1 урона от Лучник. HP 40/60
[2026-05-22 18:30:26] Unknown Боец 13: 1 урона от Лучник. HP 39/60
[2026-05-22 18:30:26] Unknown Боец 13: 1 урона от Лучник. HP 38/60
[2026-05-22 18:30:26] Unknown Боец 13: 1 урона от Лучник. HP 37/60
[2026-05-22 18:30:26] Unknown Боец 13: 1 урона от Лучник. HP 36/60
[2026-05-22 18:30:26] Unknown Боец 13: 1 урона от Лучник. HP 35/60
[2026-05-22 18:30:26] Unknown Боец 13: 1 урона от Лучник. HP 34/60
[2026-05-22 18:30:26] Unknown Боец 13: 1 урона от Лучник. HP 33/60
[2026-05-22 18:30:26] Unknown Боец 13: 1 урона от Лучник. HP 32/60
[2026-05-22 18:30:26] дло Боец 7: 1 урона от Сильный боец. HP 60/70
[2026-05-22 18:30:26] Unknown Боец 13: 1 урона от Лучник. HP 31/60
[2026-05-22 18:30:26] Unknown Боец 13: 1 урона от Лучник. HP 30/60
[2026-05-22 18:30:26] Unknown Боец 13: 1 урона от Лучник. HP 29/60
[2026-05-22 18:30:26] Unknown Боец 13: 1 урона от Лучник. HP 28/60
[2026-05-22 18:30:26] Unknown Боец 13: 1 урона от Лучник. HP 27/60
[2026-05-22 18:30:26] Unknown Боец 13: 1 урона от Лучник. HP 26/60
[2026-05-22 18:30:26] Unknown Боец 13: 1 урона от Лучник. HP 25/60
[2026-05-22 18:30:26] Unknown Боец 13: 1 урона от Лучник. HP 24/60
[2026-05-22 18:30:26] Unknown Боец 13: 1 урона от Лучник. HP 23/60
[2026-05-22 18:30:26] Unknown Боец 13: 1 урона от Лучник. HP 22/60
[2026-05-22 18:30:26] Unknown Боец 13: 1 урона от Лучник. HP 21/60
[2026-05-22 18:30:26] Unknown Боец 13: 1 урона от Лучник. HP 20/60
[2026-05-22 18:30:26] Unknown Боец 13: 1 урона от Лучник. HP 19/60
[2026-05-22 18:30:26] Unknown Боец 13: 1 урона от Лучник. HP 18/60
[2026-05-22 18:30:26] Unknown Боец 13: 1 урона от Лучник. HP 17/60
[2026-05-22 18:30:27] дло Боец 7: 1 урона от Сильный боец. HP 59/70
[2026-05-22 18:30:27] Unknown Боец 13: 1 урона от Лучник. HP 16/60
[2026-05-22 18:30:27] Unknown Боец 13: 1 урона от Лучник. HP 15/60
[2026-05-22 18:30:27] Unknown Боец 13: 1 урона от Лучник. HP 14/60
[2026-05-22 18:30:27] Unknown Боец 13: 1 урона от Лучник. HP 13/60
[2026-05-22 18:30:27] Unknown Боец 13: 1 урона от Лучник. HP 12/60
[2026-05-22 18:30:27] Unknown Боец 13: 1 урона от Лучник. HP 11/60
[2026-05-22 18:30:27] Unknown Боец 13: 1 урона от Лучник. HP 10/60
[2026-05-22 18:30:27] Unknown Боец 13: 1 урона от Лучник. HP 9/60
[2026-05-22 18:30:27] Unknown Боец 13: 1 урона от Лучник. HP 8/60
[2026-05-22 18:30:27] Unknown Боец 13: 1 урона от Лучник. HP 7/60
[2026-05-22 18:30:27] Unknown Боец 13: 1 урона от Лучник. HP 6/60
[2026-05-22 18:30:27] Unknown Боец 13: 1 урона от Лучник. HP 5/60
[2026-05-22 18:30:27] Unknown Боец 13: 1 урона от Лучник. HP 4/60
[2026-05-22 18:30:27] Unknown Боец 13: 1 урона от Лучник. HP 3/60
[2026-05-22 18:30:27] Unknown Боец 13: 1 урона от Лучник. HP 2/60
[2026-05-22 18:30:27] дло Боец 7: 1 урона от Сильный боец. HP 58/70
[2026-05-22 18:30:27] Unknown Боец 13: 1 урона от Лучник. HP 1/60
[2026-05-22 18:30:27] Unknown Боец 13: 1 урона от Лучник. HP 0/60
[2026-05-22 18:30:27] Unknown Боец 13 убит Лучник
[2026-05-22 18:31:58] Красная 1 Боец 1: 3 урона от Маг. HP 19/22
[2026-05-22 18:31:58] Синяя 1 Боец 1: 3 урона от Маг. HP 19/22
[2026-05-22 18:31:58] Красная 1 Боец 4: 1 урона от Лучник. HP 69/70
[2026-05-22 18:32:03] Красная 1 Боец 1: 3 урона от Маг. HP 16/22
[2026-05-22 18:32:03] Синяя 1 Боец 1: 3 урона от Маг. HP 16/22
[2026-05-22 18:32:03] Красная 1 Боец 1: 8 урона от Лучник. HP 8/22
[2026-05-22 18:32:03] Красная 1 Боец 1: 8 урона от Лучник. HP 0/22
[2026-05-22 18:32:03] Красная 1 Боец 1 убит Лучник
[2026-05-22 18:32:03] Красная 1 Боец 3: 8 урона от Лучник. HP 14/22
[2026-05-22 18:32:03] Красная 1 Боец 5: 4 урона от Лучник. HP 21/25
[2026-05-28 14:16:36] прпр Боец 1: 1 урона от Слабый боец. HP 99/100
[2026-05-28 14:16:36] прпр Боец 1: 1 урона от Лучник. HP 98/100
[2026-05-28 14:17:27] прпр Боец 1: 1 урона от Слабый боец. HP 97/100
[2026-05-28 14:17:27] прпр Боец 1: 1 урона от Лучник. HP 96/100
[2026-05-28 14:17:28] прпр Боец 1: 1 урона от Слабый боец. HP 95/100
[2026-05-28 14:17:28] прпр Боец 5: 4 урона от Лучник. HP 21/25
[2026-05-28 14:17:48] прпр Боец 1: 1 урона от Слабый боец. HP 94/100
[2026-05-28 14:17:48] прпр Боец 1: 1 урона от Слабый боец. HP 93/100
[2026-05-28 14:17:48] прпр Боец 1: 1 урона от Слабый боец. HP 92/100
[2026-05-28 14:17:49] прпр Боец 1: 1 урона от Слабый боец. HP 99/100
[2026-05-28 14:17:49] прпр Боец 1: 1 урона от Слабый боец. HP 99/100
[2026-05-28 14:17:49] прпр Боец 1: 1 урона от Слабый боец. HP 98/100
[2026-05-28 14:17:49] прпр Боец 1: 1 урона от Лучник. HP 97/100
[2026-05-28 14:17:49] прпр Боец 1: 1 урона от Слабый боец. HP 96/100
[2026-05-28 14:17:49] прпр Боец 1: 1 урона от Слабый боец. HP 95/100
[2026-05-28 14:17:49] прпр Боец 1: 1 урона от Лучник. HP 94/100
[2026-05-28 14:17:49] прпр Боец 1: 1 урона от Слабый боец. HP 93/100
[2026-05-28 14:17:50] прпр Боец 1: 1 урона от Слабый боец. HP 92/100
[2026-05-28 14:17:50] прпр Боец 1: 1 урона от Лучник. HP 91/100
[2026-05-28 14:17:50] прпр Боец 1: 1 урона от Слабый боец. HP 90/100
[2026-05-28 14:17:50] прпр Боец 1: 1 урона от Слабый боец. HP 89/100
[2026-05-28 14:17:50] прпр Боец 1: 1 урона от Слабый боец. HP 88/100
[2026-05-28 14:17:50] прпр Боец 1: 1 урона от Слабый боец. HP 87/100
[2026-05-28 14:17:50] прпр Боец 1: 1 урона от Лучник. HP 86/100
[2026-05-28 14:17:50] прпр Боец 1: 1 урона от Слабый боец. HP 85/100
[2026-05-28 14:17:50] прпр Боец 3: 1 урона от Лучник. HP 69/70
[2026-05-28 14:17:51] прпр Боец 1: 1 урона от Слабый боец. HP 84/100
[2026-05-28 14:17:51] прпр Боец 1: 1 урона от Слабый боец. HP 83/100
[2026-05-28 14:17:51] прпр Боец 1: 1 урона от Слабый боец. HP 82/100
[2026-05-28 14:17:52] прпр Боец 1: 1 урона от Слабый боец. HP 81/100
[2026-05-28 14:17:52] прпр Боец 1: 1 урона от Слабый боец. HP 80/100
[2026-05-28 14:17:52] прпр Боец 1: 1 урона от Лучник. HP 79/100
[2026-05-28 14:17:52] прпр Боец 1: 1 урона от Слабый боец. HP 78/100
[2026-05-28 14:17:53] прпр Боец 1: 1 урона от Слабый боец. HP 77/100
[2026-05-28 14:17:53] прпр Боец 1: 1 урона от Слабый боец. HP 76/100
[2026-05-28 14:17:53] прпр Боец 1: 1 урона от Слабый боец. HP 75/100
[2026-05-28 14:17:53] прпр Боец 1: 1 урона от Лучник. HP 74/100
[2026-05-28 14:17:53] прпр Боец 1: 1 урона от Слабый боец. HP 73/100
[2026-05-28 14:17:54] прпр Боец 1: 1 урона от Слабый боец. HP 72/100
[2026-05-28 14:17:54] прпр Боец 1: 1 урона от Слабый боец. HP 71/100
[2026-05-28 14:17:54] прпр Боец 1: 1 урона от Слабый боец. HP 70/100
[2026-05-28 14:17:54] прпр Боец 1: 1 урона от Слабый боец. HP 69/100
[2026-05-28 14:17:55] прпр Боец 1: 1 урона от Слабый боец. HP 68/100
[2026-05-28 14:17:55] прпр Боец 1: 1 урона от Слабый боец. HP 67/100
[2026-05-28 14:17:55] прпр Боец 3: 1 урона от Лучник. HP 68/70
[2026-05-28 14:17:55] прпр Боец 1: 1 урона от Слабый боец. HP 66/100
[2026-05-28 14:17:56] прпр Боец 1: 1 урона от Слабый боец. HP 65/100
[2026-05-28 14:17:56] прпр Боец 1: 1 урона от Слабый боец. HP 64/100
[2026-05-28 14:17:56] прпр Боец 1: 1 урона от Слабый боец. HP 63/100
[2026-05-28 14:17:56] прпр Боец 5: 4 урона от Лучник. HP 21/25
[2026-05-28 14:17:57] прпр Боец 1: 1 урона от Слабый боец. HP 62/100
[2026-05-28 14:17:57] прпр Боец 3: 1 урона от Лучник. HP 67/70
[2026-05-28 14:17:57] прпр Боец 1: 1 урона от Слабый боец. HP 61/100
[2026-05-28 14:18:49] длы Боец 1: 2 урона от Слабый боец. HP 23/25
[2026-05-28 14:18:49] шгы Боец 1: 2 урона от Слабый боец. HP 23/25
[2026-05-28 14:18:49] шгы Боец 1: 4 урона от Лучник. HP 19/25
[2026-05-28 14:18:49] шгы Боец 8: 4 урона от Лучник. HP 21/25
[2026-05-28 14:18:49] длы Боец 11: 1 урона от Лучник. HP 69/70
[2026-05-28 14:19:00] длы Боец 1: 2 урона от Слабый боец. HP 21/25
[2026-05-28 14:19:00] шгы Боец 1: 2 урона от Слабый боец. HP 17/25
[2026-05-28 14:19:00] шгы Боец 1: 4 урона от Лучник. HP 13/25
[2026-05-28 14:19:00] шгы Боец 3: 10 урона от Лучник. HP 5/15
[2026-05-28 14:19:00] шгы Боец 7: 1 урона от Лучник. HP 59/60
[2026-05-28 14:19:00] шгы Боец 6: 1 урона от Лучник. HP 69/70
[2026-05-28 14:19:00] длы Боец 4: 4 урона от Лучник. HP 21/25
[2026-05-28 14:19:07] длы Боец 1: 2 урона от Слабый боец. HP 19/25
[2026-05-28 14:19:07] шгы Боец 1: 2 урона от Слабый боец. HP 11/25
[2026-05-28 14:19:07] шгы Боец 4: 8 урона от Лучник. HP 14/22
[2026-05-28 14:19:07] шгы Боец 6: 1 урона от Лучник. HP 68/70
[2026-05-28 14:19:07] шгы Боец 13: 4 урона от Лучник. HP 21/25
[2026-05-28 14:19:07] шгы Боец 5: 1 урона от Лучник. HP 59/60
[2026-05-28 14:19:07] длы Боец 1: 4 урона от Лучник. HP 15/25
[2026-05-28 14:29:35] jik Боец 1: 1 урона от Слабый боец. HP 69/70
[2026-05-28 14:29:35] unm Боец 1: 4 урона от Лучник. HP 21/25
[2026-05-28 14:29:35] jik Боец 2: 9 урона от Лучник. HP 9/18
[2026-05-28 14:29:56] jik Боец 1: 1 урона от Слабый боец. HP 68/70
[2026-05-28 14:29:56] unm Боец 6: 1 урона от Лучник. HP 69/70
[2026-05-28 14:29:56] jik Боец 3: 4 урона от Лучник. HP 21/25
[2026-05-28 14:29:57] jik Боец 1: 1 урона от Слабый боец. HP 69/70
[2026-05-28 14:29:57] unm Боец 1: 4 урона от Лучник. HP 21/25
[2026-05-28 14:29:57] jik Боец 1: 1 урона от Лучник. HP 68/70
[2026-05-28 14:29:57] jik Боец 7: 1 урона от Лучник. HP 69/70
[2026-05-28 14:29:58] jik Боец 1: 1 урона от Слабый боец. HP 67/70
[2026-05-28 14:29:58] unm Боец 1: 4 урона от Лучник. HP 21/25
[2026-05-28 14:29:58] jik Боец 1: 1 урона от Лучник. HP 66/70
[2026-05-28 14:29:58] jik Боец 5: 10 урона от Лучник. HP 5/15
[2026-05-28 14:30:05] jik Боец 1: 1 урона от Слабый боец. HP 69/70
[2026-05-28 14:30:05] unm Боец 1: 4 урона от Лучник. HP 21/25
[2026-05-28 14:30:05] jik Боец 1: 1 урона от Лучник. HP 68/70
[2026-05-28 14:30:05] jik Боец 3: 4 урона от Лучник. HP 17/25
[2026-05-28 14:30:05] jik Боец 1: 1 урона от Слабый боец. HP 67/70
[2026-05-28 14:30:05] unm Боец 1: 4 урона от Лучник. HP 21/25
[2026-05-28 14:30:05] jik Боец 1: 1 урона от Лучник. HP 66/70
[2026-05-28 14:30:05] jik Боец 5: 10 урона от Лучник. HP 5/15
[2026-05-28 14:30:10] jik Боец 1: 1 урона от Слабый боец. HP 65/70
[2026-05-28 14:30:10] jik Боец 2: 2 урона от Лучник. HP 16/18
[2026-05-28 14:30:10] unm Боец 2: 2 урона от Лучник. HP 16/18
[2026-05-28 14:30:10] jik Боец 3: 1 урона от Лучник. HP 24/25
[2026-05-28 14:30:16] jik Боец 1: 1 урона от Слабый боец. HP 65/70
[2026-05-28 14:30:16] jik Боец 2: 2 урона от Лучник. HP 16/18
[2026-05-28 14:30:16] unm Боец 2: 2 урона от Лучник. HP 16/18
[2026-05-28 14:30:16] jik Боец 3: 1 урона от Лучник. HP 24/25
[2026-05-28 14:30:21] jik Боец 1: 1 урона от Слабый боец. HP 69/70
[2026-05-28 14:30:21] unm Боец 2: 2 урона от Лучник. HP 14/18
[2026-05-28 14:30:21] jik Боец 2: 2 урона от Лучник. HP 14/18
[2026-05-28 14:30:21] jik Боец 3: 1 урона от Лучник. HP 23/25
[2026-05-28 14:30:21] jik Боец 4: 1 урона от Лучник. HP 69/70
[2026-05-28 14:30:21] unm Боец 3: 1 урона от Лекарь. HP 14/15
[2026-05-28 14:30:21] jik Боец 5: 1 урона от Лекарь. HP 4/15
[2026-05-28 14:30:21] jik Боец 6: 1 урона от Маг. HP 69/70
[2026-05-28 14:30:21] jik Боец 7: 1 урона от Сильный боец. HP 68/70
[2026-05-28 14:30:21] unm Боец 6: 1 урона от Слабый боец. HP 68/70
[2026-05-28 14:30:21] jik Боец 7: 1 урона от Лучник. HP 67/70
[2026-05-28 14:30:21] jik Боец 4: 1 урона от Лучник. HP 68/70
[2026-05-28 14:30:21] jik Боец 1: 1 урона от Лучник. HP 68/70
[2026-05-28 14:39:04] дльбь Боец 1: 1 урона от Слабый боец. HP 59/60
[2026-05-28 14:39:04] вапь Боец 1: 12 урона от Сильный боец. HP 13/25
[2026-05-28 14:39:04] вапь Боец 4: 8 урона от Лучник. HP 14/22
[2026-05-28 14:39:04] дльбь Боец 1: 1 урона от Лучник. HP 58/60
[2026-05-28 14:39:35] дльбь Боец 1: 1 урона от Слабый боец. HP 57/60
[2026-05-28 14:39:35] вапь Боец 1: 12 урона от Сильный боец. HP 1/25
[2026-05-28 14:39:35] вапь Боец 3: 10 урона от Лучник. HP 5/15
[2026-05-28 14:39:35] дльбь Боец 1: 1 урона от Лучник. HP 56/60
[2026-05-28 14:40:12] дльбь Боец 1: 1 урона от Слабый боец. HP 55/60
[2026-05-28 14:40:12] вапь Боец 1: 12 урона от Сильный боец. HP 0/25
[2026-05-28 14:40:12] вапь Боец 1 убит Сильный боец
[2026-05-28 14:40:12] вапь Боец 5: 1 урона от Лучник. HP 59/60
[2026-05-28 14:40:13] дльбь Боец 1: 1 урона от Лучник. HP 54/60
[2026-05-28 14:40:13] вапь Боец 2: 17 урона от Сильный боец. HP 1/18
[2026-05-28 14:40:13] вапь Боец 2: 9 урона от Лучник. HP 0/18
[2026-05-28 14:40:13] вапь Боец 2 убит Лучник
[2026-05-28 14:40:14] дльбь Боец 1: 1 урона от Лекарь. HP 53/60
[2026-05-28 14:40:14] вапь Боец 3: 18 урона от Сильный боец. HP 0/15
[2026-05-28 14:40:14] вапь Боец 3 убит Сильный боец
[2026-05-28 14:40:14] вапь Боец 4: 8 урона от Лучник. HP 14/22
[2026-05-28 14:40:20] дльбь Боец 1: 1 урона от Маг. HP 52/60
[2026-05-28 14:40:20] вапь Боец 4: 16 урона от Сильный боец. HP 0/22
[2026-05-28 14:40:20] вапь Боец 4 убит Сильный боец
[2026-05-28 14:40:20] вапь Боец 5: 1 урона от Слабый боец. HP 58/60
[2026-05-28 14:40:20] дльбь Боец 2: 12 урона от Сильный боец. HP 13/25
[2026-05-28 14:40:20] вапь Боец 6: 1 урона от Сильный боец. HP 69/70
[2026-05-28 14:40:20] вапь Боец 7: 12 урона от Сильный боец. HP 13/25
[2026-05-28 14:40:20] дльбь Боец 4: 1 урона от Слабый боец. HP 59/60
[2026-05-28 14:40:20] дльбь Боец 5: 12 урона от Сильный боец. HP 13/25
[2026-05-28 14:40:20] вапь Боец 8: 1 урона от Слабый боец. HP 59/60
[2026-05-28 14:40:20] дльбь Боец 6: 7 урона от Слабый боец. HP 11/18
[2026-05-28 14:40:20] вапь Боец 9: 1 урона от Лучник. HP 24/25
[2026-05-28 14:40:20] вапь Боец 10: 5 урона от Сильный боец. HP 55/60
[2026-05-28 14:40:20] дльбь Боец 7: 5 урона от Сильный боец. HP 55/60
[2026-05-28 14:40:41] вапь Боец 4: 16 урона от Сильный боец. HP 0/22
[2026-05-28 14:40:41] вапь Боец 4 убит Сильный боец
[2026-05-28 14:40:41] вапь Боец 5: 1 урона от Слабый боец. HP 58/60
[2026-05-28 14:40:41] дльбь Боец 2: 12 урона от Сильный боец. HP 13/25
[2026-05-28 14:40:41] вапь Боец 6: 1 урона от Сильный боец. HP 69/70
[2026-05-28 14:40:41] дльбь Боец 4: 1 урона от Слабый боец. HP 59/60
[2026-05-28 14:40:41] вапь Боец 7: 12 урона от Сильный боец. HP 13/25
[2026-05-28 14:40:41] вапь Боец 8: 1 урона от Слабый боец. HP 59/60
[2026-05-28 14:40:41] дльбь Боец 5: 12 урона от Сильный боец. HP 13/25
[2026-05-28 14:40:41] дльбь Боец 6: 7 урона от Слабый боец. HP 11/18
[2026-05-28 14:40:41] вапь Боец 9: 1 урона от Лучник. HP 24/25
[2026-05-28 14:40:41] дльбь Боец 7: 5 урона от Сильный боец. HP 55/60
[2026-05-28 14:40:41] вапь Боец 10: 5 урона от Сильный боец. HP 55/60
[2026-05-28 14:40:47] вапь Боец 5: 5 урона от Сильный боец. HP 53/60
[2026-05-28 14:40:47] дльбь Боец 1: 5 урона от Сильный боец. HP 48/60
[2026-05-28 14:40:47] вапь Боец 6: 1 урона от Слабый боец. HP 68/70
[2026-05-28 14:40:47] дльбь Боец 3: 1 урона от Слабый боец. HP 59/60
[2026-05-28 14:40:47] вапь Боец 7: 12 урона от Сильный боец. HP 1/25
[2026-05-28 14:40:47] дльбь Боец 4: 5 урона от Сильный боец. HP 54/60
[2026-05-28 14:40:47] вапь Боец 8: 5 урона от Сильный боец. HP 54/60
[2026-05-28 14:40:47] вапь Боец 9: 2 урона от Слабый боец. HP 22/25
[2026-05-28 14:40:47] дльбь Боец 5: 2 урона от Слабый боец. HP 11/25
[2026-05-28 14:40:47] дльбь Боец 6: 17 урона от Сильный боец. HP 0/18
[2026-05-28 14:40:47] дльбь Боец 6 убит Сильный боец
[2026-05-28 14:40:51] вапь Боец 5: 5 урона от Сильный боец. HP 48/60
[2026-05-28 14:40:51] дльбь Боец 1: 5 урона от Сильный боец. HP 43/60
[2026-05-28 14:40:51] вапь Боец 6: 1 урона от Слабый боец. HP 67/70
[2026-05-28 14:40:51] вапь Боец 7: 12 урона от Сильный боец. HP 0/25
[2026-05-28 14:40:51] вапь Боец 7 убит Сильный боец
[2026-05-28 14:40:51] вапь Боец 8: 5 урона от Сильный боец. HP 49/60
[2026-05-28 14:40:51] дльбь Боец 4: 5 урона от Сильный боец. HP 49/60
[2026-05-28 14:40:51] дльбь Боец 5: 2 урона от Слабый боец. HP 9/25
[2026-05-28 14:40:51] вапь Боец 9: 2 урона от Слабый боец. HP 20/25
[2026-05-28 14:40:51] дльбь Боец 7: 5 урона от Сильный боец. HP 50/60
[2026-05-28 14:40:51] вапь Боец 10: 5 урона от Сильный боец. HP 50/60
[2026-05-28 14:41:44] 5678 Боец 1: 1 урона от Лекарь. HP 69/70
[2026-05-28 14:41:44] 5678 Боец 3: 8 урона от Лучник. HP 14/22
[2026-05-28 14:41:44] 5678 Боец 2: 9 урона от Лучник. HP 9/18
[2026-05-28 14:41:44] 1234 Боец 5: 1 урона от Лучник. HP 69/70
[2026-05-28 14:41:44] 1234 Боец 1: 10 урона от Лучник. HP 5/15
[2026-05-28 14:41:45] 5678 Боец 1: 1 урона от Лекарь. HP 68/70
[2026-05-28 14:41:45] 5678 Боец 2: 9 урона от Лучник. HP 0/18
[2026-05-28 14:41:45] 5678 Боец 2 убит Лучник
[2026-05-28 14:41:45] 5678 Боец 1: 1 урона от Лучник. HP 67/70
[2026-05-28 14:41:45] 1234 Боец 1: 10 урона от Лучник. HP 5/15
[2026-05-28 14:41:45] 1234 Боец 1: 5 урона от Маг. HP 0/15
[2026-05-28 14:41:45] 1234 Боец 1 убит Маг
[2026-05-28 14:41:45] 5678 Боец 1: 1 урона от Лучник. HP 66/70
[2026-05-28 14:41:45] 5678 Боец 1: 1 урона от Лучник. HP 65/70
[2026-05-28 14:41:45] 1234 Боец 2: 1 урона от Лучник. HP 69/70
[2026-05-28 14:41:49] 1234 Боец 3: 4 урона от Маг. HP 14/18
[2026-05-28 14:41:49] 5678 Боец 3: 1 урона от Лучник. HP 13/22
[2026-05-28 14:41:49] 5678 Боец 4: 1 урона от Лучник. HP 69/70
[2026-05-28 14:41:50] 1234 Боец 2: 1 урона от Лучник. HP 69/70
[2026-05-28 14:41:50] 1234 Боец 5: 1 урона от Лучник. HP 69/70
[2026-05-28 14:41:50] 1234 Боец 3: 4 урона от Маг. HP 10/18
[2026-05-28 14:41:50] 5678 Боец 3: 1 урона от Лучник. HP 12/22
[2026-05-28 14:41:50] 5678 Боец 4: 1 урона от Лучник. HP 68/70
[2026-05-28 14:41:50] 1234 Боец 2: 1 урона от Лучник. HP 68/70
[2026-05-28 14:41:50] 1234 Боец 3: 9 урона от Лучник. HP 1/18
[2026-05-28 14:41:50] 1234 Боец 3: 4 урона от Маг. HP 0/18
[2026-05-28 14:41:50] 1234 Боец 3 убит Маг
[2026-05-28 14:41:50] 5678 Боец 4: 1 урона от Лучник. HP 67/70
[2026-05-28 14:41:50] 1234 Боец 5: 1 урона от Лучник. HP 69/70
[2026-05-28 14:41:50] 1234 Боец 2: 1 урона от Лучник. HP 69/70
[2026-05-28 14:41:50] 1234 Боец 5: 1 урона от Маг. HP 68/70
[2026-05-28 14:41:50] 5678 Боец 4: 1 урона от Лучник. HP 66/70
[2026-05-28 14:41:50] 1234 Боец 4: 9 урона от Лучник. HP 9/18
[2026-05-28 14:41:50] 1234 Боец 4: 9 урона от Лучник. HP 0/18
[2026-05-28 14:41:50] 1234 Боец 4 убит Лучник
[2026-05-28 14:41:51] 1234 Боец 5: 1 урона от Маг. HP 67/70
[2026-05-28 14:41:51] 5678 Боец 4: 1 урона от Лекарь. HP 65/70
[2026-05-28 14:41:51] 1234 Боец 2: 1 урона от Лучник. HP 69/70
[2026-05-28 14:41:51] 1234 Боец 2: 1 урона от Лучник. HP 68/70
[2026-05-28 14:41:51] 1234 Боец 5: 1 урона от Маг. HP 66/70
[2026-05-28 14:41:51] 5678 Боец 4: 1 урона от Лекарь. HP 64/70
[2026-05-28 14:41:51] 1234 Боец 2: 1 урона от Лучник. HP 67/70
[2026-05-28 14:41:51] 1234 Боец 2: 1 урона от Лучник. HP 66/70
[2026-05-28 14:41:51] 1234 Боец 5: 1 урона от Маг. HP 65/70
[2026-05-28 14:41:51] 5678 Боец 4: 1 урона от Лекарь. HP 63/70
[2026-05-28 14:41:51] 1234 Боец 5: 1 урона от Лучник. HP 64/70
[2026-05-28 14:41:51] 1234 Боец 6: 10 урона от Лучник. HP 5/15
[2026-05-28 14:41:52] 1234 Боец 5: 1 урона от Маг. HP 63/70
[2026-05-28 14:41:52] 5678 Боец 4: 1 урона от Лекарь. HP 62/70
[2026-05-28 14:41:52] 1234 Боец 6: 10 урона от Лучник. HP 0/15
[2026-05-28 14:41:52] 1234 Боец 6 убит Лучник
[2026-05-28 14:41:52] 1234 Боец 5: 1 урона от Лучник. HP 62/70
[2026-05-28 14:41:52] 1234 Боец 5: 1 урона от Маг. HP 61/70
[2026-05-28 14:41:52] 1234 Боец 2: 1 урона от Лучник. HP 65/70
[2026-05-28 14:41:52] 1234 Боец 2: 1 урона от Лучник. HP 64/70
[2026-05-28 14:41:52] 1234 Боец 5: 1 урона от Маг. HP 60/70
[2026-05-28 14:41:52] 1234 Боец 5: 1 урона от Лучник. HP 59/70
[2026-05-28 14:41:52] 1234 Боец 2: 1 урона от Лучник. HP 63/70
[2026-05-28 14:41:52] 1234 Боец 5: 1 урона от Маг. HP 58/70
[2026-05-28 14:41:52] 1234 Боец 2: 1 урона от Лучник. HP 62/70
[2026-05-28 14:41:52] 1234 Боец 2: 1 урона от Лучник. HP 61/70
[2026-05-28 14:41:53] 1234 Боец 5: 1 урона от Маг. HP 57/70
[2026-05-28 14:41:53] 1234 Боец 5: 1 урона от Лучник. HP 56/70
[2026-05-28 14:41:53] 1234 Боец 5: 1 урона от Лучник. HP 55/70
[2026-05-28 14:41:53] 1234 Боец 5: 1 урона от Маг. HP 54/70
[2026-05-28 14:41:53] 1234 Боец 5: 1 урона от Лучник. HP 53/70
[2026-05-28 14:41:53] 1234 Боец 2: 1 урона от Лучник. HP 60/70
[2026-05-28 14:41:53] 1234 Боец 5: 1 урона от Маг. HP 52/70
[2026-05-28 14:41:53] 1234 Боец 2: 1 урона от Лучник. HP 59/70
[2026-05-28 14:41:53] 1234 Боец 2: 1 урона от Лучник. HP 58/70
[2026-05-28 14:41:53] 1234 Боец 5: 1 урона от Маг. HP 51/70
[2026-05-28 14:41:53] 1234 Боец 2: 1 урона от Лучник. HP 57/70
[2026-05-28 14:41:53] 1234 Боец 5: 1 урона от Лучник. HP 50/70
[2026-05-28 14:41:54] 1234 Боец 5: 1 урона от Маг. HP 49/70
[2026-05-28 14:41:54] 1234 Боец 2: 1 урона от Лучник. HP 56/70
[2026-05-28 14:41:54] 1234 Боец 2: 1 урона от Лучник. HP 55/70
[2026-05-28 14:41:54] 1234 Боец 5: 1 урона от Маг. HP 48/70
[2026-05-28 14:41:54] 1234 Боец 2: 1 урона от Лучник. HP 54/70
[2026-05-28 14:41:54] 1234 Боец 2: 1 урона от Лучник. HP 53/70
[2026-05-28 14:41:54] 1234 Боец 5: 1 урона от Маг. HP 47/70
[2026-05-28 14:41:54] 1234 Боец 5: 1 урона от Лучник. HP 46/70
[2026-05-28 14:41:54] 1234 Боец 5: 1 урона от Лучник. HP 45/70
[2026-05-28 14:41:55] 1234 Боец 5: 1 урона от Маг. HP 44/70
[2026-05-28 14:41:55] 1234 Боец 2: 1 урона от Лучник. HP 52/70
[2026-05-28 14:41:55] 1234 Боец 2: 1 урона от Лучник. HP 51/70
[2026-05-28 14:41:55] 1234 Боец 5: 1 урона от Маг. HP 43/70
[2026-05-28 14:41:55] 1234 Боец 2: 1 урона от Лучник. HP 50/70
[2026-05-28 14:41:55] 1234 Боец 2: 1 урона от Лучник. HP 49/70
[2026-05-28 14:41:55] 1234 Боец 5: 1 урона от Маг. HP 42/70
[2026-05-28 14:41:55] 1234 Боец 2: 1 урона от Лучник. HP 48/70
[2026-05-28 14:41:55] 1234 Боец 2: 1 урона от Лучник. HP 47/70
[2026-05-28 14:41:55] 1234 Боец 5: 1 урона от Маг. HP 41/70
[2026-05-28 14:41:55] 1234 Боец 2: 1 урона от Лучник. HP 46/70
[2026-05-28 14:41:55] 1234 Боец 5: 1 урона от Лучник. HP 40/70
[2026-05-28 14:41:56] 1234 Боец 5: 1 урона от Маг. HP 39/70
[2026-05-28 14:41:56] 1234 Боец 2: 1 урона от Лучник. HP 45/70
[2026-05-28 14:41:56] 1234 Боец 2: 1 урона от Лучник. HP 44/70
[2026-05-28 14:41:56] 1234 Боец 5: 1 урона от Маг. HP 38/70
[2026-05-28 14:41:56] 1234 Боец 5: 1 урона от Лучник. HP 37/70
[2026-05-28 14:41:56] 1234 Боец 2: 1 урона от Лучник. HP 43/70
[2026-05-28 14:41:56] 1234 Боец 5: 1 урона от Маг. HP 36/70
[2026-05-28 14:41:56] 1234 Боец 2: 1 урона от Лучник. HP 42/70
[2026-05-28 14:41:56] 1234 Боец 5: 1 урона от Лучник. HP 35/70
[2026-05-28 14:41:56] 1234 Боец 5: 1 урона от Маг. HP 34/70
[2026-05-28 14:41:56] 1234 Боец 2: 1 урона от Лучник. HP 41/70
[2026-05-28 14:41:56] 1234 Боец 5: 1 урона от Лучник. HP 33/70
[2026-05-28 14:41:57] 1234 Боец 5: 1 урона от Маг. HP 32/70
[2026-05-28 14:41:57] 1234 Боец 2: 1 урона от Лучник. HP 40/70
[2026-05-28 14:41:57] 1234 Боец 2: 1 урона от Лучник. HP 39/70
[2026-05-28 14:41:57] 1234 Боец 5: 1 урона от Маг. HP 31/70
[2026-05-28 14:41:57] 1234 Боец 2: 1 урона от Лучник. HP 38/70
[2026-05-28 14:41:57] 1234 Боец 2: 1 урона от Лучник. HP 37/70
[2026-05-28 14:41:57] 1234 Боец 5: 1 урона от Маг. HP 30/70
[2026-05-28 14:41:57] 1234 Боец 2: 1 урона от Лучник. HP 36/70
[2026-05-28 14:41:57] 1234 Боец 2: 1 урона от Лучник. HP 35/70
[2026-05-28 14:41:57] 1234 Боец 5: 1 урона от Маг. HP 29/70
[2026-05-28 14:41:57] 1234 Боец 2: 1 урона от Лучник. HP 34/70
[2026-05-28 14:41:57] 1234 Боец 2: 1 урона от Лучник. HP 33/70
[2026-05-28 14:41:58] 1234 Боец 5: 1 урона от Маг. HP 28/70
[2026-05-28 14:41:58] 1234 Боец 2: 1 урона от Лучник. HP 32/70
[2026-05-28 14:41:58] 1234 Боец 2: 1 урона от Лучник. HP 31/70
[2026-05-28 14:41:58] 1234 Боец 5: 1 урона от Маг. HP 27/70
[2026-05-28 14:41:58] 1234 Боец 5: 1 урона от Лучник. HP 26/70
[2026-05-28 14:41:58] 1234 Боец 2: 1 урона от Лучник. HP 30/70
[2026-05-28 14:41:58] 1234 Боец 5: 1 урона от Маг. HP 25/70
[2026-05-28 14:41:58] 1234 Боец 2: 1 урона от Лучник. HP 29/70
[2026-05-28 14:41:58] 1234 Боец 5: 1 урона от Лучник. HP 24/70
[2026-05-28 14:41:58] 1234 Боец 5: 1 урона от Маг. HP 23/70
[2026-05-28 14:41:58] 1234 Боец 2: 1 урона от Лучник. HP 28/70
[2026-05-28 14:41:58] 1234 Боец 5: 1 урона от Лучник. HP 22/70
[2026-05-28 14:41:59] 1234 Боец 5: 1 урона от Маг. HP 21/70
[2026-05-28 14:41:59] 1234 Боец 2: 1 урона от Лучник. HP 27/70
[2026-05-28 14:41:59] 1234 Боец 2: 1 урона от Лучник. HP 26/70
[2026-05-28 14:41:59] 1234 Боец 5: 1 урона от Маг. HP 20/70
[2026-05-28 14:41:59] 1234 Боец 2: 1 урона от Лучник. HP 25/70
[2026-05-28 14:41:59] 1234 Боец 5: 1 урона от Лучник. HP 19/70
[2026-05-28 14:41:59] 1234 Боец 5: 1 урона от Маг. HP 18/70
[2026-05-28 14:41:59] 1234 Боец 2: 1 урона от Лучник. HP 24/70
[2026-05-28 14:41:59] 1234 Боец 2: 1 урона от Лучник. HP 23/70
[2026-05-28 14:42:00] 1234 Боец 5: 1 урона от Маг. HP 17/70
[2026-05-28 14:42:00] 1234 Боец 2: 1 урона от Лучник. HP 22/70
[2026-05-28 14:42:00] 1234 Боец 5: 1 урона от Лучник. HP 16/70
[2026-05-28 14:42:00] 1234 Боец 5: 1 урона от Маг. HP 15/70
[2026-05-28 14:42:00] 1234 Боец 2: 1 урона от Лучник. HP 21/70
[2026-05-28 14:42:00] 1234 Боец 2: 1 урона от Лучник. HP 20/70
[2026-05-28 14:42:00] 1234 Боец 5: 1 урона от Маг. HP 14/70
[2026-05-28 14:42:00] 1234 Боец 2: 1 урона от Лучник. HP 19/70
[2026-05-28 14:42:00] 1234 Боец 5: 1 урона от Лучник. HP 13/70
[2026-05-28 14:42:00] 1234 Боец 5: 1 урона от Маг. HP 12/70
[2026-05-28 14:42:00] 1234 Боец 2: 1 урона от Лучник. HP 18/70
[2026-05-28 14:42:00] 1234 Боец 2: 1 урона от Лучник. HP 17/70
[2026-05-28 14:42:01] 1234 Боец 5: 1 урона от Маг. HP 11/70
[2026-05-28 14:42:01] 1234 Боец 2: 1 урона от Лучник. HP 16/70
[2026-05-28 14:42:01] 1234 Боец 2: 1 урона от Лучник. HP 15/70
[2026-05-28 14:42:01] 1234 Боец 5: 1 урона от Маг. HP 10/70
[2026-05-28 14:42:01] 1234 Боец 2: 1 урона от Лучник. HP 14/70
[2026-05-28 14:42:01] 1234 Боец 5: 1 урона от Лучник. HP 9/70
[2026-05-28 14:42:01] 1234 Боец 5: 1 урона от Маг. HP 8/70
[2026-05-28 14:42:01] 1234 Боец 2: 1 урона от Лучник. HP 13/70
[2026-05-28 14:42:01] 1234 Боец 2: 1 урона от Лучник. HP 12/70
[2026-05-28 14:42:01] 1234 Боец 5: 1 урона от Маг. HP 7/70
[2026-05-28 14:42:01] 1234 Боец 2: 1 урона от Лучник. HP 11/70
[2026-05-28 14:42:01] 1234 Боец 2: 1 урона от Лучник. HP 10/70
[2026-05-28 14:42:02] 1234 Боец 5: 1 урона от Маг. HP 6/70
[2026-05-28 14:42:02] 1234 Боец 2: 1 урона от Лучник. HP 9/70
[2026-05-28 14:42:02] 1234 Боец 2: 1 урона от Лучник. HP 8/70
[2026-05-28 14:42:02] 1234 Боец 5: 1 урона от Маг. HP 5/70
[2026-05-28 14:42:02] 1234 Боец 2: 1 урона от Лучник. HP 7/70
[2026-05-28 14:42:02] 1234 Боец 2: 1 урона от Лучник. HP 6/70
[2026-05-28 14:42:02] 1234 Боец 5: 1 урона от Маг. HP 4/70
[2026-05-28 14:42:02] 1234 Боец 2: 1 урона от Лучник. HP 5/70
[2026-05-28 14:42:02] 1234 Боец 2: 1 урона от Лучник. HP 4/70
[2026-05-28 14:42:02] 1234 Боец 5: 1 урона от Маг. HP 3/70
[2026-05-28 14:42:02] 1234 Боец 5: 1 урона от Лучник. HP 2/70
[2026-05-28 14:42:02] 1234 Боец 2: 1 урона от Лучник. HP 3/70
[2026-05-28 14:42:03] 1234 Боец 5: 1 урона от Маг. HP 1/70
[2026-05-28 14:42:03] 1234 Боец 2: 1 урона от Лучник. HP 2/70
[2026-05-28 14:42:03] 1234 Боец 2: 1 урона от Лучник. HP 1/70
[2026-05-28 14:42:03] 1234 Боец 5: 1 урона от Маг. HP 0/70
[2026-05-28 14:42:03] 1234 Боец 5 убит Маг
[2026-05-28 14:42:03] 1234 Боец 2: 1 урона от Лучник. HP 0/70
[2026-05-28 14:42:03] 1234 Боец 2 убит Лучник
[2026-05-28 14:42:28] дльбь Боец 1: 5 урона от Сильный боец. HP 38/60
[2026-05-28 14:42:28] вапь Боец 5: 5 урона от Сильный боец. HP 43/60
[2026-05-28 14:43:13] го7 Боец 1: 1 урона от Маг. HP 24/25
[2026-05-28 14:43:13] еп7 Боец 1: 6 урона от Слабый боец. HP 16/22
[2026-05-28 14:43:14] го7 Боец 1: 1 урона от Маг. HP 23/25
[2026-05-28 14:43:14] еп7 Боец 1: 6 урона от Слабый боец. HP 10/22
[2026-05-28 14:43:14] го7 Боец 1: 1 урона от Маг. HP 22/25
[2026-05-28 14:43:14] еп7 Боец 1: 6 урона от Слабый боец. HP 4/22
[2026-05-28 14:43:14] го7 Боец 1: 1 урона от Маг. HP 21/25
[2026-05-28 14:43:14] еп7 Боец 1: 6 урона от Слабый боец. HP 0/22
[2026-05-28 14:43:14] еп7 Боец 1 убит Слабый боец
[2026-05-28 14:43:14] еп7 Боец 2: 1 урона от Слабый боец. HP 69/70
[2026-05-28 14:43:15] еп7 Боец 2: 1 урона от Слабый боец. HP 68/70
[2026-05-28 14:43:15] еп7 Боец 2: 1 урона от Слабый боец. HP 67/70
[2026-05-28 14:43:15] еп7 Боец 2: 1 урона от Слабый боец. HP 66/70
[2026-05-28 14:43:15] еп7 Боец 2: 1 урона от Слабый боец. HP 65/70
[2026-05-28 14:43:16] еп7 Боец 2: 1 урона от Слабый боец. HP 64/70
[2026-05-28 14:43:16] еп7 Боец 2: 1 урона от Слабый боец. HP 63/70
[2026-05-28 14:43:16] еп7 Боец 2: 1 урона от Слабый боец. HP 62/70
[2026-05-28 14:43:16] еп7 Боец 2: 1 урона от Слабый боец. HP 61/70
[2026-05-28 14:43:17] еп7 Боец 2: 1 урона от Слабый боец. HP 60/70
[2026-05-28 14:43:17] еп7 Боец 2: 1 урона от Слабый боец. HP 59/70
[2026-05-28 14:43:17] еп7 Боец 2: 1 урона от Слабый боец. HP 58/70
[2026-05-28 14:43:17] еп7 Боец 2: 1 урона от Слабый боец. HP 57/70
[2026-05-28 14:43:18] еп7 Боец 2: 1 урона от Слабый боец. HP 56/70
[2026-05-28 14:43:18] еп7 Боец 2: 1 урона от Слабый боец. HP 55/70
[2026-05-28 14:43:18] еп7 Боец 2: 1 урона от Слабый боец. HP 54/70
[2026-05-28 14:43:18] еп7 Боец 2: 1 урона от Слабый боец. HP 53/70
[2026-05-28 14:43:19] еп7 Боец 2: 1 урона от Слабый боец. HP 52/70
[2026-05-28 14:43:19] еп7 Боец 2: 1 урона от Слабый боец. HP 51/70
[2026-05-28 14:43:19] еп7 Боец 2: 1 урона от Слабый боец. HP 50/70
[2026-05-28 14:43:19] еп7 Боец 2: 1 урона от Слабый боец. HP 49/70
[2026-05-28 14:43:20] еп7 Боец 2: 1 урона от Слабый боец. HP 48/70
[2026-05-28 14:43:20] еп7 Боец 2: 1 урона от Слабый боец. HP 47/70
[2026-05-28 14:43:20] еп7 Боец 2: 1 урона от Слабый боец. HP 46/70
[2026-05-28 14:43:20] еп7 Боец 2: 1 урона от Слабый боец. HP 45/70
[2026-05-28 14:43:21] еп7 Боец 2: 1 урона от Слабый боец. HP 44/70
[2026-05-28 14:43:21] еп7 Боец 2: 1 урона от Слабый боец. HP 43/70
[2026-05-28 14:43:21] еп7 Боец 2: 1 урона от Слабый боец. HP 42/70
[2026-05-28 14:43:21] еп7 Боец 2: 1 урона от Слабый боец. HP 41/70
[2026-05-28 14:43:22] еп7 Боец 2: 1 урона от Слабый боец. HP 40/70
[2026-05-28 14:43:22] еп7 Боец 2: 1 урона от Слабый боец. HP 39/70
[2026-05-28 14:43:22] еп7 Боец 2: 1 урона от Слабый боец. HP 38/70
[2026-05-28 14:43:22] еп7 Боец 2: 1 урона от Слабый боец. HP 37/70
[2026-05-28 14:43:23] еп7 Боец 2: 1 урона от Слабый боец. HP 36/70
[2026-05-28 14:43:23] еп7 Боец 2: 1 урона от Слабый боец. HP 35/70
[2026-05-28 14:43:23] еп7 Боец 2: 1 урона от Слабый боец. HP 34/70
[2026-05-28 14:43:23] еп7 Боец 2: 1 урона от Слабый боец. HP 33/70
[2026-05-28 14:43:24] еп7 Боец 2: 1 урона от Слабый боец. HP 32/70
[2026-05-28 14:43:24] еп7 Боец 2: 1 урона от Слабый боец. HP 31/70
[2026-05-28 14:43:24] еп7 Боец 2: 1 урона от Слабый боец. HP 30/70
[2026-05-28 14:44:20] 9щ Боец 1: 1 урона от Лучник. HP 69/70
[2026-05-28 14:44:20] 8ш Боец 1: 9 урона от Лучник. HP 9/18
[2026-05-28 14:44:22] 9щ Боец 1: 1 урона от Лучник. HP 68/70
[2026-05-28 14:44:23] 9щ Боец 1: 1 урона от Лучник. HP 67/70
[2026-05-28 14:44:23] 8ш Боец 2: 10 урона от Лучник. HP 5/15
[2026-05-28 14:44:23] 9щ Боец 1: 1 урона от Лучник. HP 66/70
[2026-05-28 14:44:27] 9щ Боец 1: 1 урона от Слабый боец. HP 69/70
[2026-05-28 14:44:27] 9щ Боец 2: 8 урона от Слабый боец. HP 7/15
[2026-05-28 14:44:27] 9щ Боец 3: 1 урона от Слабый боец. HP 69/70
[2026-05-28 14:44:27] 9щ Боец 4: 9 урона от Лучник. HP 9/18
[2026-05-28 14:44:28] 9щ Боец 1: 1 урона от Слабый боец. HP 68/70
[2026-05-28 14:44:28] 9щ Боец 2: 8 урона от Слабый боец. HP 0/15
[2026-05-28 14:44:28] 9щ Боец 2 убит Слабый боец
[2026-05-28 14:44:28] 9щ Боец 3: 1 урона от Слабый боец. HP 68/70
[2026-05-28 14:44:28] 8ш Боец 6: 4 урона от Лучник. HP 21/25
[2026-05-28 14:44:28] 9щ Боец 5: 8 урона от Лучник. HP 14/22
[2026-05-28 14:44:29] 9щ Боец 1: 1 урона от Слабый боец. HP 67/70
[2026-05-28 14:44:29] 9щ Боец 3: 1 урона от Слабый боец. HP 67/70
[2026-05-28 14:44:29] 8ш Боец 1: 9 урона от Лучник. HP 0/18
[2026-05-28 14:44:29] 8ш Боец 1 убит Лучник
[2026-05-28 14:44:29] 9щ Боец 1: 1 урона от Слабый боец. HP 66/70
[2026-05-28 14:44:29] 9щ Боец 3: 1 урона от Слабый боец. HP 66/70
[2026-05-28 14:44:29] 8ш Боец 4: 8 урона от Лучник. HP 14/22
[2026-05-28 14:44:30] 9щ Боец 1: 1 урона от Слабый боец. HP 65/70
[2026-05-28 14:44:30] 9щ Боец 3: 1 урона от Слабый боец. HP 65/70
[2026-05-28 14:44:30] 9щ Боец 1: 1 урона от Слабый боец. HP 64/70
[2026-05-28 14:44:30] 9щ Боец 3: 1 урона от Слабый боец. HP 64/70
[2026-05-28 14:44:30] 9щ Боец 1: 1 урона от Слабый боец. HP 63/70
[2026-05-28 14:44:30] 9щ Боец 3: 1 урона от Слабый боец. HP 63/70
[2026-05-28 14:44:30] 8ш Боец 2: 10 урона от Лучник. HP 0/15
[2026-05-28 14:44:30] 8ш Боец 2 убит Лучник
[2026-05-28 14:44:30] 9щ Боец 1: 1 урона от Слабый боец. HP 62/70
[2026-05-28 14:44:30] 9щ Боец 3: 1 урона от Слабый боец. HP 62/70
[2026-05-28 14:44:31] 8ш Боец 5: 1 урона от Лучник. HP 69/70
[2026-05-28 14:44:31] 9щ Боец 1: 1 урона от Слабый боец. HP 61/70
[2026-05-28 14:44:31] 9щ Боец 3: 1 урона от Слабый боец. HP 61/70
[2026-05-28 14:44:31] 8ш Боец 3: 1 урона от Лучник. HP 99/100
[2026-05-28 14:44:31] 9щ Боец 1: 1 урона от Слабый боец. HP 60/70
[2026-05-28 14:44:31] 9щ Боец 3: 1 урона от Слабый боец. HP 60/70
[2026-05-28 14:44:31] 9щ Боец 1: 1 урона от Слабый боец. HP 59/70
[2026-05-28 14:44:32] 9щ Боец 3: 1 урона от Слабый боец. HP 59/70
[2026-05-28 14:44:32] 9щ Боец 1: 1 урона от Слабый боец. HP 58/70
[2026-05-28 14:44:32] 9щ Боец 3: 1 урона от Слабый боец. HP 58/70
[2026-05-28 14:44:32] 9щ Боец 1: 1 урона от Слабый боец. HP 57/70
[2026-05-28 14:44:32] 9щ Боец 3: 1 урона от Слабый боец. HP 57/70
[2026-05-28 14:44:32] 9щ Боец 1: 1 урона от Слабый боец. HP 56/70
[2026-05-28 14:44:32] 9щ Боец 3: 1 урона от Слабый боец. HP 56/70
[2026-05-28 14:44:33] 9щ Боец 1: 1 урона от Слабый боец. HP 55/70
[2026-05-28 14:44:33] 9щ Боец 3: 1 урона от Слабый боец. HP 55/70
[2026-05-28 14:44:33] 9щ Боец 1: 1 урона от Слабый боец. HP 54/70
[2026-05-28 14:44:33] 9щ Боец 3: 1 урона от Слабый боец. HP 54/70
[2026-05-28 14:44:33] 8ш Боец 3: 1 урона от Лучник. HP 98/100
[2026-05-28 14:44:33] 9щ Боец 1: 1 урона от Слабый боец. HP 53/70
[2026-05-28 14:44:33] 9щ Боец 3: 1 урона от Слабый боец. HP 53/70
[2026-05-28 14:44:34] 8ш Боец 3: 1 урона от Лучник. HP 97/100
[2026-05-28 14:44:34] 9щ Боец 1: 1 урона от Слабый боец. HP 52/70
[2026-05-28 14:44:34] 9щ Боец 3: 1 урона от Слабый боец. HP 52/70
[2026-05-28 14:44:34] 8ш Боец 5: 1 урона от Лучник. HP 68/70
[2026-05-28 14:44:34] 8ш Боец 3: 1 урона от Лучник. HP 96/100
[2026-05-28 14:44:34] 8ш Боец 3: 1 урона от Лучник. HP 95/100
[2026-05-28 14:44:34] 8ш Боец 6: 4 урона от Лучник. HP 21/25
[2026-05-28 14:44:34] 9щ Боец 1: 1 урона от Слабый боец. HP 51/70
[2026-05-28 14:44:34] 9щ Боец 3: 1 урона от Слабый боец. HP 51/70
[2026-05-28 14:44:34] 8ш Боец 3: 1 урона от Лучник. HP 94/100
[2026-05-28 14:44:34] 8ш Боец 4: 8 урона от Лучник. HP 14/22
[2026-05-28 14:44:34] 8ш Боец 3: 1 урона от Лучник. HP 93/100
[2026-05-28 14:44:34] 8ш Боец 3: 1 урона от Лучник. HP 92/100
[2026-05-28 14:44:34] 8ш Боец 4: 8 урона от Лучник. HP 6/22
[2026-05-28 14:44:34] 8ш Боец 3: 1 урона от Лучник. HP 91/100
[2026-05-28 14:44:34] 8ш Боец 3: 1 урона от Лучник. HP 90/100
[2026-05-28 14:44:34] 8ш Боец 5: 1 урона от Лучник. HP 67/70
[2026-05-28 14:44:34] 8ш Боец 3: 1 урона от Лучник. HP 89/100
[2026-05-28 14:44:34] 8ш Боец 3: 1 урона от Лучник. HP 88/100
[2026-05-28 14:44:34] 8ш Боец 3: 1 урона от Лучник. HP 87/100
[2026-05-28 14:44:34] 8ш Боец 6: 4 урона от Лучник. HP 17/25
[2026-05-28 14:44:34] 8ш Боец 3: 1 урона от Лучник. HP 86/100
[2026-05-28 14:44:34] 8ш Боец 3: 1 урона от Лучник. HP 85/100
[2026-05-28 14:44:34] 8ш Боец 3: 1 урона от Лучник. HP 84/100
[2026-05-28 14:44:34] 8ш Боец 3: 1 урона от Лучник. HP 83/100
[2026-05-28 14:44:34] 8ш Боец 3: 1 урона от Лучник. HP 82/100
[2026-05-28 14:44:34] 8ш Боец 4: 8 урона от Лучник. HP 0/22
[2026-05-28 14:44:34] 8ш Боец 4 убит Лучник
[2026-05-28 14:44:34] 8ш Боец 3: 1 урона от Лучник. HP 81/100
[2026-05-28 14:44:34] 8ш Боец 5: 1 урона от Лучник. HP 66/70
[2026-05-28 14:44:35] 8ш Боец 3: 1 урона от Слабый боец. HP 80/100
[2026-05-28 14:44:35] 9щ Боец 3: 1 урона от Слабый боец. HP 50/70
[2026-05-28 14:44:35] 8ш Боец 3: 1 урона от Лучник. HP 79/100
[2026-05-28 14:44:35] 8ш Боец 6: 4 урона от Лучник. HP 13/25
[2026-05-28 14:44:35] 8ш Боец 3: 1 урона от Лучник. HP 78/100
[2026-05-28 14:44:35] 8ш Боец 5: 1 урона от Лучник. HP 65/70
[2026-05-28 14:44:35] 8ш Боец 5: 1 урона от Лучник. HP 64/70
[2026-05-28 14:44:35] 8ш Боец 3: 1 урона от Лучник. HP 77/100
[2026-05-28 14:44:35] 8ш Боец 3: 1 урона от Лучник. HP 76/100
[2026-05-28 14:44:35] 8ш Боец 5: 1 урона от Лучник. HP 63/70
[2026-05-28 14:44:35] 8ш Боец 5: 1 урона от Лучник. HP 62/70
[2026-05-28 14:44:35] 8ш Боец 5: 1 урона от Лучник. HP 61/70
[2026-05-28 14:44:35] 8ш Боец 6: 4 урона от Лучник. HP 9/25
[2026-05-28 14:44:35] 8ш Боец 5: 1 урона от Лучник. HP 60/70
[2026-05-28 14:44:35] 8ш Боец 3: 1 урона от Лучник. HP 75/100
[2026-05-28 14:44:35] 8ш Боец 6: 4 урона от Лучник. HP 5/25
[2026-05-28 14:44:35] 8ш Боец 6: 4 урона от Лучник. HP 1/25
[2026-05-28 14:44:35] 8ш Боец 3: 1 урона от Лучник. HP 74/100
[2026-05-28 14:44:35] 8ш Боец 5: 1 урона от Лучник. HP 59/70
[2026-05-28 14:44:35] 8ш Боец 3: 1 урона от Лучник. HP 73/100
[2026-05-28 14:44:35] 8ш Боец 3: 1 урона от Лучник. HP 72/100
[2026-05-28 14:44:35] 8ш Боец 3: 1 урона от Лучник. HP 71/100
[2026-05-28 14:44:35] 8ш Боец 3: 1 урона от Лучник. HP 70/100
[2026-05-28 14:44:35] 8ш Боец 3: 1 урона от Лучник. HP 69/100
[2026-05-28 14:44:35] 8ш Боец 5: 1 урона от Лучник. HP 58/70
[2026-05-28 14:44:35] 8ш Боец 3: 1 урона от Лучник. HP 68/100
[2026-05-28 14:44:35] 8ш Боец 3: 1 урона от Слабый боец. HP 67/100
[2026-05-28 14:44:35] 9щ Боец 3: 1 урона от Слабый боец. HP 49/70
[2026-05-28 14:44:35] 8ш Боец 6: 4 урона от Лучник. HP 0/25
[2026-05-28 14:44:35] 8ш Боец 6 убит Лучник
[2026-05-28 14:44:35] 8ш Боец 3: 1 урона от Лучник. HP 66/100
[2026-05-28 14:44:35] 8ш Боец 5: 1 урона от Лучник. HP 57/70
[2026-05-28 14:44:35] 8ш Боец 5: 1 урона от Лучник. HP 56/70
[2026-05-28 14:44:35] 8ш Боец 3: 1 урона от Лучник. HP 65/100
[2026-05-28 14:44:35] 8ш Боец 3: 1 урона от Лучник. HP 64/100
[2026-05-28 14:44:35] 8ш Боец 3: 1 урона от Лучник. HP 63/100
[2026-05-28 14:44:35] 8ш Боец 3: 1 урона от Лучник. HP 62/100
[2026-05-28 14:44:35] 8ш Боец 5: 1 урона от Лучник. HP 55/70
[2026-05-28 14:44:35] 8ш Боец 5: 1 урона от Лучник. HP 54/70
[2026-05-28 14:44:35] 8ш Боец 3: 1 урона от Лучник. HP 61/100
[2026-05-28 14:44:35] 8ш Боец 3: 1 урона от Лучник. HP 60/100
[2026-05-28 14:44:35] 8ш Боец 3: 1 урона от Лучник. HP 59/100
[2026-05-28 14:44:35] 8ш Боец 3: 1 урона от Лучник. HP 58/100
[2026-05-28 14:44:35] 8ш Боец 3: 1 урона от Лучник. HP 57/100
[2026-05-28 14:44:35] 8ш Боец 5: 1 урона от Лучник. HP 53/70
[2026-05-28 14:44:35] 8ш Боец 3: 1 урона от Лучник. HP 56/100
[2026-05-28 14:44:35] 8ш Боец 3: 1 урона от Лучник. HP 55/100
[2026-05-28 14:44:35] 8ш Боец 3: 1 урона от Слабый боец. HP 54/100
[2026-05-28 14:44:35] 8ш Боец 3: 1 урона от Лучник. HP 53/100
[2026-05-28 14:44:35] 8ш Боец 5: 1 урона от Лучник. HP 52/70
[2026-05-28 14:44:35] 8ш Боец 5: 1 урона от Лучник. HP 51/70
[2026-05-28 14:44:35] 8ш Боец 5: 1 урона от Лучник. HP 50/70
[2026-05-28 14:44:35] 8ш Боец 3: 1 урона от Лучник. HP 52/100
[2026-05-28 14:44:35] 8ш Боец 3: 1 урона от Лучник. HP 51/100
[2026-05-28 14:44:35] 8ш Боец 3: 1 урона от Лучник. HP 50/100
[2026-05-28 14:44:35] 8ш Боец 3: 1 урона от Лучник. HP 49/100
[2026-05-28 14:44:35] 8ш Боец 3: 1 урона от Лучник. HP 48/100
[2026-05-28 14:44:35] 8ш Боец 3: 1 урона от Лучник. HP 47/100
[2026-05-28 14:44:35] 8ш Боец 5: 1 урона от Лучник. HP 49/70
[2026-05-28 14:44:35] 8ш Боец 3: 1 урона от Лучник. HP 46/100
[2026-05-28 14:44:35] 8ш Боец 5: 1 урона от Лучник. HP 48/70
[2026-05-28 14:44:35] 8ш Боец 3: 1 урона от Лучник. HP 45/100
[2026-05-28 14:44:35] 8ш Боец 3: 1 урона от Лучник. HP 44/100
[2026-05-28 14:44:35] 8ш Боец 3: 1 урона от Лучник. HP 43/100
[2026-05-28 14:44:35] 8ш Боец 3: 1 урона от Лучник. HP 42/100
[2026-05-28 14:44:35] 8ш Боец 3: 1 урона от Лучник. HP 41/100
[2026-05-28 14:44:36] 8ш Боец 3: 1 урона от Слабый боец. HP 40/100
[2026-05-28 14:44:36] 8ш Боец 3: 1 урона от Лучник. HP 39/100
[2026-05-28 14:44:36] 8ш Боец 3: 1 урона от Лучник. HP 38/100
[2026-05-28 14:44:36] 8ш Боец 3: 1 урона от Лучник. HP 37/100
[2026-05-28 14:44:36] 8ш Боец 3: 1 урона от Лучник. HP 36/100
[2026-05-28 14:44:36] 8ш Боец 3: 1 урона от Лучник. HP 35/100
[2026-05-28 14:44:36] 8ш Боец 3: 1 урона от Лучник. HP 34/100
[2026-05-28 14:44:36] 8ш Боец 3: 1 урона от Лучник. HP 33/100
[2026-05-28 14:44:36] 8ш Боец 3: 1 урона от Лучник. HP 32/100
[2026-05-28 14:44:36] 8ш Боец 3: 1 урона от Лучник. HP 31/100
[2026-05-28 14:44:36] 8ш Боец 3: 1 урона от Лучник. HP 30/100
[2026-05-28 14:44:36] 8ш Боец 5: 1 урона от Лучник. HP 47/70
[2026-05-28 14:44:36] 8ш Боец 5: 1 урона от Лучник. HP 46/70
[2026-05-28 14:44:36] 8ш Боец 5: 1 урона от Лучник. HP 45/70
[2026-05-28 14:44:36] 8ш Боец 5: 1 урона от Лучник. HP 44/70
[2026-05-28 14:44:36] 8ш Боец 3: 1 урона от Лучник. HP 29/100
[2026-05-28 14:44:36] 8ш Боец 3: 1 урона от Лучник. HP 28/100
[2026-05-28 14:44:36] 8ш Боец 3: 1 урона от Лучник. HP 27/100
[2026-05-28 14:44:36] 8ш Боец 3: 1 урона от Лучник. HP 26/100
[2026-05-28 14:44:36] 8ш Боец 3: 1 урона от Слабый боец. HP 25/100
[2026-05-28 14:44:36] 8ш Боец 5: 1 урона от Лучник. HP 43/70
[2026-05-28 14:44:36] 8ш Боец 3: 1 урона от Лучник. HP 24/100
[2026-05-28 14:44:36] 8ш Боец 3: 1 урона от Лучник. HP 23/100
[2026-05-28 14:44:36] 8ш Боец 5: 1 урона от Лучник. HP 42/70
[2026-05-28 14:44:36] 8ш Боец 5: 1 урона от Лучник. HP 41/70
[2026-05-28 14:44:36] 8ш Боец 3: 1 урона от Лучник. HP 22/100
[2026-05-28 14:44:36] 8ш Боец 5: 1 урона от Лучник. HP 40/70
[2026-05-28 14:44:36] 8ш Боец 3: 1 урона от Лучник. HP 21/100
[2026-05-28 14:44:36] 8ш Боец 5: 1 урона от Лучник. HP 39/70
[2026-05-28 14:44:36] 8ш Боец 3: 1 урона от Лучник. HP 20/100
[2026-05-28 14:44:36] 8ш Боец 5: 1 урона от Лучник. HP 38/70
[2026-05-28 14:44:36] 8ш Боец 3: 1 урона от Лучник. HP 19/100
[2026-05-28 14:44:36] 8ш Боец 3: 1 урона от Лучник. HP 18/100
[2026-05-28 14:44:36] 8ш Боец 3: 1 урона от Лучник. HP 17/100
[2026-05-28 14:44:36] 8ш Боец 3: 1 урона от Лучник. HP 16/100
[2026-05-28 14:44:36] 8ш Боец 3: 1 урона от Лучник. HP 15/100
[2026-05-28 14:44:36] 8ш Боец 5: 1 урона от Лучник. HP 37/70
[2026-05-28 14:44:36] 8ш Боец 5: 1 урона от Лучник. HP 36/70
[2026-05-28 14:44:36] 8ш Боец 3: 1 урона от Слабый боец. HP 14/100
[2026-05-28 14:44:36] 8ш Боец 3: 1 урона от Лучник. HP 13/100
[2026-05-28 14:44:36] 8ш Боец 3: 1 урона от Лучник. HP 12/100
[2026-05-28 14:44:36] 8ш Боец 3: 1 урона от Лучник. HP 11/100
[2026-05-28 14:44:36] 8ш Боец 3: 1 урона от Лучник. HP 10/100
[2026-05-28 14:44:36] 8ш Боец 5: 1 урона от Лучник. HP 35/70
[2026-05-28 14:44:36] 8ш Боец 3: 1 урона от Лучник. HP 9/100
[2026-05-28 14:44:36] 8ш Боец 3: 1 урона от Лучник. HP 8/100
[2026-05-28 14:44:36] 8ш Боец 3: 1 урона от Лучник. HP 7/100
[2026-05-28 14:44:36] 8ш Боец 3: 1 урона от Лучник. HP 6/100
[2026-05-28 14:44:36] 8ш Боец 3: 1 урона от Лучник. HP 5/100
[2026-05-28 14:44:36] 8ш Боец 3: 1 урона от Лучник. HP 4/100
[2026-05-28 14:44:36] 8ш Боец 3: 1 урона от Лучник. HP 3/100
[2026-05-28 14:44:36] 8ш Боец 5: 1 урона от Лучник. HP 34/70
[2026-05-28 14:44:36] 8ш Боец 5: 1 урона от Лучник. HP 33/70
[2026-05-28 14:44:36] 8ш Боец 5: 1 урона от Лучник. HP 32/70
[2026-05-28 14:44:36] 8ш Боец 3: 1 урона от Лучник. HP 2/100
[2026-05-28 14:44:36] 8ш Боец 3: 1 урона от Лучник. HP 1/100
[2026-05-28 14:44:36] 8ш Боец 3: 1 урона от Лучник. HP 0/100
[2026-05-28 14:44:36] 8ш Боец 3 убит Лучник
[2026-05-28 14:44:36] 8ш Боец 5: 1 урона от Лучник. HP 31/70
[2026-05-28 14:44:36] 8ш Боец 5: 1 урона от Лучник. HP 30/70
[2026-05-28 14:44:36] 8ш Боец 5: 1 урона от Лучник. HP 29/70
[2026-05-28 14:44:36] 8ш Боец 5: 1 урона от Лучник. HP 28/70
[2026-05-28 14:44:36] 8ш Боец 5: 1 урона от Лучник. HP 27/70
[2026-05-28 14:44:36] 8ш Боец 5: 1 урона от Лучник. HP 26/70
[2026-05-28 14:44:37] 8ш Боец 5: 1 урона от Лучник. HP 25/70
[2026-05-28 14:44:37] 8ш Боец 5: 1 урона от Лучник. HP 24/70
[2026-05-28 14:44:37] 8ш Боец 5: 1 урона от Лучник. HP 23/70
[2026-05-28 14:44:37] 8ш Боец 5: 1 урона от Лучник. HP 22/70
[2026-05-28 14:44:37] 8ш Боец 5: 1 урона от Лучник. HP 21/70
[2026-05-28 14:44:37] 8ш Боец 5: 1 урона от Лучник. HP 20/70
[2026-05-28 14:44:37] 8ш Боец 5: 1 урона от Лучник. HP 19/70
[2026-05-28 14:44:37] 8ш Боец 5: 1 урона от Лучник. HP 18/70
[2026-05-28 14:44:37] 8ш Боец 5: 1 урона от Лучник. HP 17/70
[2026-05-28 14:44:37] 8ш Боец 5: 1 урона от Лучник. HP 16/70
[2026-05-28 14:44:37] 8ш Боец 5: 1 урона от Лучник. HP 15/70
[2026-05-28 14:44:37] 8ш Боец 5: 1 урона от Лучник. HP 14/70
[2026-05-28 14:44:37] 8ш Боец 5: 1 урона от Лучник. HP 13/70
[2026-05-28 14:44:37] 8ш Боец 5: 1 урона от Лучник. HP 12/70
[2026-05-28 14:44:37] 8ш Боец 5: 1 урона от Лучник. HP 11/70
[2026-05-28 14:44:37] 8ш Боец 5: 1 урона от Лучник. HP 10/70
[2026-05-28 14:44:37] 8ш Боец 5: 1 урона от Лучник. HP 9/70
[2026-05-28 14:44:37] 8ш Боец 5: 1 урона от Лучник. HP 8/70
[2026-05-28 14:44:37] 8ш Боец 5: 1 урона от Лучник. HP 7/70
[2026-05-28 14:44:37] 8ш Боец 5: 1 урона от Лучник. HP 6/70
[2026-05-28 14:44:37] 8ш Боец 5: 1 урона от Лучник. HP 5/70
[2026-05-28 14:44:37] 8ш Боец 5: 1 урона от Лучник. HP 4/70
[2026-05-28 14:44:37] 8ш Боец 5: 1 урона от Лучник. HP 3/70
[2026-05-28 14:44:37] 8ш Боец 5: 1 урона от Лучник. HP 2/70
[2026-05-28 14:44:37] 8ш Боец 5: 1 урона от Лучник. HP 1/70
[2026-05-28 14:44:37] 8ш Боец 5: 1 урона от Лучник. HP 0/70
[2026-05-28 14:44:37] 8ш Боец 5 убит Лучник
[2026-05-28 20:29:28] лоп Боец 1: 1 урона от Лучник. HP 69/70
[2026-05-28 20:29:46] лоп Боец 1: 1 урона от Лучник. HP 68/70
[2026-05-28 20:29:48] лоп Боец 1: 1 урона от Лучник. HP 69/70
[2026-05-28 20:29:49] лоп Боец 1: 1 урона от Лучник. HP 69/70
[2026-05-28 20:29:50] лоп Боец 1: 1 урона от Лучник. HP 69/70
[2026-05-28 20:29:50] лоп Боец 1: 1 урона от Лучник. HP 69/70
[2026-05-28 20:29:51] лоп Боец 1: 1 урона от Лучник. HP 68/70
[2026-05-28 20:29:51] лоп Боец 1: 1 урона от Лучник. HP 69/70
[2026-05-28 20:29:51] лоп Боец 1: 1 урона от Лучник. HP 68/70
[2026-05-28 20:29:51] лоп Боец 1: 1 урона от Лучник. HP 67/70
[2026-05-28 20:29:51] лоп Боец 1: 1 урона от Лучник. HP 66/70
[2026-05-28 20:29:51] лоп Боец 1: 1 урона от Лучник. HP 65/70
[2026-05-28 20:29:52] лоп Боец 1: 1 урона от Лучник. HP 64/70
[2026-05-28 20:29:52] лоп Боец 1: 1 урона от Лучник. HP 63/70
[2026-05-28 20:29:52] лоп Боец 1: 1 урона от Лучник. HP 62/70
[2026-05-28 20:29:52] лоп Боец 1: 1 урона от Лучник. HP 61/70
[2026-05-28 20:29:52] лоп Боец 1: 1 урона от Лучник. HP 60/70
[2026-05-28 20:29:52] лоп Боец 1: 1 урона от Лучник. HP 59/70
[2026-05-28 20:29:53] лоп Боец 1: 1 урона от Лучник. HP 58/70
[2026-05-28 20:29:58] лоп Боец 1: 1 урона от Лучник. HP 69/70
[2026-05-28 20:30:07] лоп Боец 1: 1 урона от Лучник. HP 68/70
[2026-05-28 20:30:19] пол Боец 1: 7 урона от Слабый боец. HP 11/18
[2026-05-28 20:30:19] пол Боец 2: 2 урона от Слабый боец. HP 23/25
[2026-05-28 20:30:19] лоп Боец 1: 1 урона от Слабый боец. HP 69/70
[2026-05-28 20:30:19] пол Боец 3: 5 урона от Сильный боец. HP 55/60
[2026-05-28 20:30:19] лоп Боец 2: 5 урона от Сильный боец. HP 55/60
[2026-05-28 20:30:19] лоп Боец 3: 8 урона от Слабый боец. HP 7/15
[2026-05-28 20:30:19] лоп Боец 4: 6 урона от Слабый боец. HP 16/22
[2026-05-28 20:30:19] лоп Боец 5: 1 урона от Слабый боец. HP 99/100
[2026-05-28 20:30:19] лоп Боец 6: 2 урона от Слабый боец. HP 23/25
[2026-05-28 20:30:19] лоп Боец 7: 1 урона от Слабый боец. HP 99/100
[2026-05-28 20:30:19] лоп Боец 8: 8 урона от Слабый боец. HP 7/15
[2026-05-28 20:30:19] пол Боец 4: 2 урона от Слабый боец. HP 23/25
[2026-05-28 20:30:19] пол Боец 5: 6 урона от Слабый боец. HP 16/22
[2026-05-28 20:30:19] пол Боец 6: 1 урона от Слабый боец. HP 69/70
[2026-05-28 20:30:19] пол Боец 7: 2 урона от Слабый боец. HP 23/25
[2026-05-28 20:30:19] пол Боец 8: 1 урона от Слабый боец. HP 59/60
[2026-05-28 20:30:20] пол Боец 1: 7 урона от Слабый боец. HP 4/18
[2026-05-28 20:30:20] пол Боец 2: 2 урона от Слабый боец. HP 21/25
[2026-05-28 20:30:20] лоп Боец 1: 1 урона от Слабый боец. HP 68/70
[2026-05-28 20:30:20] пол Боец 3: 5 урона от Сильный боец. HP 50/60
[2026-05-28 20:30:20] лоп Боец 2: 5 урона от Сильный боец. HP 50/60
[2026-05-28 20:30:20] лоп Боец 3: 8 урона от Слабый боец. HP 0/15
[2026-05-28 20:30:20] лоп Боец 3 убит Слабый боец
[2026-05-28 20:30:20] лоп Боец 4: 6 урона от Слабый боец. HP 10/22
[2026-05-28 20:30:20] лоп Боец 5: 1 урона от Слабый боец. HP 98/100
[2026-05-28 20:30:20] лоп Боец 6: 2 урона от Слабый боец. HP 21/25
[2026-05-28 20:30:20] лоп Боец 7: 1 урона от Слабый боец. HP 98/100
[2026-05-28 20:30:20] лоп Боец 8: 8 урона от Слабый боец. HP 0/15
[2026-05-28 20:30:20] лоп Боец 8 убит Слабый боец
[2026-05-28 20:30:20] пол Боец 4: 2 урона от Слабый боец. HP 21/25
[2026-05-28 20:30:20] пол Боец 5: 6 урона от Слабый боец. HP 10/22
[2026-05-28 20:30:20] пол Боец 6: 1 урона от Слабый боец. HP 68/70
[2026-05-28 20:30:20] пол Боец 7: 2 урона от Слабый боец. HP 21/25
[2026-05-28 20:30:20] пол Боец 8: 1 урона от Слабый боец. HP 58/60
[2026-05-28 20:30:20] пол Боец 1: 7 урона от Слабый боец. HP 0/18
[2026-05-28 20:30:20] пол Боец 1 убит Слабый боец
[2026-05-28 20:30:20] пол Боец 2: 2 урона от Слабый боец. HP 19/25
[2026-05-28 20:30:20] лоп Боец 1: 1 урона от Слабый боец. HP 67/70
[2026-05-28 20:30:20] пол Боец 3: 5 урона от Сильный боец. HP 45/60
[2026-05-28 20:30:20] лоп Боец 2: 5 урона от Сильный боец. HP 45/60
[2026-05-28 20:30:20] лоп Боец 4: 6 урона от Слабый боец. HP 4/22
[2026-05-28 20:30:20] лоп Боец 5: 1 урона от Слабый боец. HP 97/100
[2026-05-28 20:30:20] лоп Боец 6: 2 урона от Слабый боец. HP 19/25
[2026-05-28 20:30:20] лоп Боец 7: 1 урона от Слабый боец. HP 97/100
[2026-05-28 20:30:20] пол Боец 4: 2 урона от Слабый боец. HP 19/25
[2026-05-28 20:30:20] пол Боец 5: 6 урона от Слабый боец. HP 4/22
[2026-05-28 20:30:20] пол Боец 6: 1 урона от Слабый боец. HP 67/70
[2026-05-28 20:30:20] пол Боец 7: 2 урона от Слабый боец. HP 19/25
[2026-05-28 20:30:21] пол Боец 2: 2 урона от Слабый боец. HP 17/25
[2026-05-28 20:30:21] лоп Боец 1: 1 урона от Сильный боец. HP 66/70
[2026-05-28 20:30:21] лоп Боец 2: 1 урона от Слабый боец. HP 44/60
[2026-05-28 20:30:21] лоп Боец 4: 6 урона от Слабый боец. HP 0/22
[2026-05-28 20:30:21] лоп Боец 4 убит Слабый боец
[2026-05-28 20:30:21] лоп Боец 5: 1 урона от Слабый боец. HP 96/100
[2026-05-28 20:30:21] лоп Боец 6: 2 урона от Слабый боец. HP 17/25
[2026-05-28 20:30:21] лоп Боец 7: 1 урона от Слабый боец. HP 96/100
[2026-05-28 20:30:21] пол Боец 4: 2 урона от Слабый боец. HP 23/25
[2026-05-28 20:30:21] пол Боец 5: 6 урона от Слабый боец. HP 0/22
[2026-05-28 20:30:21] пол Боец 5 убит Слабый боец
[2026-05-28 20:30:21] пол Боец 6: 1 урона от Слабый боец. HP 66/70
[2026-05-28 20:30:21] пол Боец 7: 2 урона от Слабый боец. HP 17/25
[2026-05-28 20:30:21] пол Боец 8: 1 урона от Слабый боец. HP 57/60
[2026-05-28 20:30:52] пол Боец 2: 2 урона от Слабый боец. HP 15/25
[2026-05-28 20:30:52] лоп Боец 1: 1 урона от Слабый боец. HP 65/70
[2026-05-28 20:30:52] пол Боец 3: 5 урона от Сильный боец. HP 40/60
[2026-05-28 20:30:52] лоп Боец 2: 5 урона от Сильный боец. HP 39/60
[2026-05-28 20:30:52] лоп Боец 5: 1 урона от Слабый боец. HP 95/100
[2026-05-28 20:30:52] лоп Боец 6: 2 урона от Слабый боец. HP 15/25
[2026-05-28 20:30:52] лоп Боец 7: 1 урона от Слабый боец. HP 95/100
[2026-05-28 20:30:52] пол Боец 4: 2 урона от Слабый боец. HP 21/25
[2026-05-28 20:30:52] пол Боец 6: 1 урона от Слабый боец. HP 65/70
[2026-05-28 20:30:52] пол Боец 7: 2 урона от Слабый боец. HP 15/25
[2026-05-28 20:30:53] пол Боец 2: 2 урона от Слабый боец. HP 13/25
[2026-05-28 20:30:53] лоп Боец 1: 1 урона от Слабый боец. HP 64/70
[2026-05-28 20:30:53] лоп Боец 2: 1 урона от Слабый боец. HP 38/60
[2026-05-28 20:30:53] лоп Боец 5: 1 урона от Слабый боец. HP 94/100
[2026-05-28 20:30:53] лоп Боец 6: 2 урона от Слабый боец. HP 13/25
[2026-05-28 20:30:53] лоп Боец 7: 1 урона от Слабый боец. HP 94/100
[2026-05-28 20:30:53] пол Боец 4: 2 урона от Слабый боец. HP 19/25
[2026-05-28 20:30:53] пол Боец 2: 2 урона от Слабый боец. HP 11/25
[2026-05-28 20:30:53] лоп Боец 1: 1 урона от Сильный боец. HP 63/70
[2026-05-28 20:30:53] лоп Боец 2: 1 урона от Слабый боец. HP 37/60
[2026-05-28 20:30:53] лоп Боец 5: 1 урона от Слабый боец. HP 93/100
[2026-05-28 20:30:53] лоп Боец 6: 2 урона от Слабый боец. HP 11/25
[2026-05-28 20:30:53] лоп Боец 7: 1 урона от Слабый боец. HP 93/100
[2026-05-28 20:30:53] пол Боец 4: 2 урона от Слабый боец. HP 17/25
[2026-05-28 20:30:54] лоп Боец 1: 1 урона от Слабый боец. HP 62/70
[2026-05-28 20:30:54] лоп Боец 2: 1 урона от Слабый боец. HP 36/60
[2026-05-28 20:30:54] лоп Боец 5: 1 урона от Слабый боец. HP 92/100
[2026-05-28 20:30:54] лоп Боец 6: 12 урона от Сильный боец. HP 0/25
[2026-05-28 20:30:54] лоп Боец 6 убит Сильный боец
[2026-05-28 20:30:54] лоп Боец 7: 1 урона от Слабый боец. HP 92/100
[2026-05-28 20:30:54] лоп Боец 1: 1 урона от Слабый боец. HP 61/70
[2026-05-28 20:30:54] лоп Боец 2: 1 урона от Слабый боец. HP 35/60
[2026-05-28 20:30:54] лоп Боец 5: 1 урона от Слабый боец. HP 91/100
[2026-05-28 20:30:54] лоп Боец 7: 1 урона от Слабый боец. HP 91/100
[2026-05-28 20:30:58] лоп Боец 1: 1 урона от Слабый боец. HP 60/70
[2026-05-28 20:31:32] влао Боец 1: 5 урона от Маг. HP 10/15
[2026-05-28 20:31:32] кшалдв Боец 1: 1 урона от Лекарь. HP 21/22
[2026-05-28 20:31:32] кшалдв Боец 1: 8 урона от Лучник. HP 13/22
[2026-05-28 20:31:32] кшалдв Боец 6: 9 урона от Лучник. HP 9/18
[2026-05-28 20:31:32] кшалдв Боец 3: 1 урона от Лучник. HP 59/60
[2026-05-28 20:31:32] влао Боец 2: 1 урона от Лучник. HP 69/70
[2026-05-28 20:31:40] влао Боец 1: 5 урона от Маг. HP 5/15
[2026-05-28 20:31:40] кшалдв Боец 1: 1 урона от Лекарь. HP 12/22
[2026-05-28 20:31:40] кшалдв Боец 3: 1 урона от Лучник. HP 58/60
[2026-05-28 20:31:40] кшалдв Боец 1: 8 урона от Лучник. HP 4/22
[2026-05-28 20:31:40] кшалдв Боец 1: 8 урона от Лучник. HP 0/22
[2026-05-28 20:31:40] кшалдв Боец 1 убит Лучник
[2026-05-28 20:31:40] кшалдв Боец 2: 1 урона от Лучник. HP 69/70
[2026-05-28 20:31:40] кшалдв Боец 4: 1 урона от Лучник. HP 69/70
[2026-05-28 20:31:40] кшалдв Боец 2: 1 урона от Лекарь. HP 68/70
[2026-05-28 20:31:40] кшалдв Боец 6: 9 урона от Лучник. HP 0/18
[2026-05-28 20:31:40] кшалдв Боец 6 убит Лучник
[2026-05-28 20:31:40] кшалдв Боец 2: 1 урона от Лучник. HP 67/70
[2026-05-28 20:31:40] кшалдв Боец 2: 1 урона от Лучник. HP 66/70
[2026-05-28 20:31:40] кшалдв Боец 2: 1 урона от Лучник. HP 65/70
[2026-05-28 20:31:40] кшалдв Боец 4: 1 урона от Лучник. HP 68/70
[2026-05-28 20:31:40] влао Боец 1: 18 урона от Сильный боец. HP 0/15
[2026-05-28 20:31:40] влао Боец 1 убит Сильный боец
[2026-05-28 20:31:41] кшалдв Боец 4: 1 урона от Лучник. HP 67/70
[2026-05-28 20:31:41] кшалдв Боец 2: 1 урона от Лучник. HP 64/70
[2026-05-28 20:31:41] кшалдв Боец 3: 1 урона от Лучник. HP 57/60
[2026-05-28 20:31:41] кшалдв Боец 4: 1 урона от Лучник. HP 66/70
[2026-05-28 20:31:41] кшалдв Боец 4: 1 урона от Лучник. HP 65/70
[2026-05-28 20:31:41] влао Боец 2: 1 урона от Сильный боец. HP 68/70
[2026-05-28 20:31:41] кшалдв Боец 8: 1 урона от Лучник. HP 99/100
[2026-05-28 20:31:41] кшалдв Боец 3: 1 урона от Лучник. HP 56/60
[2026-05-28 20:31:41] кшалдв Боец 2: 1 урона от Лучник. HP 63/70
[2026-05-28 20:31:41] кшалдв Боец 2: 1 урона от Лучник. HP 62/70
[2026-05-28 20:31:41] влао Боец 2: 1 урона от Сильный боец. HP 67/70
[2026-05-28 20:31:41] кшалдв Боец 3: 1 урона от Лучник. HP 55/60
[2026-05-28 20:31:41] кшалдв Боец 2: 1 урона от Лучник. HP 61/70
[2026-05-28 20:31:41] кшалдв Боец 4: 1 урона от Лучник. HP 64/70
[2026-05-28 20:31:41] кшалдв Боец 4: 1 урона от Лучник. HP 63/70
[2026-05-28 20:31:41] кшалдв Боец 4: 1 урона от Лучник. HP 62/70
[2026-05-28 20:31:41] кшалдв Боец 5: 8 урона от Лучник. HP 14/22
[2026-05-28 20:31:41] влао Боец 2: 1 урона от Сильный боец. HP 66/70
[2026-05-28 20:31:41] кшалдв Боец 4: 1 урона от Лучник. HP 61/70
[2026-05-28 20:31:41] кшалдв Боец 3: 1 урона от Лучник. HP 54/60
[2026-05-28 20:31:41] кшалдв Боец 3: 1 урона от Лучник. HP 53/60
[2026-05-28 20:31:41] кшалдв Боец 2: 1 урона от Лучник. HP 60/70
[2026-05-28 20:31:41] кшалдв Боец 2: 1 урона от Лучник. HP 59/70
[2026-05-28 20:31:41] влао Боец 2: 1 урона от Сильный боец. HP 65/70
[2026-05-28 20:31:41] кшалдв Боец 3: 1 урона от Лучник. HP 52/60
[2026-05-28 20:31:41] кшалдв Боец 3: 1 урона от Лучник. HP 51/60
[2026-05-28 20:31:41] кшалдв Боец 4: 1 урона от Лучник. HP 60/70
[2026-05-28 20:31:41] кшалдв Боец 4: 1 урона от Лучник. HP 59/70
[2026-05-28 20:31:41] кшалдв Боец 9: 1 урона от Лучник. HP 59/60
[2026-05-28 20:31:42] влао Боец 2: 1 урона от Сильный боец. HP 69/70
[2026-05-28 20:31:42] кшалдв Боец 2: 1 урона от Лучник. HP 58/70
[2026-05-28 20:31:42] кшалдв Боец 2: 1 урона от Лучник. HP 57/70
[2026-05-28 20:31:42] кшалдв Боец 7: 4 урона от Лучник. HP 21/25
[2026-05-28 20:31:42] кшалдв Боец 2: 1 урона от Лучник. HP 56/70
[2026-05-28 20:31:42] кшалдв Боец 2: 1 урона от Лучник. HP 55/70
[2026-05-28 20:31:42] кшалдв Боец 2: 1 урона от Лучник. HP 54/70
[2026-05-28 20:31:42] кшалдв Боец 3: 1 урона от Лучник. HP 50/60
[2026-05-28 20:31:42] влао Боец 2: 1 урона от Сильный боец. HP 68/70
[2026-05-28 20:31:42] кшалдв Боец 5: 8 урона от Лучник. HP 6/22
[2026-05-28 20:31:42] кшалдв Боец 4: 1 урона от Лучник. HP 58/70
[2026-05-28 20:31:42] кшалдв Боец 2: 1 урона от Лучник. HP 53/70
[2026-05-28 20:31:42] кшалдв Боец 5: 8 урона от Лучник. HP 0/22
[2026-05-28 20:31:42] кшалдв Боец 5 убит Лучник
[2026-05-28 20:31:42] кшалдв Боец 3: 1 урона от Лучник. HP 49/60
[2026-05-28 20:31:42] кшалдв Боец 2: 1 урона от Лучник. HP 52/70
[2026-05-28 20:31:42] кшалдв Боец 2: 1 урона от Лучник. HP 51/70
[2026-05-28 20:31:42] влао Боец 2: 1 урона от Слабый боец. HP 67/70
[2026-05-28 20:31:42] кшалдв Боец 3: 1 урона от Лучник. HP 48/60
[2026-05-28 20:31:42] кшалдв Боец 9: 1 урона от Лучник. HP 58/60
[2026-05-28 20:31:42] кшалдв Боец 4: 1 урона от Лучник. HP 57/70
[2026-05-28 20:31:42] кшалдв Боец 2: 1 урона от Лучник. HP 50/70
[2026-05-28 20:31:42] кшалдв Боец 9: 1 урона от Лучник. HP 57/60
[2026-05-28 20:31:42] кшалдв Боец 3: 1 урона от Лучник. HP 47/60
[2026-05-28 20:31:42] кшалдв Боец 2: 1 урона от Лучник. HP 49/70
[2026-05-28 20:31:42] кшалдв Боец 9: 1 урона от Лучник. HP 56/60
[2026-05-28 20:31:42] кшалдв Боец 3: 1 урона от Лучник. HP 46/60
[2026-05-28 20:31:42] кшалдв Боец 2: 1 урона от Лучник. HP 48/70
[2026-05-28 20:31:42] кшалдв Боец 4: 1 урона от Лучник. HP 56/70
[2026-05-28 20:31:42] кшалдв Боец 2: 1 урона от Лучник. HP 47/70
[2026-05-28 20:31:42] кшалдв Боец 2: 1 урона от Лучник. HP 46/70
[2026-05-28 20:31:42] кшалдв Боец 2: 1 урона от Лучник. HP 45/70
[2026-05-28 20:31:42] кшалдв Боец 2: 1 урона от Лучник. HP 44/70
[2026-05-28 20:31:42] кшалдв Боец 4: 1 урона от Лучник. HP 55/70
[2026-05-28 20:31:42] кшалдв Боец 2: 1 урона от Лучник. HP 43/70
[2026-05-28 20:31:42] кшалдв Боец 7: 4 урона от Лучник. HP 17/25
[2026-05-28 20:31:42] кшалдв Боец 8: 1 урона от Лучник. HP 98/100
[2026-05-28 20:31:42] кшалдв Боец 7: 4 урона от Лучник. HP 13/25
[2026-05-28 20:31:42] кшалдв Боец 3: 1 урона от Лучник. HP 45/60
[2026-05-28 20:31:42] кшалдв Боец 2: 1 урона от Лучник. HP 42/70
[2026-05-28 20:31:43] кшалдв Боец 3: 1 урона от Лучник. HP 44/60
[2026-05-28 20:31:43] кшалдв Боец 2: 1 урона от Лучник. HP 41/70
[2026-05-28 20:31:43] кшалдв Боец 2: 1 урона от Лучник. HP 40/70
[2026-05-28 20:31:43] кшалдв Боец 2: 1 урона от Лучник. HP 39/70
[2026-05-28 20:31:43] кшалдв Боец 4: 1 урона от Лучник. HP 54/70
[2026-05-28 20:31:43] кшалдв Боец 3: 1 урона от Лучник. HP 43/60
[2026-05-28 20:31:43] кшалдв Боец 4: 1 урона от Лучник. HP 53/70
[2026-05-28 20:31:43] кшалдв Боец 9: 1 урона от Лучник. HP 55/60
[2026-05-28 20:31:43] кшалдв Боец 4: 1 урона от Лучник. HP 52/70
[2026-05-28 20:31:43] кшалдв Боец 2: 1 урона от Лучник. HP 38/70
[2026-05-28 20:31:43] кшалдв Боец 10: 1 урона от Лучник. HP 69/70
[2026-05-28 20:31:43] кшалдв Боец 2: 1 урона от Лучник. HP 37/70
[2026-05-28 20:31:43] кшалдв Боец 3: 1 урона от Лучник. HP 42/60
[2026-05-28 20:31:43] кшалдв Боец 2: 1 урона от Лучник. HP 36/70
[2026-05-28 20:31:43] кшалдв Боец 2: 1 урона от Лучник. HP 35/70
[2026-05-28 20:31:43] кшалдв Боец 4: 1 урона от Лучник. HP 51/70
[2026-05-28 20:31:43] кшалдв Боец 2: 1 урона от Лучник. HP 34/70
[2026-05-28 20:31:43] кшалдв Боец 2: 1 урона от Лучник. HP 33/70
[2026-05-28 20:31:43] кшалдв Боец 3: 1 урона от Лучник. HP 41/60
[2026-05-28 20:31:43] кшалдв Боец 4: 1 урона от Лучник. HP 50/70
[2026-05-28 20:31:43] кшалдв Боец 2: 1 урона от Лучник. HP 32/70
[2026-05-28 20:31:43] кшалдв Боец 8: 1 урона от Лучник. HP 97/100
[2026-05-28 20:31:43] кшалдв Боец 2: 1 урона от Лучник. HP 31/70
[2026-05-28 20:31:43] кшалдв Боец 2: 1 урона от Лучник. HP 30/70
[2026-05-28 20:31:43] кшалдв Боец 4: 1 урона от Лучник. HP 49/70
[2026-05-28 20:31:43] кшалдв Боец 9: 1 урона от Лучник. HP 54/60
[2026-05-28 20:31:43] кшалдв Боец 4: 1 урона от Лучник. HP 48/70
[2026-05-28 20:31:43] кшалдв Боец 10: 1 урона от Лучник. HP 68/70
[2026-05-28 20:31:43] кшалдв Боец 2: 1 урона от Лучник. HP 29/70
[2026-05-28 20:31:43] кшалдв Боец 8: 1 урона от Лучник. HP 96/100
[2026-05-28 20:31:43] кшалдв Боец 7: 4 урона от Лучник. HP 9/25
[2026-05-28 20:31:43] кшалдв Боец 2: 1 урона от Лучник. HP 28/70
[2026-05-28 20:31:43] кшалдв Боец 7: 4 урона от Лучник. HP 5/25
[2026-05-28 20:31:43] кшалдв Боец 7: 4 урона от Лучник. HP 1/25
[2026-05-28 20:31:43] кшалдв Боец 2: 1 урона от Лучник. HP 27/70
[2026-05-28 20:31:43] кшалдв Боец 3: 1 урона от Лучник. HP 40/60
[2026-05-28 20:31:43] кшалдв Боец 2: 1 урона от Лучник. HP 26/70
[2026-05-28 20:31:43] кшалдв Боец 3: 1 урона от Лучник. HP 39/60
[2026-05-28 20:31:43] кшалдв Боец 3: 1 урона от Лучник. HP 38/60
[2026-05-28 20:31:43] кшалдв Боец 3: 1 урона от Лучник. HP 37/60
[2026-05-28 20:31:43] кшалдв Боец 2: 1 урона от Лучник. HP 25/70
[2026-05-28 20:31:43] кшалдв Боец 2: 1 урона от Лучник. HP 24/70
[2026-05-28 20:31:43] кшалдв Боец 7: 4 урона от Лучник. HP 0/25
[2026-05-28 20:31:43] кшалдв Боец 7 убит Лучник
[2026-05-28 20:31:43] кшалдв Боец 3: 1 урона от Лучник. HP 36/60
[2026-05-28 20:31:43] кшалдв Боец 2: 1 урона от Лучник. HP 23/70
[2026-05-28 20:31:43] кшалдв Боец 2: 1 урона от Лучник. HP 22/70
[2026-05-28 20:31:43] кшалдв Боец 3: 1 урона от Лучник. HP 35/60
[2026-05-28 20:31:43] кшалдв Боец 4: 1 урона от Лучник. HP 47/70
[2026-05-28 20:31:43] кшалдв Боец 8: 1 урона от Лучник. HP 95/100
[2026-05-28 20:31:44] влао Боец 2: 1 урона от Сильный боец. HP 66/70
[2026-05-28 20:31:44] кшалдв Боец 3: 1 урона от Лучник. HP 34/60
[2026-05-28 20:31:44] кшалдв Боец 9: 1 урона от Лучник. HP 53/60
[2026-05-28 20:31:44] кшалдв Боец 3: 1 урона от Лучник. HP 33/60
[2026-05-28 20:31:44] кшалдв Боец 4: 1 урона от Лучник. HP 46/70
[2026-05-28 20:31:44] кшалдв Боец 2: 1 урона от Лучник. HP 21/70
[2026-05-28 20:31:44] кшалдв Боец 3: 1 урона от Лучник. HP 32/60
[2026-05-28 20:31:44] кшалдв Боец 2: 1 урона от Лучник. HP 20/70
[2026-05-28 20:31:44] кшалдв Боец 2: 1 урона от Лучник. HP 19/70
[2026-05-28 20:31:44] кшалдв Боец 3: 1 урона от Лучник. HP 31/60
[2026-05-28 20:31:44] кшалдв Боец 4: 1 урона от Лучник. HP 45/70
[2026-05-28 20:31:44] кшалдв Боец 2: 1 урона от Лучник. HP 18/70
[2026-05-28 20:31:44] кшалдв Боец 3: 1 урона от Лучник. HP 30/60
[2026-05-28 20:31:44] кшалдв Боец 2: 1 урона от Лучник. HP 17/70
[2026-05-28 20:31:44] влао Боец 2: 1 урона от Сильный боец. HP 65/70
[2026-05-28 20:31:44] кшалдв Боец 2: 1 урона от Лучник. HP 16/70
[2026-05-28 20:31:44] кшалдв Боец 4: 1 урона от Лучник. HP 44/70
[2026-05-28 20:31:44] кшалдв Боец 2: 1 урона от Лучник. HP 15/70
[2026-05-28 20:31:44] кшалдв Боец 3: 1 урона от Лучник. HP 29/60
[2026-05-28 20:31:44] кшалдв Боец 2: 1 урона от Лучник. HP 14/70
[2026-05-28 20:31:44] кшалдв Боец 2: 1 урона от Лучник. HP 13/70
[2026-05-28 20:31:44] кшалдв Боец 2: 1 урона от Лучник. HP 12/70
[2026-05-28 20:31:44] кшалдв Боец 2: 1 урона от Лучник. HP 11/70
[2026-05-28 20:31:44] кшалдв Боец 2: 1 урона от Лучник. HP 10/70
[2026-05-28 20:31:44] кшалдв Боец 8: 1 урона от Лучник. HP 94/100
[2026-05-28 20:31:44] кшалдв Боец 2: 1 урона от Лучник. HP 9/70
[2026-05-28 20:31:44] кшалдв Боец 4: 1 урона от Лучник. HP 43/70
[2026-05-28 20:31:44] кшалдв Боец 4: 1 урона от Лучник. HP 42/70
[2026-05-28 20:31:44] кшалдв Боец 2: 1 урона от Лучник. HP 8/70
[2026-05-28 20:31:44] влао Боец 2: 1 урона от Сильный боец. HP 64/70
[2026-05-28 20:31:44] кшалдв Боец 4: 1 урона от Лучник. HP 41/70
[2026-05-28 20:31:44] кшалдв Боец 9: 1 урона от Лучник. HP 52/60
[2026-05-28 20:31:44] кшалдв Боец 4: 1 урона от Лучник. HP 40/70
[2026-05-28 20:31:44] кшалдв Боец 3: 1 урона от Лучник. HP 28/60
[2026-05-28 20:31:44] кшалдв Боец 2: 1 урона от Лучник. HP 7/70
[2026-05-28 20:31:44] кшалдв Боец 9: 1 урона от Лучник. HP 51/60
[2026-05-28 20:31:44] кшалдв Боец 8: 1 урона от Лучник. HP 93/100
[2026-05-28 20:31:44] кшалдв Боец 3: 1 урона от Лучник. HP 27/60
[2026-05-28 20:31:44] кшалдв Боец 2: 1 урона от Лучник. HP 6/70
[2026-05-28 20:31:44] кшалдв Боец 2: 1 урона от Лучник. HP 5/70
[2026-05-28 20:31:44] кшалдв Боец 2: 1 урона от Лучник. HP 4/70
[2026-05-28 20:31:44] кшалдв Боец 4: 1 урона от Лучник. HP 39/70
[2026-05-28 20:31:44] кшалдв Боец 4: 1 урона от Лучник. HP 38/70
[2026-05-28 20:31:44] кшалдв Боец 2: 1 урона от Лучник. HP 3/70
[2026-05-28 20:31:44] кшалдв Боец 2: 1 урона от Лучник. HP 2/70
[2026-05-28 20:31:44] влао Боец 2: 1 урона от Сильный боец. HP 63/70
[2026-05-28 20:31:44] кшалдв Боец 2: 1 урона от Лучник. HP 1/70
[2026-05-28 20:31:44] кшалдв Боец 4: 1 урона от Лучник. HP 37/70
[2026-05-28 20:31:44] кшалдв Боец 8: 1 урона от Лучник. HP 92/100
[2026-05-28 20:31:44] кшалдв Боец 2: 1 урона от Лучник. HP 0/70
[2026-05-28 20:31:44] кшалдв Боец 2 убит Лучник
[2026-05-28 20:31:44] кшалдв Боец 10: 1 урона от Лучник. HP 67/70
[2026-05-28 20:31:44] кшалдв Боец 4: 1 урона от Лучник. HP 36/70
[2026-05-28 20:31:44] кшалдв Боец 4: 1 урона от Лучник. HP 35/70
[2026-05-28 20:31:44] кшалдв Боец 4: 1 урона от Лучник. HP 34/70
[2026-05-28 20:31:44] кшалдв Боец 4: 1 урона от Лучник. HP 33/70
[2026-05-28 20:31:44] кшалдв Боец 8: 1 урона от Лучник. HP 91/100
[2026-05-28 20:31:44] кшалдв Боец 4: 1 урона от Лучник. HP 32/70
[2026-05-28 20:31:44] кшалдв Боец 9: 1 урона от Лучник. HP 50/60
[2026-05-28 20:31:44] кшалдв Боец 3: 1 урона от Лучник. HP 26/60
[2026-05-28 20:31:45] кшалдв Боец 4: 1 урона от Лучник. HP 31/70
[2026-05-28 20:31:45] кшалдв Боец 9: 1 урона от Лучник. HP 49/60
[2026-05-28 20:31:45] кшалдв Боец 3: 1 урона от Лучник. HP 25/60
[2026-05-28 20:31:45] кшалдв Боец 3: 1 урона от Лучник. HP 24/60
[2026-05-28 20:31:45] кшалдв Боец 3: 1 урона от Лучник. HP 23/60
[2026-05-28 20:31:45] кшалдв Боец 9: 1 урона от Лучник. HP 48/60
[2026-05-28 20:31:45] кшалдв Боец 3: 1 урона от Лучник. HP 22/60
[2026-05-28 20:31:45] кшалдв Боец 3: 1 урона от Лучник. HP 21/60
[2026-05-28 20:31:45] кшалдв Боец 3: 1 урона от Лучник. HP 20/60
[2026-05-28 20:31:45] кшалдв Боец 3: 1 урона от Лучник. HP 19/60
[2026-05-28 20:31:45] кшалдв Боец 4: 1 урона от Лучник. HP 30/70
[2026-05-28 20:31:45] кшалдв Боец 4: 1 урона от Лучник. HP 29/70
[2026-05-28 20:31:45] кшалдв Боец 9: 1 урона от Лучник. HP 47/60
[2026-05-28 20:31:45] кшалдв Боец 9: 1 урона от Лучник. HP 46/60
[2026-05-28 20:31:45] кшалдв Боец 3: 1 урона от Лучник. HP 18/60
[2026-05-28 20:31:45] кшалдв Боец 3: 1 урона от Лучник. HP 17/60
[2026-05-28 20:31:45] кшалдв Боец 10: 1 урона от Лучник. HP 66/70
[2026-05-28 20:31:45] кшалдв Боец 3: 1 урона от Лучник. HP 16/60
[2026-05-28 20:31:45] кшалдв Боец 8: 1 урона от Лучник. HP 90/100
[2026-05-28 20:31:45] кшалдв Боец 3: 1 урона от Лучник. HP 15/60
[2026-05-28 20:31:45] кшалдв Боец 4: 1 урона от Лучник. HP 28/70
[2026-05-28 20:31:45] кшалдв Боец 4: 1 урона от Лучник. HP 27/70
[2026-05-28 20:31:45] кшалдв Боец 4: 1 урона от Лучник. HP 26/70
[2026-05-28 20:31:45] кшалдв Боец 4: 1 урона от Лучник. HP 25/70
[2026-05-28 20:31:45] кшалдв Боец 4: 1 урона от Лучник. HP 24/70
[2026-05-28 20:31:45] кшалдв Боец 4: 1 урона от Лучник. HP 23/70
[2026-05-28 20:31:45] кшалдв Боец 4: 1 урона от Лучник. HP 22/70
[2026-05-28 20:31:45] кшалдв Боец 8: 1 урона от Лучник. HP 89/100
[2026-05-28 20:31:45] кшалдв Боец 4: 1 урона от Лучник. HP 21/70
[2026-05-28 20:31:45] кшалдв Боец 3: 1 урона от Лучник. HP 14/60
[2026-05-28 20:31:45] кшалдв Боец 3: 1 урона от Лучник. HP 13/60
[2026-05-28 20:31:45] кшалдв Боец 3: 1 урона от Лучник. HP 12/60
[2026-05-28 20:31:45] кшалдв Боец 3: 1 урона от Лучник. HP 11/60
[2026-05-28 20:31:45] кшалдв Боец 3: 1 урона от Лучник. HP 10/60
[2026-05-28 20:31:45] кшалдв Боец 8: 1 урона от Лучник. HP 88/100
[2026-05-28 20:31:45] кшалдв Боец 3: 1 урона от Лучник. HP 9/60
[2026-05-28 20:31:45] кшалдв Боец 8: 1 урона от Лучник. HP 87/100
[2026-05-28 20:31:45] кшалдв Боец 3: 1 урона от Лучник. HP 8/60
[2026-05-28 20:31:45] кшалдв Боец 4: 1 урона от Лучник. HP 20/70
[2026-05-28 20:31:45] кшалдв Боец 9: 1 урона от Лучник. HP 45/60
[2026-05-28 20:31:45] кшалдв Боец 3: 1 урона от Лучник. HP 7/60
[2026-05-28 20:31:45] кшалдв Боец 3: 1 урона от Лучник. HP 6/60
[2026-05-28 20:31:45] кшалдв Боец 3: 1 урона от Лучник. HP 5/60
[2026-05-28 20:31:45] кшалдв Боец 4: 1 урона от Лучник. HP 19/70
[2026-05-28 20:31:45] кшалдв Боец 8: 1 урона от Лучник. HP 86/100
[2026-05-28 20:31:45] кшалдв Боец 3: 1 урона от Лучник. HP 4/60
[2026-05-28 20:31:45] кшалдв Боец 3: 1 урона от Лучник. HP 3/60
[2026-05-28 20:31:45] кшалдв Боец 4: 1 урона от Лучник. HP 18/70
[2026-05-28 20:31:45] кшалдв Боец 4: 1 урона от Лучник. HP 17/70
[2026-05-28 20:31:45] кшалдв Боец 4: 1 урона от Лучник. HP 16/70
[2026-05-28 20:31:46] кшалдв Боец 4: 1 урона от Лучник. HP 15/70
[2026-05-28 20:31:46] кшалдв Боец 4: 1 урона от Лучник. HP 14/70
[2026-05-28 20:31:46] кшалдв Боец 8: 1 урона от Лучник. HP 85/100
[2026-05-28 20:31:46] кшалдв Боец 4: 1 урона от Лучник. HP 13/70
[2026-05-28 20:31:46] кшалдв Боец 4: 1 урона от Лучник. HP 12/70
[2026-05-28 20:31:46] кшалдв Боец 9: 1 урона от Лучник. HP 44/60
[2026-05-28 20:31:46] кшалдв Боец 4: 1 урона от Лучник. HP 11/70
[2026-05-28 20:31:46] кшалдв Боец 9: 1 урона от Лучник. HP 43/60
[2026-05-28 20:31:46] кшалдв Боец 4: 1 урона от Лучник. HP 10/70
[2026-05-28 20:31:46] кшалдв Боец 3: 1 урона от Лучник. HP 2/60
[2026-05-28 20:31:46] кшалдв Боец 3: 1 урона от Лучник. HP 1/60
[2026-05-28 20:31:46] кшалдв Боец 9: 1 урона от Лучник. HP 42/60
[2026-05-28 20:31:46] кшалдв Боец 3: 1 урона от Лучник. HP 0/60
[2026-05-28 20:31:46] кшалдв Боец 3 убит Лучник
[2026-05-28 20:31:46] кшалдв Боец 10: 1 урона от Лучник. HP 65/70
[2026-05-28 20:31:46] кшалдв Боец 8: 1 урона от Лучник. HP 84/100
[2026-05-28 20:31:46] кшалдв Боец 10: 1 урона от Лучник. HP 64/70
[2026-05-28 20:31:46] кшалдв Боец 4: 1 урона от Лучник. HP 9/70
[2026-05-28 20:31:46] кшалдв Боец 8: 1 урона от Лучник. HP 83/100
[2026-05-28 20:31:46] кшалдв Боец 10: 1 урона от Лучник. HP 63/70
[2026-05-28 20:31:46] кшалдв Боец 4: 1 урона от Лучник. HP 8/70
[2026-05-28 20:31:46] кшалдв Боец 8: 1 урона от Лучник. HP 82/100
[2026-05-28 20:31:46] кшалдв Боец 8: 1 урона от Лучник. HP 81/100
[2026-05-28 20:31:46] кшалдв Боец 8: 1 урона от Лучник. HP 80/100
[2026-05-28 20:31:46] кшалдв Боец 4: 1 урона от Лучник. HP 7/70
[2026-05-28 20:31:46] кшалдв Боец 4: 1 урона от Лучник. HP 6/70
[2026-05-28 20:31:46] кшалдв Боец 4: 1 урона от Лучник. HP 5/70
[2026-05-28 20:31:46] кшалдв Боец 4: 1 урона от Лучник. HP 4/70
[2026-05-28 20:31:46] кшалдв Боец 4: 1 урона от Лучник. HP 3/70
[2026-05-28 20:31:46] кшалдв Боец 8: 1 урона от Лучник. HP 79/100
[2026-05-28 20:31:46] кшалдв Боец 4: 1 урона от Лучник. HP 2/70
[2026-05-28 20:31:46] кшалдв Боец 10: 1 урона от Лучник. HP 62/70
[2026-05-28 20:31:46] кшалдв Боец 9: 1 урона от Лучник. HP 41/60
[2026-05-28 20:31:46] кшалдв Боец 4: 1 урона от Лучник. HP 1/70
[2026-05-28 20:31:46] кшалдв Боец 8: 1 урона от Лучник. HP 78/100
[2026-05-28 20:31:47] кшалдв Боец 9: 1 урона от Лучник. HP 40/60
[2026-05-28 20:31:47] кшалдв Боец 10: 1 урона от Лучник. HP 61/70
[2026-05-28 20:31:47] кшалдв Боец 4: 1 урона от Лучник. HP 0/70
[2026-05-28 20:31:47] кшалдв Боец 4 убит Лучник
[2026-05-28 20:31:47] кшалдв Боец 10: 1 урона от Лучник. HP 60/70
[2026-05-28 20:31:47] кшалдв Боец 8: 1 урона от Лучник. HP 77/100
[2026-05-28 20:31:47] кшалдв Боец 9: 1 урона от Лучник. HP 39/60
[2026-05-28 20:31:47] кшалдв Боец 8: 1 урона от Лучник. HP 76/100
[2026-05-28 20:31:47] кшалдв Боец 9: 1 урона от Лучник. HP 38/60
[2026-05-28 20:31:47] кшалдв Боец 9: 1 урона от Лучник. HP 37/60
[2026-05-28 20:31:47] кшалдв Боец 8: 1 урона от Лучник. HP 75/100
[2026-05-28 20:31:47] кшалдв Боец 8: 1 урона от Лучник. HP 74/100
[2026-05-28 20:31:47] кшалдв Боец 8: 1 урона от Лучник. HP 73/100
[2026-05-28 20:31:47] кшалдв Боец 8: 1 урона от Лучник. HP 72/100
[2026-05-28 20:31:47] кшалдв Боец 10: 1 урона от Лучник. HP 59/70
[2026-05-28 20:31:47] кшалдв Боец 8: 1 урона от Лучник. HP 71/100
[2026-05-28 20:31:47] кшалдв Боец 9: 1 урона от Лучник. HP 36/60
[2026-05-28 20:31:47] кшалдв Боец 8: 1 урона от Лучник. HP 70/100
[2026-05-28 20:31:47] кшалдв Боец 8: 1 урона от Лучник. HP 69/100
[2026-05-28 20:31:47] кшалдв Боец 9: 1 урона от Лучник. HP 35/60
[2026-05-28 20:31:47] кшалдв Боец 9: 1 урона от Лучник. HP 34/60
[2026-05-28 20:31:47] кшалдв Боец 9: 1 урона от Лучник. HP 33/60
[2026-05-28 20:31:47] кшалдв Боец 9: 1 урона от Лучник. HP 32/60
[2026-05-28 20:31:47] кшалдв Боец 8: 1 урона от Лучник. HP 68/100
[2026-05-28 20:31:47] кшалдв Боец 8: 1 урона от Лучник. HP 67/100
[2026-05-28 20:31:47] кшалдв Боец 8: 1 урона от Лучник. HP 66/100
[2026-05-28 20:31:47] кшалдв Боец 9: 1 урона от Лучник. HP 31/60
[2026-05-28 20:31:47] кшалдв Боец 8: 1 урона от Лучник. HP 65/100
[2026-05-28 20:31:47] кшалдв Боец 8: 1 урона от Лучник. HP 64/100
[2026-05-28 20:31:47] кшалдв Боец 8: 1 урона от Лучник. HP 63/100
[2026-05-28 20:31:47] кшалдв Боец 8: 1 урона от Лучник. HP 62/100
[2026-05-28 20:31:47] кшалдв Боец 10: 1 урона от Лучник. HP 58/70
[2026-05-28 20:31:47] кшалдв Боец 8: 1 урона от Лучник. HP 61/100
[2026-05-28 20:31:47] кшалдв Боец 8: 1 урона от Лучник. HP 60/100
[2026-05-28 20:31:47] кшалдв Боец 8: 1 урона от Лучник. HP 59/100
[2026-05-28 20:31:47] кшалдв Боец 8: 1 урона от Лучник. HP 58/100
[2026-05-28 20:31:47] кшалдв Боец 8: 1 урона от Лучник. HP 57/100
[2026-05-28 20:31:47] кшалдв Боец 10: 1 урона от Лучник. HP 57/70
[2026-05-28 20:31:47] кшалдв Боец 9: 1 урона от Лучник. HP 30/60
[2026-05-28 20:31:47] кшалдв Боец 9: 1 урона от Лучник. HP 29/60
[2026-05-28 20:31:47] кшалдв Боец 8: 1 урона от Лучник. HP 56/100
[2026-05-28 20:31:47] кшалдв Боец 8: 1 урона от Лучник. HP 55/100
[2026-05-28 20:31:47] кшалдв Боец 8: 1 урона от Лучник. HP 54/100
[2026-05-28 20:31:47] кшалдв Боец 9: 1 урона от Лучник. HP 28/60
[2026-05-28 20:31:47] кшалдв Боец 9: 1 урона от Лучник. HP 27/60
[2026-05-28 20:31:47] кшалдв Боец 8: 1 урона от Лучник. HP 53/100
[2026-05-28 20:31:47] кшалдв Боец 9: 1 урона от Лучник. HP 26/60
[2026-05-28 20:31:47] кшалдв Боец 8: 1 урона от Лучник. HP 52/100
[2026-05-28 20:31:47] кшалдв Боец 8: 1 урона от Лучник. HP 51/100
[2026-05-28 20:31:47] кшалдв Боец 8: 1 урона от Лучник. HP 50/100
[2026-05-28 20:31:47] кшалдв Боец 9: 1 урона от Лучник. HP 25/60
[2026-05-28 20:31:47] кшалдв Боец 9: 1 урона от Лучник. HP 24/60
[2026-05-28 20:31:47] кшалдв Боец 8: 1 урона от Лучник. HP 49/100
[2026-05-28 20:31:47] кшалдв Боец 10: 1 урона от Лучник. HP 56/70
[2026-05-28 20:31:47] кшалдв Боец 8: 1 урона от Лучник. HP 48/100
[2026-05-28 20:31:47] кшалдв Боец 9: 1 урона от Лучник. HP 23/60
[2026-05-28 20:31:47] кшалдв Боец 8: 1 урона от Лучник. HP 47/100
[2026-05-28 20:31:47] кшалдв Боец 9: 1 урона от Лучник. HP 22/60
[2026-05-28 20:31:47] кшалдв Боец 8: 1 урона от Лучник. HP 46/100
[2026-05-28 20:31:47] кшалдв Боец 8: 1 урона от Лучник. HP 45/100
[2026-05-28 20:31:47] кшалдв Боец 8: 1 урона от Лучник. HP 44/100
[2026-05-28 20:31:47] кшалдв Боец 8: 1 урона от Лучник. HP 43/100
[2026-05-28 20:31:47] кшалдв Боец 9: 1 урона от Лучник. HP 21/60
[2026-05-28 20:31:47] кшалдв Боец 9: 1 урона от Лучник. HP 20/60
[2026-05-28 20:31:47] кшалдв Боец 8: 1 урона от Лучник. HP 42/100
[2026-05-28 20:31:47] кшалдв Боец 9: 1 урона от Лучник. HP 19/60
[2026-05-28 20:31:47] кшалдв Боец 9: 1 урона от Лучник. HP 18/60
[2026-05-28 20:31:47] кшалдв Боец 8: 1 урона от Лучник. HP 41/100
[2026-05-28 20:31:47] кшалдв Боец 9: 1 урона от Лучник. HP 17/60
[2026-05-28 20:31:47] кшалдв Боец 8: 1 урона от Лучник. HP 40/100
[2026-05-28 20:31:47] кшалдв Боец 8: 1 урона от Лучник. HP 39/100
[2026-05-28 20:31:47] кшалдв Боец 8: 1 урона от Лучник. HP 38/100
[2026-05-28 20:31:47] кшалдв Боец 10: 1 урона от Лучник. HP 55/70
[2026-05-28 20:31:47] кшалдв Боец 9: 1 урона от Лучник. HP 16/60
[2026-05-28 20:31:48] кшалдв Боец 9: 1 урона от Лучник. HP 15/60
[2026-05-28 20:31:48] кшалдв Боец 10: 1 урона от Лучник. HP 54/70
[2026-05-28 20:31:48] кшалдв Боец 9: 1 урона от Лучник. HP 14/60
[2026-05-28 20:31:48] кшалдв Боец 8: 1 урона от Лучник. HP 37/100
[2026-05-28 20:31:48] кшалдв Боец 10: 1 урона от Лучник. HP 53/70
[2026-05-28 20:31:48] кшалдв Боец 8: 1 урона от Лучник. HP 36/100
[2026-05-28 20:31:48] кшалдв Боец 8: 1 урона от Лучник. HP 35/100
[2026-05-28 20:31:48] кшалдв Боец 9: 1 урона от Лучник. HP 13/60
[2026-05-28 20:31:48] кшалдв Боец 8: 1 урона от Лучник. HP 34/100
[2026-05-28 20:31:48] кшалдв Боец 8: 1 урона от Лучник. HP 33/100
[2026-05-28 20:31:48] кшалдв Боец 8: 1 урона от Лучник. HP 32/100
[2026-05-28 20:31:48] кшалдв Боец 9: 1 урона от Лучник. HP 12/60
[2026-05-28 20:31:48] кшалдв Боец 8: 1 урона от Лучник. HP 31/100
[2026-05-28 20:31:48] кшалдв Боец 8: 1 урона от Лучник. HP 30/100
[2026-05-28 20:31:48] кшалдв Боец 8: 1 урона от Лучник. HP 29/100
[2026-05-28 20:31:48] кшалдв Боец 9: 1 урона от Лучник. HP 11/60
[2026-05-28 20:31:48] кшалдв Боец 10: 1 урона от Лучник. HP 52/70
[2026-05-28 20:31:48] кшалдв Боец 8: 1 урона от Лучник. HP 28/100
[2026-05-28 20:31:48] кшалдв Боец 8: 1 урона от Лучник. HP 27/100
[2026-05-28 20:31:48] кшалдв Боец 8: 1 урона от Лучник. HP 26/100
[2026-05-28 20:31:48] кшалдв Боец 9: 1 урона от Лучник. HP 10/60
[2026-05-28 20:31:48] кшалдв Боец 10: 1 урона от Лучник. HP 51/70
[2026-05-28 20:31:48] кшалдв Боец 9: 1 урона от Лучник. HP 9/60
[2026-05-28 20:31:48] кшалдв Боец 8: 1 урона от Лучник. HP 25/100
[2026-05-28 20:31:48] кшалдв Боец 8: 1 урона от Лучник. HP 24/100
[2026-05-28 20:31:48] кшалдв Боец 8: 1 урона от Лучник. HP 23/100
[2026-05-28 20:31:48] кшалдв Боец 8: 1 урона от Лучник. HP 22/100
[2026-05-28 20:31:48] кшалдв Боец 10: 1 урона от Лучник. HP 50/70
[2026-05-28 20:31:48] кшалдв Боец 8: 1 урона от Лучник. HP 21/100
[2026-05-28 20:31:48] кшалдв Боец 10: 1 урона от Лучник. HP 49/70
[2026-05-28 20:31:48] кшалдв Боец 9: 1 урона от Лучник. HP 8/60
[2026-05-28 20:31:48] кшалдв Боец 10: 1 урона от Лучник. HP 48/70
[2026-05-28 20:31:48] кшалдв Боец 8: 1 урона от Лучник. HP 20/100
[2026-05-28 20:31:48] кшалдв Боец 9: 1 урона от Лучник. HP 7/60
[2026-05-28 20:31:48] кшалдв Боец 9: 1 урона от Лучник. HP 6/60
[2026-05-28 20:31:48] кшалдв Боец 9: 1 урона от Лучник. HP 5/60
[2026-05-28 20:31:48] кшалдв Боец 8: 1 урона от Лучник. HP 19/100
[2026-05-28 20:31:48] кшалдв Боец 8: 1 урона от Лучник. HP 18/100
[2026-05-28 20:31:48] кшалдв Боец 8: 1 урона от Лучник. HP 17/100
[2026-05-28 20:31:48] кшалдв Боец 8: 1 урона от Лучник. HP 16/100
[2026-05-28 20:31:48] кшалдв Боец 8: 1 урона от Лучник. HP 15/100
[2026-05-28 20:31:48] кшалдв Боец 8: 1 урона от Лучник. HP 14/100
[2026-05-28 20:31:48] кшалдв Боец 10: 1 урона от Лучник. HP 47/70
[2026-05-28 20:31:48] кшалдв Боец 10: 1 урона от Лучник. HP 46/70
[2026-05-28 20:31:48] кшалдв Боец 8: 1 урона от Лучник. HP 13/100
[2026-05-28 20:31:48] кшалдв Боец 8: 1 урона от Лучник. HP 12/100
[2026-05-28 20:31:48] кшалдв Боец 9: 1 урона от Лучник. HP 4/60
[2026-05-28 20:31:48] кшалдв Боец 8: 1 урона от Лучник. HP 11/100
[2026-05-28 20:31:48] кшалдв Боец 8: 1 урона от Лучник. HP 10/100
[2026-05-28 20:31:48] кшалдв Боец 9: 1 урона от Лучник. HP 3/60
[2026-05-28 20:31:48] кшалдв Боец 8: 1 урона от Лучник. HP 9/100
[2026-05-28 20:31:48] кшалдв Боец 8: 1 урона от Лучник. HP 8/100
[2026-05-28 20:31:48] кшалдв Боец 8: 1 урона от Лучник. HP 7/100
[2026-05-28 20:31:48] кшалдв Боец 10: 1 урона от Лучник. HP 45/70
[2026-05-28 20:31:48] кшалдв Боец 8: 1 урона от Лучник. HP 6/100
[2026-05-28 20:31:48] кшалдв Боец 8: 1 урона от Лучник. HP 5/100
[2026-05-28 20:31:48] кшалдв Боец 9: 1 урона от Лучник. HP 2/60
[2026-05-28 20:31:48] кшалдв Боец 8: 1 урона от Лучник. HP 4/100
[2026-05-28 20:31:48] кшалдв Боец 8: 1 урона от Лучник. HP 3/100
[2026-05-28 20:31:48] кшалдв Боец 8: 1 урона от Лучник. HP 2/100
[2026-05-28 20:31:48] кшалдв Боец 8: 1 урона от Лучник. HP 1/100
[2026-05-28 20:31:48] кшалдв Боец 9: 1 урона от Лучник. HP 1/60
[2026-05-28 20:31:48] кшалдв Боец 8: 1 урона от Лучник. HP 0/100
[2026-05-28 20:31:48] кшалдв Боец 8 убит Лучник
[2026-05-28 20:31:48] кшалдв Боец 9: 1 урона от Лучник. HP 0/60
[2026-05-28 20:31:48] кшалдв Боец 9 убит Лучник
[2026-05-28 20:31:48] кшалдв Боец 10: 1 урона от Лучник. HP 44/70
[2026-05-28 20:31:48] кшалдв Боец 10: 1 урона от Лучник. HP 43/70
[2026-05-28 20:31:48] кшалдв Боец 10: 1 урона от Лучник. HP 42/70
[2026-05-28 20:31:48] кшалдв Боец 10: 1 урона от Лучник. HP 41/70
[2026-05-28 20:31:48] кшалдв Боец 10: 1 урона от Лучник. HP 40/70
[2026-05-28 20:31:48] кшалдв Боец 10: 1 урона от Лучник. HP 39/70
[2026-05-28 20:31:48] кшалдв Боец 10: 1 урона от Лучник. HP 38/70
[2026-05-28 20:31:48] кшалдв Боец 10: 1 урона от Лучник. HP 37/70
[2026-05-28 20:31:48] кшалдв Боец 10: 1 урона от Лучник. HP 36/70
[2026-05-28 20:31:48] кшалдв Боец 10: 1 урона от Лучник. HP 35/70
[2026-05-28 20:31:48] кшалдв Боец 10: 1 урона от Лучник. HP 34/70
[2026-05-28 20:31:48] кшалдв Боец 10: 1 урона от Лучник. HP 33/70
[2026-05-28 20:31:48] кшалдв Боец 10: 1 урона от Лучник. HP 32/70
[2026-05-28 20:31:48] кшалдв Боец 10: 1 урона от Лучник. HP 31/70
[2026-05-28 20:31:48] кшалдв Боец 10: 1 урона от Лучник. HP 30/70
[2026-05-28 20:31:48] кшалдв Боец 10: 1 урона от Лучник. HP 29/70
[2026-05-28 20:31:48] кшалдв Боец 10: 1 урона от Лучник. HP 28/70
[2026-05-28 20:31:49] кшалдв Боец 10: 1 урона от Лучник. HP 27/70
[2026-05-28 20:31:49] кшалдв Боец 10: 1 урона от Лучник. HP 26/70
[2026-05-28 20:31:49] кшалдв Боец 10: 1 урона от Лучник. HP 25/70
[2026-05-28 20:31:49] кшалдв Боец 10: 1 урона от Лучник. HP 24/70
[2026-05-28 20:31:49] кшалдв Боец 10: 1 урона от Лучник. HP 23/70
[2026-05-28 20:31:49] кшалдв Боец 10: 1 урона от Лучник. HP 22/70
[2026-05-28 20:31:49] кшалдв Боец 10: 1 урона от Лучник. HP 21/70
[2026-05-28 20:31:49] кшалдв Боец 10: 1 урона от Лучник. HP 20/70
[2026-05-28 20:31:49] кшалдв Боец 10: 1 урона от Лучник. HP 19/70
[2026-05-28 20:31:49] кшалдв Боец 10: 1 урона от Лучник. HP 18/70
[2026-05-28 20:31:49] кшалдв Боец 10: 1 урона от Лучник. HP 17/70
[2026-05-28 20:31:49] кшалдв Боец 10: 1 урона от Лучник. HP 16/70
[2026-05-28 20:31:49] кшалдв Боец 10: 1 урона от Лучник. HP 15/70
[2026-05-28 20:31:49] кшалдв Боец 10: 1 урона от Лучник. HP 14/70
[2026-05-28 20:31:49] кшалдв Боец 10: 1 урона от Лучник. HP 13/70
[2026-05-28 20:31:49] кшалдв Боец 10: 1 урона от Лучник. HP 12/70
[2026-05-28 20:31:49] кшалдв Боец 10: 1 урона от Лучник. HP 11/70
[2026-05-28 20:31:49] кшалдв Боец 10: 1 урона от Лучник. HP 10/70
[2026-05-28 20:31:49] кшалдв Боец 10: 1 урона от Лучник. HP 9/70
[2026-05-28 20:31:49] кшалдв Боец 10: 1 урона от Лучник. HP 8/70
[2026-05-28 20:31:49] кшалдв Боец 10: 1 урона от Лучник. HP 7/70
[2026-05-28 20:31:49] кшалдв Боец 10: 1 урона от Лучник. HP 6/70
[2026-05-28 20:31:49] кшалдв Боец 10: 1 урона от Лучник. HP 5/70
[2026-05-28 20:31:49] кшалдв Боец 10: 1 урона от Лучник. HP 4/70
[2026-05-28 20:31:49] кшалдв Боец 10: 1 урона от Лучник. HP 3/70
[2026-05-28 20:31:49] кшалдв Боец 10: 1 урона от Лучник. HP 2/70
[2026-05-28 20:31:49] кшалдв Боец 10: 1 урона от Лучник. HP 1/70
[2026-05-28 20:31:49] кшалдв Боец 10: 1 урона от Лучник. HP 0/70
[2026-05-28 20:31:49] кшалдв Боец 10 убит Лучник
[2026-05-28 20:31:59] кшалдв Боец 9: 1 урона от Лучник. HP 23/60
[2026-05-28 20:31:59] кшалдв Боец 8: 1 урона от Лучник. HP 47/100
[2026-05-28 20:31:59] кшалдв Боец 8: 1 урона от Лучник. HP 46/100
[2026-05-28 20:31:59] кшалдв Боец 8: 1 урона от Лучник. HP 45/100
[2026-05-28 20:31:59] кшалдв Боец 8: 1 урона от Лучник. HP 44/100
[2026-05-28 20:31:59] кшалдв Боец 8: 1 урона от Лучник. HP 43/100
[2026-05-28 20:31:59] кшалдв Боец 10: 1 урона от Лучник. HP 55/70
[2026-05-28 20:31:59] кшалдв Боец 10: 1 урона от Лучник. HP 54/70
[2026-05-28 20:31:59] кшалдв Боец 9: 1 урона от Лучник. HP 22/60
[2026-05-28 20:31:59] кшалдв Боец 8: 1 урона от Лучник. HP 42/100
[2026-05-28 20:31:59] кшалдв Боец 9: 1 урона от Лучник. HP 21/60
[2026-05-28 20:31:59] кшалдв Боец 8: 1 урона от Лучник. HP 41/100
[2026-05-28 20:31:59] кшалдв Боец 10: 1 урона от Лучник. HP 53/70
[2026-05-28 20:31:59] кшалдв Боец 9: 1 урона от Лучник. HP 20/60
[2026-05-28 20:31:59] кшалдв Боец 8: 1 урона от Лучник. HP 40/100
[2026-05-28 20:31:59] кшалдв Боец 8: 1 урона от Лучник. HP 39/100
[2026-05-28 20:31:59] кшалдв Боец 8: 1 урона от Лучник. HP 38/100
[2026-05-28 20:31:59] кшалдв Боец 8: 1 урона от Лучник. HP 37/100
[2026-05-28 20:31:59] кшалдв Боец 10: 1 урона от Лучник. HP 52/70
[2026-05-28 20:31:59] кшалдв Боец 8: 1 урона от Лучник. HP 36/100
[2026-05-28 20:31:59] кшалдв Боец 10: 1 урона от Лучник. HP 51/70
[2026-05-28 20:31:59] кшалдв Боец 8: 1 урона от Лучник. HP 35/100
[2026-05-28 20:31:59] кшалдв Боец 9: 1 урона от Лучник. HP 15/60
[2026-05-28 20:31:59] кшалдв Боец 8: 1 урона от Лучник. HP 37/100
[2026-05-28 20:31:59] кшалдв Боец 8: 1 урона от Лучник. HP 36/100
[2026-05-28 20:31:59] кшалдв Боец 9: 1 урона от Лучник. HP 14/60
[2026-05-28 20:31:59] кшалдв Боец 8: 1 урона от Лучник. HP 35/100
[2026-05-28 20:31:59] кшалдв Боец 8: 1 урона от Лучник. HP 34/100
[2026-05-28 20:31:59] кшалдв Боец 8: 1 урона от Лучник. HP 33/100
[2026-05-28 20:31:59] кшалдв Боец 8: 1 урона от Лучник. HP 32/100
[2026-05-28 20:31:59] кшалдв Боец 9: 1 урона от Лучник. HP 13/60
[2026-05-28 20:31:59] кшалдв Боец 8: 1 урона от Лучник. HP 31/100
[2026-05-28 20:31:59] кшалдв Боец 9: 1 урона от Лучник. HP 12/60
[2026-05-28 20:31:59] кшалдв Боец 8: 1 урона от Лучник. HP 30/100
[2026-05-28 20:31:59] кшалдв Боец 8: 1 урона от Лучник. HP 29/100
[2026-05-28 20:31:59] кшалдв Боец 9: 1 урона от Лучник. HP 11/60
[2026-05-28 20:31:59] кшалдв Боец 10: 1 урона от Лучник. HP 54/70
[2026-05-28 20:31:59] кшалдв Боец 9: 1 урона от Лучник. HP 10/60
[2026-05-28 20:31:59] кшалдв Боец 8: 1 урона от Лучник. HP 28/100
[2026-05-28 20:31:59] кшалдв Боец 8: 1 урона от Лучник. HP 27/100
[2026-05-28 20:31:59] кшалдв Боец 8: 1 урона от Лучник. HP 26/100
[2026-05-28 20:31:59] кшалдв Боец 8: 1 урона от Лучник. HP 25/100
[2026-05-28 20:31:59] кшалдв Боец 10: 1 урона от Лучник. HP 53/70
[2026-05-28 20:31:59] кшалдв Боец 8: 1 урона от Лучник. HP 24/100
[2026-05-28 20:32:00] кшалдв Боец 8: 1 урона от Лучник. HP 26/100
[2026-05-28 20:32:00] кшалдв Боец 8: 1 урона от Лучник. HP 25/100
[2026-05-28 20:32:00] кшалдв Боец 10: 1 урона от Лучник. HP 51/70
[2026-05-28 20:32:00] кшалдв Боец 8: 1 урона от Лучник. HP 24/100
[2026-05-28 20:32:00] кшалдв Боец 8: 1 урона от Лучник. HP 23/100
[2026-05-28 20:32:00] кшалдв Боец 8: 1 урона от Лучник. HP 22/100
[2026-05-28 20:32:00] кшалдв Боец 8: 1 урона от Лучник. HP 21/100
[2026-05-28 20:32:00] кшалдв Боец 8: 1 урона от Лучник. HP 20/100
[2026-05-28 20:32:00] кшалдв Боец 10: 1 урона от Лучник. HP 50/70
[2026-05-28 20:32:00] кшалдв Боец 8: 1 урона от Лучник. HP 19/100
[2026-05-28 20:32:00] кшалдв Боец 9: 1 урона от Лучник. HP 10/60
[2026-05-28 20:32:00] кшалдв Боец 9: 1 урона от Лучник. HP 9/60
[2026-05-28 20:32:00] кшалдв Боец 8: 1 урона от Лучник. HP 18/100
[2026-05-28 20:32:00] кшалдв Боец 10: 1 урона от Лучник. HP 49/70
[2026-05-28 20:32:00] кшалдв Боец 9: 1 урона от Лучник. HP 8/60
[2026-05-28 20:32:00] кшалдв Боец 8: 1 урона от Лучник. HP 17/100
[2026-05-28 20:32:00] кшалдв Боец 8: 1 урона от Лучник. HP 16/100
[2026-05-28 20:32:00] кшалдв Боец 8: 1 урона от Лучник. HP 15/100
[2026-05-28 20:32:00] кшалдв Боец 9: 1 урона от Лучник. HP 7/60
[2026-05-28 20:32:00] кшалдв Боец 9: 1 урона от Лучник. HP 6/60
[2026-05-28 20:32:00] кшалдв Боец 9: 1 урона от Лучник. HP 5/60
[2026-05-28 20:32:00] кшалдв Боец 8: 1 урона от Лучник. HP 14/100
[2026-05-28 20:32:00] кшалдв Боец 8: 1 урона от Лучник. HP 16/100
[2026-05-28 20:32:00] кшалдв Боец 9: 1 урона от Лучник. HP 4/60
[2026-05-28 20:32:00] кшалдв Боец 8: 1 урона от Лучник. HP 15/100
[2026-05-28 20:32:00] кшалдв Боец 8: 1 урона от Лучник. HP 14/100
[2026-05-28 20:32:00] кшалдв Боец 9: 1 урона от Лучник. HP 3/60
[2026-05-28 20:32:00] кшалдв Боец 9: 1 урона от Лучник. HP 2/60
[2026-05-28 20:32:00] кшалдв Боец 9: 1 урона от Лучник. HP 1/60
[2026-05-28 20:32:00] кшалдв Боец 8: 1 урона от Лучник. HP 13/100
[2026-05-28 20:32:00] кшалдв Боец 8: 1 урона от Лучник. HP 12/100
[2026-05-28 20:32:00] кшалдв Боец 8: 1 урона от Лучник. HP 11/100
[2026-05-28 20:32:00] кшалдв Боец 8: 1 урона от Лучник. HP 10/100
[2026-05-28 20:32:00] кшалдв Боец 9: 1 урона от Лучник. HP 0/60
[2026-05-28 20:32:00] кшалдв Боец 9 убит Лучник
[2026-05-28 20:32:00] кшалдв Боец 8: 1 урона от Лучник. HP 9/100
[2026-05-28 20:32:00] кшалдв Боец 10: 1 урона от Лучник. HP 47/70
[2026-05-28 20:32:00] кшалдв Боец 8: 1 урона от Лучник. HP 8/100
[2026-05-28 20:32:00] кшалдв Боец 8: 1 урона от Лучник. HP 7/100
[2026-05-28 20:32:00] кшалдв Боец 8: 1 урона от Лучник. HP 6/100
[2026-05-28 20:32:00] кшалдв Боец 10: 1 урона от Лучник. HP 46/70
[2026-05-28 20:32:00] кшалдв Боец 8: 1 урона от Лучник. HP 5/100
[2026-05-28 20:32:00] кшалдв Боец 8: 1 урона от Лучник. HP 4/100
[2026-05-28 20:32:00] кшалдв Боец 10: 1 урона от Лучник. HP 45/70
[2026-05-28 20:32:00] кшалдв Боец 8: 1 урона от Лучник. HP 3/100
[2026-05-28 20:32:00] кшалдв Боец 8: 1 урона от Лучник. HP 1/100
[2026-05-28 20:32:00] кшалдв Боец 8: 1 урона от Лучник. HP 0/100
[2026-05-28 20:32:00] кшалдв Боец 8 убит Лучник
[2026-05-28 20:32:00] кшалдв Боец 9: 1 урона от Лучник. HP 1/60
[2026-05-28 20:32:00] кшалдв Боец 9: 1 урона от Лучник. HP 0/60
[2026-05-28 20:32:00] кшалдв Боец 9 убит Лучник
[2026-05-28 20:32:00] кшалдв Боец 10: 1 урона от Лучник. HP 44/70
[2026-05-28 20:32:00] кшалдв Боец 10: 1 урона от Лучник. HP 43/70
[2026-05-28 20:32:00] кшалдв Боец 10: 1 урона от Лучник. HP 42/70
[2026-05-28 20:32:00] кшалдв Боец 10: 1 урона от Лучник. HP 41/70
[2026-05-28 20:32:00] кшалдв Боец 10: 1 урона от Лучник. HP 40/70
[2026-05-28 20:32:00] кшалдв Боец 10: 1 урона от Лучник. HP 39/70
[2026-05-28 20:32:00] кшалдв Боец 10: 1 урона от Лучник. HP 38/70
[2026-05-28 20:32:00] кшалдв Боец 10: 1 урона от Лучник. HP 37/70
[2026-05-28 20:32:00] кшалдв Боец 10: 1 урона от Лучник. HP 36/70
[2026-05-28 20:32:00] кшалдв Боец 10: 1 урона от Лучник. HP 35/70
[2026-05-28 20:32:00] кшалдв Боец 10: 1 урона от Лучник. HP 34/70
[2026-05-28 20:32:00] кшалдв Боец 10: 1 урона от Лучник. HP 33/70
[2026-05-28 20:32:00] кшалдв Боец 10: 1 урона от Лучник. HP 32/70
[2026-05-28 20:32:00] кшалдв Боец 10: 1 урона от Лучник. HP 31/70
[2026-05-28 20:32:00] кшалдв Боец 10: 1 урона от Лучник. HP 30/70
[2026-05-28 20:32:00] кшалдв Боец 10: 1 урона от Лучник. HP 29/70
[2026-05-28 20:32:00] кшалдв Боец 10: 1 урона от Лучник. HP 28/70
[2026-05-28 20:32:00] кшалдв Боец 10: 1 урона от Лучник. HP 27/70
[2026-05-28 20:32:00] кшалдв Боец 10: 1 урона от Лучник. HP 27/70
[2026-05-28 20:32:00] кшалдв Боец 10: 1 урона от Лучник. HP 26/70
[2026-05-28 20:32:00] кшалдв Боец 10: 1 урона от Лучник. HP 25/70
[2026-05-28 20:32:00] кшалдв Боец 10: 1 урона от Лучник. HP 24/70
[2026-05-28 20:32:00] кшалдв Боец 10: 1 урона от Лучник. HP 23/70
[2026-05-28 20:32:00] кшалдв Боец 10: 1 урона от Лучник. HP 22/70
[2026-05-28 20:32:00] кшалдв Боец 10: 1 урона от Лучник. HP 21/70
[2026-05-28 20:32:00] кшалдв Боец 10: 1 урона от Лучник. HP 20/70
[2026-05-28 20:32:00] кшалдв Боец 10: 1 урона от Лучник. HP 19/70
[2026-05-28 20:32:00] кшалдв Боец 10: 1 урона от Лучник. HP 18/70
[2026-05-28 20:32:00] кшалдв Боец 10: 1 урона от Лучник. HP 17/70
[2026-05-28 20:32:00] кшалдв Боец 10: 1 урона от Лучник. HP 16/70
[2026-05-28 20:32:00] кшалдв Боец 10: 1 урона от Лучник. HP 15/70
[2026-05-28 20:32:00] кшалдв Боец 10: 1 урона от Лучник. HP 14/70
[2026-05-28 20:32:00] кшалдв Боец 10: 1 урона от Лучник. HP 13/70
[2026-05-28 20:32:00] кшалдв Боец 10: 1 урона от Лучник. HP 12/70
[2026-05-28 20:32:00] кшалдв Боец 10: 1 урона от Лучник. HP 11/70
[2026-05-28 20:32:00] кшалдв Боец 10: 1 урона от Лучник. HP 10/70
[2026-05-28 20:32:00] кшалдв Боец 10: 1 урона от Лучник. HP 9/70
[2026-05-28 20:32:00] кшалдв Боец 10: 1 урона от Лучник. HP 8/70
[2026-05-28 20:32:00] кшалдв Боец 10: 1 урона от Лучник. HP 7/70
[2026-05-28 20:32:00] кшалдв Боец 10: 1 урона от Лучник. HP 6/70
[2026-05-28 20:32:00] кшалдв Боец 10: 1 урона от Лучник. HP 5/70
[2026-05-28 20:32:00] кшалдв Боец 10: 1 урона от Лучник. HP 5/70
[2026-05-28 20:32:00] кшалдв Боец 10: 1 урона от Лучник. HP 4/70
[2026-05-28 20:32:00] кшалдв Боец 10: 1 урона от Лучник. HP 3/70
[2026-05-28 20:32:00] кшалдв Боец 10: 1 урона от Лучник. HP 2/70
[2026-05-28 20:32:00] кшалдв Боец 10: 1 урона от Лучник. HP 1/70
[2026-05-28 20:32:00] кшалдв Боец 10: 1 урона от Лучник. HP 0/70
[2026-05-28 20:32:00] кшалдв Боец 10 убит Лучник
[2026-05-28 20:38:23] гол Боец 8: 4 урона от Лучник. HP 21/25
[2026-05-28 20:38:24] гол Боец 1: 1 урона от Лучник. HP 99/100
[2026-05-28 20:38:29] гол Боец 2: 1 урона от Лучник. HP 59/60
[2026-05-28 20:38:40] гол Боец 2: 1 урона от Лучник. HP 58/60
[2026-05-28 20:38:43] гол Боец 1: 1 урона от Лучник. HP 98/100
[2026-05-28 20:39:04] гол Боец 5: 4 урона от Лучник. HP 21/25
[2026-05-28 20:39:08] гол Боец 1: 1 урона от Слабый боец. HP 97/100
[2026-05-28 20:39:08] гол Боец 2: 1 урона от Слабый боец. HP 59/60
[2026-05-28 20:39:08] вар Боец 1: 1 урона от Слабый боец. HP 69/70
[2026-05-28 20:39:08] гол Боец 3: 4 урона от Лучник. HP 21/25
[2026-05-28 20:39:08] гол Боец 3: 4 урона от Лучник. HP 17/25
[2026-05-28 20:39:09] гол Боец 1: 1 урона от Слабый боец. HP 96/100
[2026-05-28 20:39:10] гол Боец 2: 1 урона от Слабый боец. HP 59/60
[2026-05-28 20:39:10] вар Боец 1: 1 урона от Слабый боец. HP 68/70
[2026-05-28 20:39:10] гол Боец 1: 1 урона от Лучник. HP 95/100
[2026-05-28 20:39:10] гол Боец 3: 4 урона от Лучник. HP 13/25
[2026-05-28 20:39:10] гол Боец 1: 1 урона от Слабый боец. HP 94/100
[2026-05-28 20:39:10] гол Боец 2: 1 урона от Слабый боец. HP 59/60
[2026-05-28 20:39:10] вар Боец 1: 1 урона от Слабый боец. HP 67/70
[2026-05-28 20:39:10] гол Боец 4: 4 урона от Лучник. HP 21/25
[2026-05-28 20:39:10] гол Боец 3: 4 урона от Лучник. HP 21/25
[2026-05-28 20:39:11] гол Боец 1: 1 урона от Слабый боец. HP 93/100
[2026-05-28 20:39:11] гол Боец 2: 1 урона от Слабый боец. HP 58/60
[2026-05-28 20:39:11] вар Боец 1: 1 урона от Слабый боец. HP 66/70
[2026-05-28 20:39:11] гол Боец 2: 1 урона от Лучник. HP 57/60
[2026-05-28 20:39:11] гол Боец 1: 1 урона от Лучник. HP 99/100
[2026-05-28 20:39:11] гол Боец 1: 1 урона от Слабый боец. HP 98/100
[2026-05-28 20:39:11] гол Боец 2: 1 урона от Слабый боец. HP 56/60
[2026-05-28 20:39:11] вар Боец 1: 1 урона от Слабый боец. HP 65/70
[2026-05-28 20:39:11] гол Боец 5: 4 урона от Лучник. HP 17/25
[2026-05-28 20:39:11] гол Боец 2: 1 урона от Лучник. HP 55/60
[2026-05-28 20:39:11] гол Боец 6: 1 урона от Лучник. HP 59/60
[2026-05-28 20:39:12] гол Боец 1: 1 урона от Слабый боец. HP 97/100
[2026-05-28 20:39:12] гол Боец 2: 1 урона от Слабый боец. HP 54/60
[2026-05-28 20:39:12] вар Боец 1: 1 урона от Слабый боец. HP 64/70
[2026-05-28 20:39:12] гол Боец 1: 1 урона от Лучник. HP 96/100
[2026-05-28 20:39:12] гол Боец 5: 4 урона от Лучник. HP 13/25
[2026-05-28 20:39:12] гол Боец 1: 1 урона от Лучник. HP 95/100
[2026-05-28 20:39:12] гол Боец 5: 4 урона от Лучник. HP 9/25
[2026-05-28 20:39:16] гол Боец 1: 1 урона от Слабый боец. HP 94/100
[2026-05-28 20:39:16] гол Боец 2: 1 урона от Слабый боец. HP 59/60
[2026-05-28 20:39:16] вар Боец 1: 1 урона от Слабый боец. HP 63/70
[2026-05-28 20:39:16] гол Боец 1: 1 урона от Лучник. HP 93/100
[2026-05-28 20:39:16] гол Боец 1: 1 урона от Лучник. HP 92/100
[2026-05-28 20:39:16] гол Боец 2: 1 урона от Лучник. HP 58/60
[2026-05-28 20:39:16] гол Боец 5: 4 урона от Лучник. HP 5/25
[2026-05-28 20:39:17] гол Боец 1: 1 урона от Слабый боец. HP 91/100
[2026-05-28 20:39:17] гол Боец 2: 1 урона от Слабый боец. HP 57/60
[2026-05-28 20:39:17] вар Боец 1: 1 урона от Слабый боец. HP 62/70
[2026-05-28 20:39:17] гол Боец 3: 4 урона от Лучник. HP 21/25
[2026-05-28 20:39:17] гол Боец 1: 1 урона от Лучник. HP 90/100
[2026-05-28 20:39:17] гол Боец 3: 4 урона от Лучник. HP 17/25
[2026-05-28 20:39:17] гол Боец 3: 4 урона от Лучник. HP 13/25
[2026-05-28 20:39:31] гол Боец 1: 1 урона от Слабый боец. HP 89/100
[2026-05-28 20:39:31] гол Боец 2: 1 урона от Слабый боец. HP 56/60
[2026-05-28 20:39:31] вар Боец 1: 1 урона от Слабый боец. HP 61/70
[2026-05-28 20:39:31] гол Боец 4: 2 урона от Слабый боец. HP 19/25
[2026-05-28 20:39:31] гол Боец 5: 2 урона от Слабый боец. HP 3/25
[2026-05-28 20:39:31] гол Боец 6: 1 урона от Слабый боец. HP 59/60
[2026-05-28 20:39:31] гол Боец 7: 1 урона от Маг. HP 24/25
[2026-05-28 20:39:31] вар Боец 2: 6 урона от Слабый боец. HP 16/22
[2026-05-28 20:39:31] гол Боец 8: 2 урона от Слабый боец. HP 23/25
[2026-05-28 20:39:31] вар Боец 3: 2 урона от Слабый боец. HP 23/25
[2026-05-28 20:39:31] гол Боец 9: 18 урона от Сильный боец. HP 0/15
[2026-05-28 20:39:31] гол Боец 9 убит Сильный боец
[2026-05-28 20:39:31] гол Боец 10: 1 урона от Слабый боец. HP 99/100
[2026-05-28 20:39:31] вар Боец 6: 1 урона от Слабый боец. HP 59/60
[2026-05-28 20:39:31] гол Боец 11: 12 урона от Сильный боец. HP 13/25
[2026-05-28 20:39:31] гол Боец 2: 1 урона от Лучник. HP 55/60
[2026-05-28 20:39:31] гол Боец 4: 4 урона от Лучник. HP 15/25
[2026-05-28 20:39:31] гол Боец 7: 4 урона от Лучник. HP 20/25
[2026-05-28 20:39:31] гол Боец 2: 1 урона от Лучник. HP 54/60
[2026-05-28 20:39:32] гол Боец 1: 1 урона от Слабый боец. HP 88/100
[2026-05-28 20:39:32] гол Боец 2: 1 урона от Слабый боец. HP 53/60
[2026-05-28 20:39:32] вар Боец 1: 1 урона от Слабый боец. HP 60/70
[2026-05-28 20:39:32] гол Боец 4: 2 урона от Слабый боец. HP 13/25
[2026-05-28 20:39:32] гол Боец 5: 2 урона от Слабый боец. HP 1/25
[2026-05-28 20:39:32] гол Боец 6: 1 урона от Слабый боец. HP 58/60
[2026-05-28 20:39:32] гол Боец 7: 1 урона от Маг. HP 19/25
[2026-05-28 20:39:32] вар Боец 2: 6 урона от Слабый боец. HP 10/22
[2026-05-28 20:39:32] вар Боец 3: 2 урона от Слабый боец. HP 21/25
[2026-05-28 20:39:32] гол Боец 8: 2 урона от Слабый боец. HP 21/25
[2026-05-28 20:39:32] гол Боец 10: 1 урона от Сильный боец. HP 98/100
[2026-05-28 20:39:32] вар Боец 5: 2 урона от Слабый боец. HP 23/25
[2026-05-28 20:39:32] гол Боец 11: 2 урона от Слабый боец. HP 11/25
[2026-05-28 20:39:32] гол Боец 6: 1 урона от Лучник. HP 57/60
[2026-05-28 20:39:32] гол Боец 3: 4 урона от Лучник. HP 21/25
[2026-05-28 20:39:32] гол Боец 5: 4 урона от Лучник. HP 0/25
[2026-05-28 20:39:32] гол Боец 5 убит Лучник
[2026-05-28 20:39:32] гол Боец 2: 1 урона от Лучник. HP 52/60
[2026-05-28 20:39:32] гол Боец 4: 4 урона от Лучник. HP 9/25
[2026-05-28 20:39:32] гол Боец 2: 1 урона от Лучник. HP 51/60
[2026-05-28 20:39:33] гол Боец 1: 1 урона от Слабый боец. HP 87/100
[2026-05-28 20:39:33] гол Боец 2: 1 урона от Слабый боец. HP 50/60
[2026-05-28 20:39:33] вар Боец 1: 1 урона от Слабый боец. HP 59/70
[2026-05-28 20:39:33] гол Боец 4: 2 урона от Слабый боец. HP 7/25
[2026-05-28 20:39:33] гол Боец 6: 1 урона от Слабый боец. HP 56/60
[2026-05-28 20:39:33] вар Боец 2: 6 урона от Слабый боец. HP 4/22
[2026-05-28 20:39:33] гол Боец 7: 1 урона от Маг. HP 18/25
[2026-05-28 20:39:33] вар Боец 3: 2 урона от Слабый боец. HP 19/25
[2026-05-28 20:39:33] гол Боец 8: 2 урона от Слабый боец. HP 19/25
[2026-05-28 20:39:33] гол Боец 10: 1 урона от Сильный боец. HP 97/100
[2026-05-28 20:39:33] вар Боец 5: 2 урона от Слабый боец. HP 21/25
[2026-05-28 20:39:33] гол Боец 11: 2 урона от Слабый боец. HP 9/25
[2026-05-28 20:39:33] гол Боец 1: 1 урона от Лучник. HP 86/100
[2026-05-28 20:39:33] гол Боец 2: 1 урона от Лучник. HP 49/60
[2026-05-28 20:39:33] гол Боец 11: 4 урона от Лучник. HP 5/25
[2026-05-28 20:39:33] гол Боец 1: 1 урона от Лучник. HP 85/100
[2026-05-28 20:39:33] гол Боец 6: 1 урона от Лучник. HP 55/60
[2026-05-28 20:39:33] гол Боец 1: 1 урона от Лучник. HP 84/100
[2026-05-28 20:39:33] гол Боец 1: 1 урона от Слабый боец. HP 83/100
[2026-05-28 20:39:33] вар Боец 1: 1 урона от Сильный боец. HP 58/70
[2026-05-28 20:39:33] гол Боец 3: 2 урона от Слабый боец. HP 19/25
[2026-05-28 20:39:33] гол Боец 4: 2 урона от Слабый боец. HP 5/25
[2026-05-28 20:39:33] вар Боец 2: 16 урона от Сильный боец. HP 0/22
[2026-05-28 20:39:33] вар Боец 2 убит Сильный боец
[2026-05-28 20:39:33] вар Боец 3: 2 урона от Слабый боец. HP 17/25
[2026-05-28 20:39:33] гол Боец 7: 2 урона от Слабый боец. HP 16/25
[2026-05-28 20:39:33] гол Боец 8: 12 урона от Сильный боец. HP 7/25
[2026-05-28 20:39:33] вар Боец 4: 1 урона от Слабый боец. HP 59/60
[2026-05-28 20:39:33] гол Боец 10: 1 урона от Слабый боец. HP 96/100
[2026-05-28 20:39:33] гол Боец 11: 2 урона от Слабый боец. HP 3/25
[2026-05-28 20:39:33] вар Боец 5: 2 урона от Слабый боец. HP 19/25
[2026-05-28 20:39:33] гол Боец 1: 1 урона от Лучник. HP 82/100
[2026-05-28 20:39:33] гол Боец 2: 1 урона от Лучник. HP 48/60
[2026-05-28 20:39:33] гол Боец 6: 1 урона от Лучник. HP 54/60
[2026-05-28 20:39:33] гол Боец 1: 1 урона от Лучник. HP 81/100
[2026-05-28 20:39:33] гол Боец 1: 1 урона от Лучник. HP 80/100
[2026-05-28 20:39:33] гол Боец 2: 1 урона от Лучник. HP 47/60
[2026-05-28 20:39:33] гол Боец 1: 1 урона от Слабый боец. HP 79/100
[2026-05-28 20:39:33] вар Боец 1: 1 урона от Сильный боец. HP 57/70
[2026-05-28 20:39:33] гол Боец 3: 2 урона от Слабый боец. HP 17/25
[2026-05-28 20:39:33] гол Боец 4: 2 урона от Слабый боец. HP 3/25
[2026-05-28 20:39:33] вар Боец 3: 12 урона от Сильный боец. HP 5/25
[2026-05-28 20:39:33] гол Боец 6: 1 урона от Слабый боец. HP 53/60
[2026-05-28 20:39:33] гол Боец 7: 12 урона от Сильный боец. HP 4/25
[2026-05-28 20:39:33] вар Боец 4: 1 урона от Слабый боец. HP 58/60
[2026-05-28 20:39:33] гол Боец 8: 2 урона от Слабый боец. HP 5/25
[2026-05-28 20:39:33] гол Боец 10: 1 урона от Слабый боец. HP 95/100
[2026-05-28 20:39:33] гол Боец 11: 2 урона от Слабый боец. HP 1/25
[2026-05-28 20:39:33] гол Боец 1: 1 урона от Лучник. HP 78/100
[2026-05-28 20:39:33] гол Боец 4: 4 урона от Лучник. HP 0/25
[2026-05-28 20:39:33] гол Боец 4 убит Лучник
[2026-05-28 20:39:33] гол Боец 1: 1 урона от Лучник. HP 77/100
[2026-05-28 20:39:33] гол Боец 1: 1 урона от Лучник. HP 76/100
[2026-05-28 20:39:33] гол Боец 7: 4 урона от Лучник. HP 0/25
[2026-05-28 20:39:33] гол Боец 7 убит Лучник
[2026-05-28 20:39:33] гол Боец 1: 1 урона от Лучник. HP 75/100
[2026-05-28 20:39:33] гол Боец 1: 1 урона от Слабый боец. HP 74/100
[2026-05-28 20:39:33] вар Боец 1: 1 урона от Сильный боец. HP 69/70
[2026-05-28 20:39:33] гол Боец 3: 2 урона от Слабый боец. HP 15/25
[2026-05-28 20:39:33] гол Боец 6: 1 урона от Слабый боец. HP 52/60
[2026-05-28 20:39:33] вар Боец 3: 12 урона от Сильный боец. HP 0/25
[2026-05-28 20:39:33] вар Боец 3 убит Сильный боец
[2026-05-28 20:39:33] гол Боец 8: 2 урона от Слабый боец. HP 3/25
[2026-05-28 20:39:33] гол Боец 10: 1 урона от Слабый боец. HP 94/100
[2026-05-28 20:39:33] гол Боец 11: 2 урона от Слабый боец. HP 0/25
[2026-05-28 20:39:33] гол Боец 11 убит Слабый боец
[2026-05-28 20:39:33] гол Боец 1: 1 урона от Лучник. HP 73/100
[2026-05-28 20:39:33] гол Боец 3: 4 урона от Лучник. HP 11/25
[2026-05-28 20:39:33] гол Боец 3: 4 урона от Лучник. HP 7/25
[2026-05-28 20:39:33] гол Боец 1: 1 урона от Лучник. HP 72/100
[2026-05-28 20:39:33] гол Боец 1: 1 урона от Лучник. HP 71/100
[2026-05-28 20:39:33] гол Боец 6: 1 урона от Лучник. HP 51/60
[2026-05-28 20:39:34] гол Боец 1: 1 урона от Слабый боец. HP 70/100
[2026-05-28 20:39:34] вар Боец 1: 1 урона от Сильный боец. HP 68/70
[2026-05-28 20:39:34] гол Боец 3: 2 урона от Слабый боец. HP 5/25
[2026-05-28 20:39:34] гол Боец 6: 1 урона от Слабый боец. HP 50/60
[2026-05-28 20:39:34] гол Боец 8: 12 урона от Сильный боец. HP 0/25
[2026-05-28 20:39:34] гол Боец 8 убит Сильный боец
[2026-05-28 20:39:34] гол Боец 10: 1 урона от Слабый боец. HP 93/100
[2026-05-28 20:39:34] гол Боец 10: 1 урона от Лучник. HP 92/100
[2026-05-28 20:39:34] гол Боец 1: 1 урона от Лучник. HP 69/100
[2026-05-28 20:39:34] гол Боец 2: 1 урона от Лучник. HP 46/60
[2026-05-28 20:39:34] гол Боец 1: 1 урона от Лучник. HP 68/100
[2026-05-28 20:39:34] гол Боец 2: 1 урона от Лучник. HP 45/60
[2026-05-28 20:39:34] гол Боец 6: 1 урона от Лучник. HP 49/60
[2026-05-28 20:39:34] гол Боец 1: 1 урона от Слабый боец. HP 67/100
[2026-05-28 20:39:34] вар Боец 1: 1 урона от Сильный боец. HP 67/70
[2026-05-28 20:39:34] гол Боец 3: 2 урона от Слабый боец. HP 3/25
[2026-05-28 20:39:34] гол Боец 6: 1 урона от Слабый боец. HP 48/60
[2026-05-28 20:39:34] гол Боец 10: 1 урона от Сильный боец. HP 91/100
[2026-05-28 20:39:34] гол Боец 2: 1 урона от Лучник. HP 44/60
[2026-05-28 20:39:34] гол Боец 1: 1 урона от Лучник. HP 66/100
[2026-05-28 20:39:34] гол Боец 10: 1 урона от Лучник. HP 90/100
[2026-05-28 20:39:34] гол Боец 1: 1 урона от Лучник. HP 65/100
[2026-05-28 20:39:34] гол Боец 3: 4 урона от Лучник. HP 0/25
[2026-05-28 20:39:34] гол Боец 3 убит Лучник
[2026-05-28 20:39:34] гол Боец 1: 1 урона от Лучник. HP 64/100
[2026-05-28 20:39:34] гол Боец 1: 1 урона от Слабый боец. HP 63/100
[2026-05-28 20:39:34] вар Боец 1: 1 урона от Сильный боец. HP 66/70
[2026-05-28 20:39:34] гол Боец 6: 1 урона от Слабый боец. HP 47/60
[2026-05-28 20:39:34] гол Боец 10: 1 урона от Сильный боец. HP 89/100
[2026-05-28 20:39:34] гол Боец 2: 1 урона от Лучник. HP 43/60
[2026-05-28 20:39:34] гол Боец 10: 1 урона от Лучник. HP 88/100
[2026-05-28 20:39:34] гол Боец 2: 1 урона от Лучник. HP 42/60
[2026-05-28 20:39:34] гол Боец 1: 1 урона от Лучник. HP 62/100
[2026-05-28 20:39:34] гол Боец 2: 1 урона от Лучник. HP 41/60
[2026-05-28 20:39:34] гол Боец 6: 1 урона от Лучник. HP 46/60
[2026-05-28 20:39:35] гол Боец 1: 1 урона от Слабый боец. HP 61/100
[2026-05-28 20:39:35] вар Боец 1: 1 урона от Сильный боец. HP 65/70
[2026-05-28 20:39:35] гол Боец 10: 1 урона от Сильный боец. HP 87/100
[2026-05-28 20:39:35] гол Боец 1: 1 урона от Лучник. HP 60/100
[2026-05-28 20:39:35] гол Боец 1: 1 урона от Лучник. HP 59/100
[2026-05-28 20:39:35] гол Боец 2: 1 урона от Лучник. HP 40/60
[2026-05-28 20:39:35] гол Боец 2: 1 урона от Лучник. HP 39/60
[2026-05-28 20:39:35] гол Боец 1: 1 урона от Лучник. HP 58/100
[2026-05-28 20:39:35] гол Боец 6: 1 урона от Лучник. HP 45/60
[2026-05-28 20:39:35] гол Боец 1: 1 урона от Слабый боец. HP 57/100
[2026-05-28 20:39:35] гол Боец 2: 1 урона от Слабый боец. HP 38/60
[2026-05-28 20:39:35] вар Боец 1: 1 урона от Сильный боец. HP 64/70
[2026-05-28 20:39:35] гол Боец 10: 1 урона от Слабый боец. HP 86/100
[2026-05-28 20:39:35] гол Боец 2: 1 урона от Лучник. HP 37/60
[2026-05-28 20:39:35] гол Боец 1: 1 урона от Лучник. HP 56/100
[2026-05-28 20:39:35] гол Боец 2: 1 урона от Лучник. HP 36/60
[2026-05-28 20:39:35] гол Боец 1: 1 урона от Лучник. HP 55/100
[2026-05-28 20:39:35] гол Боец 1: 1 урона от Лучник. HP 54/100
[2026-05-28 20:39:35] гол Боец 1: 1 урона от Лучник. HP 53/100
[2026-05-28 20:39:35] гол Боец 1: 1 урона от Слабый боец. HP 52/100
[2026-05-28 20:39:35] гол Боец 2: 1 урона от Слабый боец. HP 35/60
[2026-05-28 20:39:35] вар Боец 1: 1 урона от Сильный боец. HP 63/70
[2026-05-28 20:39:35] гол Боец 10: 1 урона от Слабый боец. HP 85/100
[2026-05-28 20:39:35] гол Боец 6: 1 урона от Лучник. HP 44/60
[2026-05-28 20:39:35] гол Боец 1: 1 урона от Лучник. HP 51/100
[2026-05-28 20:39:35] гол Боец 2: 1 урона от Лучник. HP 34/60
[2026-05-28 20:39:35] гол Боец 1: 1 урона от Лучник. HP 50/100
[2026-05-28 20:39:35] гол Боец 1: 1 урона от Лучник. HP 49/100
[2026-05-28 20:39:35] гол Боец 1: 1 урона от Лучник. HP 48/100
[2026-05-28 20:39:35] гол Боец 1: 1 урона от Слабый боец. HP 47/100
[2026-05-28 20:39:35] вар Боец 1: 1 урона от Сильный боец. HP 62/70
[2026-05-28 20:39:35] гол Боец 10: 1 урона от Слабый боец. HP 84/100
[2026-05-28 20:39:35] гол Боец 1: 1 урона от Лучник. HP 46/100
[2026-05-28 20:39:35] гол Боец 2: 1 урона от Лучник. HP 33/60
[2026-05-28 20:39:35] гол Боец 2: 1 урона от Лучник. HP 32/60
[2026-05-28 20:39:35] гол Боец 1: 1 урона от Лучник. HP 45/100
[2026-05-28 20:39:35] гол Боец 2: 1 урона от Лучник. HP 31/60
[2026-05-28 20:39:35] гол Боец 1: 1 урона от Лучник. HP 44/100
[2026-05-28 20:39:36] гол Боец 1: 1 урона от Слабый боец. HP 43/100
[2026-05-28 20:39:36] вар Боец 1: 1 урона от Сильный боец. HP 61/70
[2026-05-28 20:39:36] гол Боец 6: 1 урона от Слабый боец. HP 43/60
[2026-05-28 20:39:36] гол Боец 10: 1 урона от Сильный боец. HP 83/100
[2026-05-28 20:39:36] гол Боец 10: 1 урона от Лучник. HP 82/100
[2026-05-28 20:39:36] гол Боец 2: 1 урона от Лучник. HP 30/60
[2026-05-28 20:39:36] гол Боец 1: 1 урона от Лучник. HP 42/100
[2026-05-28 20:39:36] гол Боец 6: 1 урона от Лучник. HP 42/60
[2026-05-28 20:39:36] гол Боец 2: 1 урона от Лучник. HP 29/60
[2026-05-28 20:39:36] гол Боец 1: 1 урона от Лучник. HP 41/100
[2026-05-28 20:39:36] гол Боец 1: 1 урона от Лучник. HP 40/100
[2026-05-28 20:39:36] гол Боец 1: 1 урона от Слабый боец. HP 39/100
[2026-05-28 20:39:36] вар Боец 1: 1 урона от Сильный боец. HP 60/70
[2026-05-28 20:39:36] гол Боец 6: 1 урона от Слабый боец. HP 41/60
[2026-05-28 20:39:36] гол Боец 10: 1 урона от Сильный боец. HP 81/100
[2026-05-28 20:39:36] гол Боец 2: 1 урона от Лучник. HP 28/60
[2026-05-28 20:39:36] гол Боец 2: 1 урона от Лучник. HP 27/60
[2026-05-28 20:39:36] гол Боец 1: 1 урона от Лучник. HP 38/100
[2026-05-28 20:39:36] гол Боец 1: 1 урона от Лучник. HP 37/100
[2026-05-28 20:39:36] гол Боец 2: 1 урона от Лучник. HP 26/60
[2026-05-28 20:39:36] гол Боец 1: 1 урона от Лучник. HP 36/100
[2026-05-28 20:39:36] гол Боец 1: 1 урона от Лучник. HP 35/100
[2026-05-28 20:39:36] гол Боец 2: 1 урона от Лучник. HP 25/60
[2026-05-28 20:39:36] гол Боец 1: 1 урона от Слабый боец. HP 34/100
[2026-05-28 20:39:36] вар Боец 1: 1 урона от Сильный боец. HP 59/70
[2026-05-28 20:39:36] гол Боец 6: 1 урона от Слабый боец. HP 40/60
[2026-05-28 20:39:36] гол Боец 10: 1 урона от Сильный боец. HP 80/100
[2026-05-28 20:39:36] гол Боец 1: 1 урона от Лучник. HP 33/100
[2026-05-28 20:39:36] гол Боец 10: 1 урона от Лучник. HP 79/100
[2026-05-28 20:39:36] гол Боец 1: 1 урона от Лучник. HP 32/100
[2026-05-28 20:39:36] гол Боец 1: 1 урона от Лучник. HP 31/100
[2026-05-28 20:39:36] гол Боец 6: 1 урона от Лучник. HP 39/60
[2026-05-28 20:39:36] гол Боец 6: 1 урона от Лучник. HP 38/60
[2026-05-28 20:39:36] гол Боец 6: 1 урона от Лучник. HP 37/60
[2026-05-28 20:39:36] гол Боец 2: 1 урона от Лучник. HP 24/60
[2026-05-28 20:39:37] гол Боец 1: 1 урона от Слабый боец. HP 30/100
[2026-05-28 20:39:37] вар Боец 1: 1 урона от Сильный боец. HP 58/70
[2026-05-28 20:39:37] вар Боец 4: 5 урона от Сильный боец. HP 53/60
[2026-05-28 20:39:37] гол Боец 6: 5 урона от Сильный боец. HP 32/60
[2026-05-28 20:39:37] гол Боец 10: 1 урона от Слабый боец. HP 78/100
[2026-05-28 20:39:37] гол Боец 2: 1 урона от Лучник. HP 23/60
[2026-05-28 20:39:37] гол Боец 1: 1 урона от Лучник. HP 29/100
[2026-05-28 20:39:37] гол Боец 6: 1 урона от Лучник. HP 31/60
[2026-05-28 20:39:37] гол Боец 1: 1 урона от Лучник. HP 28/100
[2026-05-28 20:39:37] гол Боец 6: 1 урона от Лучник. HP 30/60
[2026-05-28 20:39:37] гол Боец 2: 1 урона от Лучник. HP 22/60
[2026-05-28 20:39:37] гол Боец 10: 1 урона от Лучник. HP 77/100
[2026-05-28 20:39:37] гол Боец 1: 1 урона от Лучник. HP 27/100
[2026-05-28 20:39:37] гол Боец 1: 1 урона от Слабый боец. HP 26/100
[2026-05-28 20:39:37] вар Боец 1: 1 урона от Сильный боец. HP 57/70
[2026-05-28 20:39:37] вар Боец 4: 5 урона от Сильный боец. HP 48/60
[2026-05-28 20:39:37] гол Боец 6: 5 урона от Сильный боец. HP 25/60
[2026-05-28 20:39:37] гол Боец 10: 1 урона от Слабый боец. HP 76/100
[2026-05-28 20:39:37] гол Боец 2: 1 урона от Лучник. HP 21/60
[2026-05-28 20:39:37] гол Боец 1: 1 урона от Лучник. HP 25/100
[2026-05-28 20:39:37] гол Боец 1: 1 урона от Лучник. HP 24/100
[2026-05-28 20:39:37] гол Боец 1: 1 урона от Лучник. HP 23/100
[2026-05-28 20:39:37] гол Боец 1: 1 урона от Лучник. HP 22/100
[2026-05-28 20:39:37] гол Боец 10: 1 урона от Лучник. HP 75/100
[2026-05-28 20:39:37] гол Боец 1: 1 урона от Лучник. HP 21/100
[2026-05-28 20:39:37] гол Боец 1: 1 урона от Лучник. HP 20/100
[2026-05-28 20:39:37] гол Боец 1: 1 урона от Слабый боец. HP 19/100
[2026-05-28 20:39:37] вар Боец 1: 1 урона от Сильный боец. HP 56/70
[2026-05-28 20:39:37] гол Боец 6: 5 урона от Сильный боец. HP 20/60
[2026-05-28 20:39:37] вар Боец 4: 5 урона от Сильный боец. HP 43/60
[2026-05-28 20:39:37] гол Боец 10: 1 урона от Слабый боец. HP 74/100
[2026-05-28 20:39:37] гол Боец 2: 1 урона от Лучник. HP 20/60
[2026-05-28 20:39:37] гол Боец 1: 1 урона от Лучник. HP 18/100
[2026-05-28 20:39:37] гол Боец 6: 1 урона от Лучник. HP 19/60
[2026-05-28 20:39:37] гол Боец 6: 1 урона от Лучник. HP 18/60
[2026-05-28 20:39:37] гол Боец 1: 1 урона от Лучник. HP 17/100
[2026-05-28 20:39:37] гол Боец 1: 1 урона от Лучник. HP 16/100
[2026-05-28 20:39:37] гол Боец 2: 1 урона от Лучник. HP 19/60
[2026-05-28 20:39:37] гол Боец 1: 1 урона от Лучник. HP 15/100
[2026-05-28 20:39:37] гол Боец 1: 1 урона от Слабый боец. HP 14/100
[2026-05-28 20:39:37] вар Боец 1: 1 урона от Сильный боец. HP 55/70
[2026-05-28 20:39:37] вар Боец 4: 5 урона от Сильный боец. HP 38/60
[2026-05-28 20:39:37] гол Боец 6: 5 урона от Сильный боец. HP 13/60
[2026-05-28 20:39:37] гол Боец 10: 1 урона от Слабый боец. HP 73/100
[2026-05-28 20:39:37] гол Боец 1: 1 урона от Лучник. HP 13/100
[2026-05-28 20:39:37] гол Боец 2: 1 урона от Лучник. HP 18/60
[2026-05-28 20:39:37] гол Боец 6: 1 урона от Лучник. HP 12/60
[2026-05-28 20:39:37] гол Боец 1: 1 урона от Лучник. HP 12/100
[2026-05-28 20:39:37] гол Боец 1: 1 урона от Лучник. HP 11/100
[2026-05-28 20:39:37] гол Боец 1: 1 урона от Лучник. HP 10/100
[2026-05-28 20:39:37] гол Боец 2: 1 урона от Лучник. HP 17/60
[2026-05-28 20:39:37] гол Боец 1: 1 урона от Лучник. HP 9/100
[2026-05-28 20:39:38] гол Боец 1: 1 урона от Слабый боец. HP 8/100
[2026-05-28 20:39:38] вар Боец 1: 1 урона от Сильный боец. HP 54/70
[2026-05-28 20:39:38] вар Боец 4: 5 урона от Сильный боец. HP 33/60
[2026-05-28 20:39:38] гол Боец 6: 5 урона от Сильный боец. HP 7/60
[2026-05-28 20:39:38] гол Боец 10: 1 урона от Слабый боец. HP 72/100
[2026-05-28 20:39:38] гол Боец 10: 1 урона от Лучник. HP 71/100
[2026-05-28 20:39:38] гол Боец 2: 1 урона от Лучник. HP 16/60
[2026-05-28 20:39:38] гол Боец 2: 1 урона от Лучник. HP 15/60
[2026-05-28 20:39:38] гол Боец 1: 1 урона от Лучник. HP 7/100
[2026-05-28 20:39:38] гол Боец 2: 1 урона от Лучник. HP 14/60
[2026-05-28 20:39:38] гол Боец 1: 1 урона от Лучник. HP 6/100
[2026-05-28 20:39:38] гол Боец 2: 1 урона от Лучник. HP 13/60
[2026-05-28 20:39:38] гол Боец 2: 1 урона от Лучник. HP 12/60
[2026-05-28 20:39:38] гол Боец 1: 1 урона от Слабый боец. HP 5/100
[2026-05-28 20:39:38] вар Боец 1: 1 урона от Сильный боец. HP 53/70
[2026-05-28 20:39:38] гол Боец 6: 5 урона от Сильный боец. HP 2/60
[2026-05-28 20:39:38] вар Боец 4: 5 урона от Сильный боец. HP 28/60
[2026-05-28 20:39:38] гол Боец 10: 1 урона от Слабый боец. HP 70/100
[2026-05-28 20:39:38] гол Боец 2: 1 урона от Лучник. HP 11/60
[2026-05-28 20:39:38] гол Боец 1: 1 урона от Лучник. HP 4/100
[2026-05-28 20:39:38] гол Боец 2: 1 урона от Лучник. HP 10/60
[2026-05-28 20:39:38] гол Боец 2: 1 урона от Лучник. HP 9/60
[2026-05-28 20:39:38] гол Боец 10: 1 урона от Лучник. HP 69/100
[2026-05-28 20:39:38] гол Боец 1: 1 урона от Лучник. HP 3/100
[2026-05-28 20:39:38] гол Боец 1: 1 урона от Лучник. HP 2/100
[2026-05-28 20:39:38] гол Боец 2: 1 урона от Лучник. HP 8/60
[2026-05-28 20:39:38] гол Боец 1: 1 урона от Слабый боец. HP 1/100
[2026-05-28 20:39:38] вар Боец 1: 1 урона от Сильный боец. HP 69/70
[2026-05-28 20:39:38] вар Боец 4: 5 урона от Сильный боец. HP 23/60
[2026-05-28 20:39:38] гол Боец 6: 5 урона от Сильный боец. HP 0/60
[2026-05-28 20:39:38] гол Боец 6 убит Сильный боец
[2026-05-28 20:39:38] гол Боец 10: 1 урона от Слабый боец. HP 68/100
[2026-05-28 20:39:38] гол Боец 1: 1 урона от Лучник. HP 0/100
[2026-05-28 20:39:38] гол Боец 1 убит Лучник
[2026-05-28 20:39:38] гол Боец 2: 1 урона от Лучник. HP 7/60
[2026-05-28 20:39:38] гол Боец 2: 1 урона от Лучник. HP 6/60
[2026-05-28 20:39:38] гол Боец 2: 1 урона от Лучник. HP 5/60
[2026-05-28 20:39:38] гол Боец 2: 1 урона от Лучник. HP 4/60
[2026-05-28 20:39:38] гол Боец 2: 1 урона от Слабый боец. HP 3/60
[2026-05-28 20:39:38] гол Боец 10: 1 урона от Слабый боец. HP 67/100
[2026-05-28 20:39:38] гол Боец 2: 1 урона от Лучник. HP 2/60
[2026-05-28 20:39:38] гол Боец 2: 1 урона от Лучник. HP 1/60
[2026-05-28 20:39:38] гол Боец 10: 1 урона от Лучник. HP 66/100
[2026-05-28 20:39:38] гол Боец 2: 1 урона от Лучник. HP 0/60
[2026-05-28 20:39:38] гол Боец 2 убит Лучник
[2026-05-28 20:39:38] гол Боец 10: 1 урона от Лучник. HP 65/100
[2026-05-28 20:39:39] гол Боец 10: 1 урона от Слабый боец. HP 64/100
[2026-05-28 20:39:39] гол Боец 10: 1 урона от Лучник. HP 63/100
[2026-05-28 20:39:39] гол Боец 10: 1 урона от Лучник. HP 62/100
[2026-05-28 20:39:39] гол Боец 10: 1 урона от Лучник. HP 61/100
[2026-05-28 20:39:39] гол Боец 10: 1 урона от Лучник. HP 60/100
[2026-05-28 20:39:39] гол Боец 10: 1 урона от Лучник. HP 59/100
[2026-05-28 20:39:39] гол Боец 10: 1 урона от Слабый боец. HP 58/100
[2026-05-28 20:39:39] гол Боец 10: 1 урона от Лучник. HP 57/100
[2026-05-28 20:39:39] гол Боец 10: 1 урона от Лучник. HP 56/100
[2026-05-28 20:39:39] гол Боец 10: 1 урона от Лучник. HP 55/100
[2026-05-28 20:39:39] гол Боец 10: 1 урона от Лучник. HP 54/100
[2026-05-28 20:39:39] гол Боец 10: 1 урона от Лучник. HP 53/100
[2026-05-28 20:39:39] гол Боец 10: 1 урона от Слабый боец. HP 52/100
[2026-05-28 20:39:39] гол Боец 10: 1 урона от Лучник. HP 51/100
[2026-05-28 20:39:39] гол Боец 10: 1 урона от Лучник. HP 50/100
[2026-05-28 20:39:39] гол Боец 10: 1 урона от Лучник. HP 49/100
[2026-05-28 20:39:39] гол Боец 10: 1 урона от Лучник. HP 48/100
[2026-05-28 20:39:39] гол Боец 10: 1 урона от Лучник. HP 47/100
[2026-05-28 20:39:39] гол Боец 10: 1 урона от Слабый боец. HP 46/100
[2026-05-28 20:39:39] гол Боец 10: 1 урона от Лучник. HP 45/100
[2026-05-28 20:39:39] гол Боец 10: 1 урона от Лучник. HP 44/100
[2026-05-28 20:39:39] гол Боец 10: 1 урона от Лучник. HP 43/100
[2026-05-28 20:39:39] гол Боец 10: 1 урона от Лучник. HP 42/100
[2026-05-28 20:39:39] гол Боец 10: 1 урона от Лучник. HP 41/100
[2026-05-28 20:39:40] гол Боец 10: 1 урона от Слабый боец. HP 40/100
[2026-05-28 20:39:40] гол Боец 10: 1 урона от Лучник. HP 39/100
[2026-05-28 20:39:40] гол Боец 10: 1 урона от Лучник. HP 38/100
[2026-05-28 20:39:40] гол Боец 10: 1 урона от Лучник. HP 37/100
[2026-05-28 20:39:40] гол Боец 10: 1 урона от Лучник. HP 36/100
[2026-05-28 20:39:40] гол Боец 10: 1 урона от Лучник. HP 35/100
[2026-05-28 20:39:40] гол Боец 10: 1 урона от Слабый боец. HP 34/100
[2026-05-28 20:39:40] гол Боец 10: 1 урона от Лучник. HP 33/100
[2026-05-28 20:39:40] гол Боец 10: 1 урона от Лучник. HP 32/100
[2026-05-28 20:39:40] гол Боец 10: 1 урона от Лучник. HP 31/100
[2026-05-28 20:39:40] гол Боец 10: 1 урона от Лучник. HP 30/100
[2026-05-28 20:39:40] гол Боец 10: 1 урона от Лучник. HP 29/100
[2026-05-28 20:39:40] гол Боец 10: 1 урона от Слабый боец. HP 28/100
[2026-05-28 20:39:40] гол Боец 10: 1 урона от Лучник. HP 27/100
[2026-05-28 20:39:40] гол Боец 10: 1 урона от Лучник. HP 26/100
[2026-05-28 20:39:40] гол Боец 10: 1 урона от Лучник. HP 25/100
[2026-05-28 20:39:40] гол Боец 10: 1 урона от Лучник. HP 24/100
[2026-05-28 20:39:40] гол Боец 10: 1 урона от Лучник. HP 23/100
[2026-05-28 20:39:40] гол Боец 10: 1 урона от Слабый боец. HP 22/100
[2026-05-28 20:39:40] гол Боец 10: 1 урона от Лучник. HP 21/100
[2026-05-28 20:39:40] гол Боец 10: 1 урона от Лучник. HP 20/100
[2026-05-28 20:39:40] гол Боец 10: 1 урона от Лучник. HP 19/100
[2026-05-28 20:39:40] гол Боец 10: 1 урона от Лучник. HP 18/100
[2026-05-28 20:39:40] гол Боец 10: 1 урона от Лучник. HP 17/100
[2026-05-28 20:39:41] гол Боец 10: 1 урона от Слабый боец. HP 16/100
[2026-05-28 20:39:41] гол Боец 10: 1 урона от Лучник. HP 15/100
[2026-05-28 20:39:41] гол Боец 10: 1 урона от Лучник. HP 14/100
[2026-05-28 20:39:41] гол Боец 10: 1 урона от Лучник. HP 13/100
[2026-05-28 20:39:41] гол Боец 10: 1 урона от Лучник. HP 12/100
[2026-05-28 20:39:41] гол Боец 10: 1 урона от Лучник. HP 11/100
[2026-05-28 20:39:41] гол Боец 10: 1 урона от Слабый боец. HP 10/100
[2026-05-28 20:39:41] гол Боец 10: 1 урона от Лучник. HP 9/100
[2026-05-28 20:39:41] гол Боец 10: 1 урона от Лучник. HP 8/100
[2026-05-28 20:39:41] гол Боец 10: 1 урона от Лучник. HP 7/100
[2026-05-28 20:39:41] гол Боец 10: 1 урона от Лучник. HP 6/100
[2026-05-28 20:39:41] гол Боец 10: 1 урона от Лучник. HP 5/100
[2026-05-28 20:39:41] гол Боец 10: 1 урона от Слабый боец. HP 4/100
[2026-05-28 20:39:41] гол Боец 10: 1 урона от Лучник. HP 3/100
[2026-05-28 20:39:41] гол Боец 10: 1 урона от Лучник. HP 2/100
[2026-05-28 20:39:41] гол Боец 10: 1 урона от Лучник. HP 1/100
[2026-05-28 20:39:41] гол Боец 10: 1 урона от Лучник. HP 0/100
[2026-05-28 20:39:41] гол Боец 10 убит Лучник
[2026-05-28 20:39:49] гол Боец 10: 1 урона от Слабый боец. HP 34/100
[2026-05-28 20:39:49] гол Боец 10: 1 урона от Лучник. HP 33/100
[2026-05-28 20:39:49] гол Боец 10: 1 урона от Лучник. HP 32/100
[2026-05-28 20:39:49] гол Боец 10: 1 урона от Лучник. HP 31/100
[2026-05-28 20:39:49] гол Боец 10: 1 урона от Лучник. HP 30/100
[2026-05-28 20:39:49] гол Боец 10: 1 урона от Лучник. HP 29/100
[2026-05-28 20:39:50] гол Боец 10: 1 урона от Слабый боец. HP 28/100
[2026-05-28 20:39:50] гол Боец 10: 1 урона от Лучник. HP 27/100
[2026-05-28 20:39:50] гол Боец 10: 1 урона от Лучник. HP 26/100
[2026-05-28 20:39:50] гол Боец 10: 1 урона от Лучник. HP 25/100
[2026-05-28 20:39:50] гол Боец 10: 1 урона от Лучник. HP 24/100
[2026-05-28 20:39:50] гол Боец 10: 1 урона от Лучник. HP 23/100
[2026-05-28 20:39:50] гол Боец 10: 1 урона от Слабый боец. HP 22/100
[2026-05-28 20:39:50] гол Боец 10: 1 урона от Лучник. HP 21/100
[2026-05-28 20:39:50] гол Боец 10: 1 урона от Лучник. HP 20/100
[2026-05-28 20:39:50] гол Боец 10: 1 урона от Лучник. HP 19/100
[2026-05-28 20:39:50] гол Боец 10: 1 урона от Лучник. HP 18/100
[2026-05-28 20:39:50] гол Боец 10: 1 урона от Лучник. HP 17/100
[2026-05-28 20:39:51] гол Боец 10: 1 урона от Слабый боец. HP 16/100
[2026-05-28 20:39:51] гол Боец 10: 1 урона от Лучник. HP 15/100
[2026-05-28 20:39:51] гол Боец 10: 1 урона от Лучник. HP 14/100
[2026-05-28 20:39:51] гол Боец 10: 1 урона от Лучник. HP 13/100
[2026-05-28 20:39:51] гол Боец 10: 1 урона от Лучник. HP 12/100
[2026-05-28 20:39:51] гол Боец 10: 1 урона от Лучник. HP 11/100
[2026-05-28 20:39:52] гол Боец 10: 1 урона от Слабый боец. HP 10/100
[2026-05-28 20:39:52] гол Боец 10: 1 урона от Лучник. HP 9/100
[2026-05-28 20:39:52] гол Боец 10: 1 урона от Лучник. HP 8/100
[2026-05-28 20:39:52] гол Боец 10: 1 урона от Лучник. HP 7/100
[2026-05-28 20:39:52] гол Боец 10: 1 урона от Лучник. HP 6/100
[2026-05-28 20:39:52] гол Боец 10: 1 урона от Лучник. HP 5/100
[2026-05-28 20:39:52] гол Боец 10: 1 урона от Слабый боец. HP 4/100
[2026-05-28 20:39:52] гол Боец 10: 1 урона от Лучник. HP 3/100
[2026-05-28 20:39:52] гол Боец 10: 1 урона от Лучник. HP 2/100
[2026-05-28 20:39:52] гол Боец 10: 1 урона от Лучник. HP 1/100
[2026-05-28 20:39:52] гол Боец 10: 1 урона от Лучник. HP 0/100
[2026-05-28 20:39:52] гол Боец 10 убит Лучник
[2026-05-28 20:45:55] епм Боец 1: 12 урона от Сильный боец. HP 13/25
[2026-05-28 20:45:55] шло Боец 1: 1 урона от Слабый боец. HP 59/60
[2026-05-28 20:45:55] епм Боец 3: 1 урона от Лучник. HP 99/100
[2026-05-28 20:46:09] епм Боец 1: 12 урона от Сильный боец. HP 1/25
[2026-05-28 20:46:09] шло Боец 1: 1 урона от Слабый боец. HP 58/60
[2026-05-28 20:46:09] епм Боец 4: 4 урона от Лучник. HP 21/25
[2026-05-28 20:46:09] епм Боец 7: 1 урона от Лучник. HP 59/60
[2026-05-28 20:46:10] епм Боец 1: 12 урона от Сильный боец. HP 0/25
[2026-05-28 20:46:10] епм Боец 1 убит Сильный боец
[2026-05-28 20:46:10] епм Боец 2: 1 урона от Лучник. HP 69/70
[2026-05-28 20:46:10] епм Боец 2: 1 урона от Лучник. HP 68/70
[2026-05-28 20:46:13] епм Боец 2: 1 урона от Сильный боец. HP 67/70
[2026-05-28 20:46:13] епм Боец 5: 1 урона от Лучник. HP 59/60
[2026-05-28 20:46:13] епм Боец 4: 4 урона от Лучник. HP 17/25
[2026-05-28 20:46:17] епм Боец 2: 1 урона от Сильный боец. HP 66/70
[2026-05-28 20:46:17] епм Боец 2: 1 урона от Лучник. HP 65/70
[2026-05-28 20:46:17] епм Боец 3: 1 урона от Лучник. HP 98/100
[2026-05-28 20:46:18] епм Боец 2: 1 урона от Сильный боец. HP 69/70
[2026-05-28 20:46:18] епм Боец 2: 1 урона от Лучник. HP 68/70
[2026-05-28 20:46:18] епм Боец 8: 1 урона от Лучник. HP 69/70
[2026-05-28 20:46:18] епм Боец 3: 1 урона от Лучник. HP 97/100
[2026-05-28 20:46:22] епм Боец 2: 1 урона от Сильный боец. HP 67/70
[2026-05-28 20:46:22] епм Боец 3: 1 урона от Слабый боец. HP 99/100
[2026-05-28 20:46:22] епм Боец 4: 2 урона от Слабый боец. HP 15/25
[2026-05-28 20:46:22] епм Боец 5: 1 урона от Лучник. HP 59/60
[2026-05-28 20:46:22] епм Боец 2: 1 урона от Лучник. HP 66/70
[2026-05-28 20:46:22] епм Боец 2: 1 урона от Лучник. HP 65/70
[2026-05-28 20:46:22] епм Боец 4: 4 урона от Лучник. HP 11/25
[2026-05-28 20:46:22] епм Боец 3: 1 урона от Лучник. HP 98/100
[2026-05-28 20:46:22] епм Боец 4: 4 урона от Лучник. HP 7/25
[2026-05-28 20:46:34] епм Боец 2: 1 урона от Сильный боец. HP 69/70
[2026-05-28 20:46:34] епм Боец 3: 1 урона от Слабый боец. HP 97/100
[2026-05-28 20:46:34] епм Боец 4: 2 урона от Слабый боец. HP 5/25
[2026-05-28 20:46:34] епм Боец 2: 1 урона от Лучник. HP 68/70
[2026-05-28 20:46:34] епм Боец 2: 1 урона от Лучник. HP 67/70
[2026-05-28 20:46:34] епм Боец 3: 1 урона от Лучник. HP 96/100
[2026-05-28 20:46:34] епм Боец 5: 1 урона от Лучник. HP 58/60
[2026-05-28 20:46:34] епм Боец 4: 4 урона от Лучник. HP 1/25
[2026-05-28 20:46:34] епм Боец 2: 1 урона от Лучник. HP 66/70
[2026-05-28 20:46:35] епм Боец 2: 1 урона от Сильный боец. HP 65/70
[2026-05-28 20:46:35] епм Боец 3: 1 урона от Слабый боец. HP 95/100
[2026-05-28 20:46:35] епм Боец 4: 2 урона от Слабый боец. HP 23/25
[2026-05-28 20:46:35] епм Боец 3: 1 урона от Лучник. HP 94/100
[2026-05-28 20:46:35] епм Боец 2: 1 урона от Лучник. HP 69/70
[2026-05-28 20:46:35] епм Боец 6: 10 урона от Лучник. HP 5/15
[2026-05-28 20:46:35] епм Боец 2: 1 урона от Лучник. HP 68/70
[2026-05-28 20:46:35] епм Боец 3: 1 урона от Лучник. HP 93/100
[2026-05-28 20:46:35] епм Боец 4: 4 урона от Лучник. HP 19/25
[2026-05-28 20:46:35] епм Боец 2: 1 урона от Лучник. HP 67/70
[2026-05-28 20:46:35] епм Боец 7: 1 урона от Лучник. HP 58/60
[2026-05-28 20:46:36] епм Боец 2: 1 урона от Сильный боец. HP 66/70
[2026-05-28 20:46:36] епм Боец 3: 1 урона от Слабый боец. HP 92/100
[2026-05-28 20:46:36] епм Боец 4: 2 урона от Слабый боец. HP 17/25
[2026-05-28 20:46:36] епм Боец 3: 1 урона от Лучник. HP 91/100
[2026-05-28 20:46:36] епм Боец 5: 1 урона от Лучник. HP 59/60
[2026-05-28 20:46:36] епм Боец 3: 1 урона от Лучник. HP 90/100
[2026-05-28 20:46:36] епм Боец 2: 1 урона от Лучник. HP 65/70
[2026-05-28 20:46:36] епм Боец 2: 1 урона от Лучник. HP 64/70
[2026-05-28 20:46:36] епм Боец 2: 1 урона от Лучник. HP 63/70
[2026-05-28 20:46:36] епм Боец 7: 1 урона от Лучник. HP 57/60
[2026-05-28 20:46:36] епм Боец 2: 1 урона от Лучник. HP 62/70
[2026-05-28 20:46:36] епм Боец 2: 1 урона от Лучник. HP 61/70
[2026-05-28 20:46:36] епм Боец 3: 1 урона от Лучник. HP 89/100
[2026-05-28 20:46:37] епм Боец 2: 1 урона от Сильный боец. HP 60/70
[2026-05-28 20:46:37] епм Боец 3: 1 урона от Слабый боец. HP 88/100
[2026-05-28 20:46:37] епм Боец 4: 2 урона от Слабый боец. HP 23/25
[2026-05-28 20:46:37] епм Боец 3: 1 урона от Лучник. HP 99/100
[2026-05-28 20:46:37] епм Боец 4: 4 урона от Лучник. HP 19/25
[2026-05-28 20:46:37] епм Боец 5: 1 урона от Лучник. HP 58/60
[2026-05-28 20:46:37] епм Боец 3: 1 урона от Лучник. HP 98/100
[2026-05-28 20:46:37] епм Боец 2: 1 урона от Лучник. HP 59/70
[2026-05-28 20:46:37] епм Боец 5: 1 урона от Лучник. HP 57/60
[2026-05-28 20:46:37] епм Боец 2: 1 урона от Лучник. HP 58/70
[2026-05-28 20:46:37] епм Боец 4: 4 урона от Лучник. HP 15/25
[2026-05-28 20:46:37] епм Боец 3: 1 урона от Лучник. HP 97/100
[2026-05-28 20:46:37] епм Боец 4: 4 урона от Лучник. HP 11/25
[2026-05-28 20:46:37] епм Боец 3: 1 урона от Лучник. HP 96/100
[2026-05-28 20:46:37] епм Боец 5: 1 урона от Лучник. HP 56/60
[2026-05-28 20:46:37] епм Боец 2: 1 урона от Лучник. HP 57/70
[2026-05-28 20:46:37] епм Боец 3: 1 урона от Лучник. HP 95/100
[2026-05-28 20:46:37] епм Боец 4: 4 урона от Лучник. HP 7/25
[2026-05-28 20:46:37] епм Боец 2: 1 урона от Сильный боец. HP 69/70
[2026-05-28 20:46:37] епм Боец 3: 1 урона от Слабый боец. HP 94/100
[2026-05-28 20:46:37] епм Боец 4: 2 урона от Слабый боец. HP 5/25
[2026-05-28 20:46:37] епм Боец 4: 4 урона от Лучник. HP 1/25
[2026-05-28 20:46:37] епм Боец 7: 1 урона от Лучник. HP 56/60
[2026-05-28 20:46:37] епм Боец 3: 1 урона от Лучник. HP 99/100
[2026-05-28 20:46:37] епм Боец 4: 4 урона от Лучник. HP 0/25
[2026-05-28 20:46:37] епм Боец 4 убит Лучник
[2026-05-28 20:46:37] епм Боец 2: 1 урона от Лучник. HP 68/70
[2026-05-28 20:46:37] епм Боец 3: 1 урона от Лучник. HP 98/100
[2026-05-28 20:46:37] епм Боец 2: 1 урона от Лучник. HP 67/70
[2026-05-28 20:46:37] епм Боец 2: 1 урона от Лучник. HP 66/70
[2026-05-28 20:46:37] епм Боец 5: 1 урона от Лучник. HP 55/60
[2026-05-28 20:46:37] епм Боец 5: 1 урона от Лучник. HP 54/60
[2026-05-28 20:46:37] епм Боец 2: 1 урона от Лучник. HP 65/70
[2026-05-28 20:46:37] епм Боец 3: 1 урона от Лучник. HP 97/100
[2026-05-28 20:46:37] епм Боец 3: 1 урона от Лучник. HP 96/100
[2026-05-28 20:46:37] епм Боец 5: 1 урона от Лучник. HP 53/60
[2026-05-28 20:46:37] епм Боец 6: 10 урона от Лучник. HP 0/15
[2026-05-28 20:46:37] епм Боец 6 убит Лучник
[2026-05-28 20:46:37] епм Боец 3: 1 урона от Лучник. HP 95/100
[2026-05-28 20:46:37] епм Боец 2: 1 урона от Лучник. HP 64/70
[2026-05-28 20:46:37] епм Боец 2: 1 урона от Лучник. HP 63/70
[2026-05-28 20:46:38] епм Боец 2: 1 урона от Сильный боец. HP 62/70
[2026-05-28 20:46:38] епм Боец 3: 1 урона от Слабый боец. HP 94/100
[2026-05-28 20:46:38] епм Боец 5: 1 урона от Слабый боец. HP 52/60
[2026-05-28 20:46:38] епм Боец 3: 1 урона от Лучник. HP 93/100
[2026-05-28 20:46:38] епм Боец 3: 1 урона от Лучник. HP 92/100
[2026-05-28 20:46:38] епм Боец 2: 1 урона от Лучник. HP 61/70
[2026-05-28 20:46:38] епм Боец 7: 1 урона от Лучник. HP 55/60
[2026-05-28 20:46:38] епм Боец 2: 1 урона от Лучник. HP 60/70
[2026-05-28 20:46:38] епм Боец 5: 1 урона от Лучник. HP 51/60
[2026-05-28 20:46:38] епм Боец 3: 1 урона от Лучник. HP 91/100
[2026-05-28 20:46:38] епм Боец 8: 1 урона от Лучник. HP 69/70
[2026-05-28 20:46:38] епм Боец 3: 1 урона от Лучник. HP 90/100
[2026-05-28 20:46:38] епм Боец 2: 1 урона от Лучник. HP 59/70
[2026-05-28 20:46:38] епм Боец 2: 1 урона от Лучник. HP 58/70
[2026-05-28 20:46:38] епм Боец 3: 1 урона от Лучник. HP 89/100
[2026-05-28 20:46:38] епм Боец 2: 1 урона от Лучник. HP 57/70
[2026-05-28 20:46:38] епм Боец 7: 1 урона от Лучник. HP 54/60
[2026-05-28 20:46:38] епм Боец 5: 1 урона от Лучник. HP 50/60
[2026-05-28 20:46:38] епм Боец 2: 1 урона от Лучник. HP 56/70
[2026-05-28 20:46:38] епм Боец 5: 1 урона от Лучник. HP 49/60
[2026-05-28 20:46:38] епм Боец 3: 1 урона от Лучник. HP 88/100
[2026-05-28 20:46:38] епм Боец 2: 1 урона от Лучник. HP 55/70
[2026-05-28 20:46:43] епм Боец 2: 1 урона от Лучник. HP 54/70
[2026-05-28 20:46:43] епм Боец 3: 1 урона от Сильный боец. HP 87/100
[2026-05-28 20:46:43] епм Боец 5: 1 урона от Слабый боец. HP 48/60
[2026-05-28 20:46:43] епм Боец 7: 1 урона от Слабый боец. HP 53/60
[2026-05-28 20:46:43] епм Боец 8: 1 урона от Лучник. HP 68/70
[2026-05-28 20:46:43] епм Боец 2: 1 урона от Лучник. HP 53/70
[2026-05-28 20:46:43] епм Боец 2: 1 урона от Лучник. HP 52/70
[2026-05-28 20:46:43] епм Боец 2: 1 урона от Лучник. HP 51/70
[2026-05-28 20:46:43] епм Боец 3: 1 урона от Лучник. HP 86/100
[2026-05-28 20:46:43] епм Боец 2: 1 урона от Лучник. HP 50/70
[2026-05-28 20:46:43] епм Боец 2: 1 урона от Лучник. HP 49/70
[2026-05-28 20:46:43] епм Боец 3: 1 урона от Лучник. HP 85/100
[2026-05-28 20:46:43] епм Боец 3: 1 урона от Лучник. HP 84/100
[2026-05-28 20:46:43] епм Боец 2: 1 урона от Лучник. HP 48/70
[2026-05-28 20:46:43] епм Боец 7: 1 урона от Лучник. HP 52/60
[2026-05-28 20:46:43] епм Боец 3: 1 урона от Лучник. HP 83/100
[2026-05-28 20:46:43] епм Боец 2: 1 урона от Лучник. HP 47/70
[2026-05-28 20:46:43] епм Боец 2: 1 урона от Лучник. HP 46/70
[2026-05-28 20:46:43] епм Боец 3: 1 урона от Лучник. HP 82/100
[2026-05-28 20:46:43] епм Боец 5: 1 урона от Лучник. HP 47/60
[2026-05-28 20:46:43] епм Боец 2: 1 урона от Лучник. HP 45/70
[2026-05-28 20:46:43] епм Боец 2: 1 урона от Лучник. HP 44/70
[2026-05-28 20:46:43] епм Боец 2: 1 урона от Лучник. HP 43/70
[2026-05-28 20:46:44] епм Боец 2: 1 урона от Лучник. HP 42/70
[2026-05-28 20:46:44] епм Боец 3: 1 урона от Сильный боец. HP 81/100
[2026-05-28 20:46:44] епм Боец 5: 1 урона от Слабый боец. HP 46/60
[2026-05-28 20:46:44] епм Боец 7: 1 урона от Слабый боец. HP 51/60
[2026-05-28 20:46:44] епм Боец 8: 1 урона от Лучник. HP 67/70
[2026-05-28 20:46:44] епм Боец 3: 1 урона от Лучник. HP 80/100
[2026-05-28 20:46:44] епм Боец 2: 1 урона от Лучник. HP 41/70
[2026-05-28 20:46:44] епм Боец 2: 1 урона от Лучник. HP 40/70
[2026-05-28 20:46:44] епм Боец 2: 1 урона от Лучник. HP 39/70
[2026-05-28 20:46:44] епм Боец 2: 1 урона от Лучник. HP 38/70
[2026-05-28 20:46:44] епм Боец 2: 1 урона от Лучник. HP 37/70
[2026-05-28 20:46:44] епм Боец 3: 1 урона от Лучник. HP 79/100
[2026-05-28 20:46:44] епм Боец 5: 1 урона от Лучник. HP 45/60
[2026-05-28 20:46:44] епм Боец 2: 1 урона от Лучник. HP 36/70
[2026-05-28 20:46:44] епм Боец 5: 1 урона от Лучник. HP 44/60
[2026-05-28 20:46:44] епм Боец 5: 1 урона от Лучник. HP 43/60
[2026-05-28 20:46:44] епм Боец 2: 1 урона от Лучник. HP 35/70
[2026-05-28 20:46:44] епм Боец 2: 1 урона от Лучник. HP 34/70
[2026-05-28 20:46:44] епм Боец 5: 1 урона от Лучник. HP 42/60
[2026-05-28 20:46:44] епм Боец 5: 1 урона от Лучник. HP 41/60
[2026-05-28 20:46:44] епм Боец 3: 1 урона от Лучник. HP 78/100
[2026-05-28 20:46:44] епм Боец 2: 1 урона от Лучник. HP 33/70
[2026-05-28 20:46:44] епм Боец 2: 1 урона от Лучник. HP 32/70
[2026-05-28 20:46:44] епм Боец 2: 1 урона от Лучник. HP 31/70
[2026-05-28 20:46:44] епм Боец 2: 1 урона от Лучник. HP 30/70
[2026-05-28 20:46:44] епм Боец 2: 1 урона от Лучник. HP 29/70
[2026-05-28 20:46:44] епм Боец 3: 1 урона от Лучник. HP 77/100
[2026-05-28 20:46:44] епм Боец 2: 1 урона от Лучник. HP 28/70
[2026-05-28 20:46:44] епм Боец 3: 1 урона от Сильный боец. HP 76/100
[2026-05-28 20:46:44] епм Боец 5: 1 урона от Слабый боец. HP 40/60
[2026-05-28 20:46:44] епм Боец 7: 1 урона от Слабый боец. HP 50/60
[2026-05-28 20:46:44] епм Боец 8: 1 урона от Лучник. HP 66/70
[2026-05-28 20:46:44] епм Боец 7: 1 урона от Лучник. HP 49/60
[2026-05-28 20:46:44] епм Боец 5: 1 урона от Лучник. HP 39/60
[2026-05-28 20:46:44] епм Боец 3: 1 урона от Лучник. HP 75/100
[2026-05-28 20:46:44] епм Боец 2: 1 урона от Лучник. HP 27/70
[2026-05-28 20:46:44] епм Боец 3: 1 урона от Лучник. HP 74/100
[2026-05-28 20:46:44] епм Боец 2: 1 урона от Лучник. HP 26/70
[2026-05-28 20:46:44] епм Боец 7: 1 урона от Лучник. HP 48/60
[2026-05-28 20:46:44] епм Боец 3: 1 урона от Лучник. HP 73/100
[2026-05-28 20:46:44] епм Боец 3: 1 урона от Лучник. HP 72/100
[2026-05-28 20:46:44] епм Боец 7: 1 урона от Лучник. HP 47/60
[2026-05-28 20:46:44] епм Боец 5: 1 урона от Лучник. HP 38/60
[2026-05-28 20:46:44] епм Боец 2: 1 урона от Лучник. HP 25/70
[2026-05-28 20:46:44] епм Боец 2: 1 урона от Лучник. HP 24/70
[2026-05-28 20:46:44] епм Боец 7: 1 урона от Лучник. HP 46/60
[2026-05-28 20:46:44] епм Боец 5: 1 урона от Лучник. HP 37/60
[2026-05-28 20:46:44] епм Боец 3: 1 урона от Лучник. HP 71/100
[2026-05-28 20:46:44] епм Боец 3: 1 урона от Лучник. HP 70/100
[2026-05-28 20:46:44] епм Боец 7: 1 урона от Лучник. HP 45/60
[2026-05-28 20:46:44] епм Боец 2: 1 урона от Лучник. HP 23/70
[2026-05-28 20:46:44] епм Боец 3: 1 урона от Лучник. HP 69/100
[2026-05-28 20:46:44] епм Боец 8: 1 урона от Лучник. HP 65/70
[2026-05-28 20:46:44] епм Боец 5: 1 урона от Лучник. HP 36/60
[2026-05-28 20:46:44] епм Боец 5: 1 урона от Лучник. HP 35/60
[2026-05-28 20:46:44] епм Боец 2: 1 урона от Лучник. HP 22/70
[2026-05-28 20:46:44] епм Боец 3: 1 урона от Лучник. HP 68/100
[2026-05-28 20:46:44] епм Боец 5: 5 урона от Сильный боец. HP 30/60
[2026-05-28 20:46:44] шло Боец 1: 5 урона от Сильный боец. HP 53/60
[2026-05-28 20:46:44] епм Боец 7: 1 урона от Лучник. HP 44/60
[2026-05-28 20:46:44] епм Боец 8: 1 урона от Слабый боец. HP 64/70
[2026-05-28 20:46:44] епм Боец 7: 1 урона от Лучник. HP 43/60
[2026-05-28 20:46:44] епм Боец 3: 1 урона от Лучник. HP 67/100
[2026-05-28 20:46:44] епм Боец 3: 1 урона от Лучник. HP 66/100
[2026-05-28 20:46:44] епм Боец 2: 1 урона от Лучник. HP 21/70
[2026-05-28 20:46:44] епм Боец 3: 1 урона от Лучник. HP 65/100
[2026-05-28 20:46:44] епм Боец 8: 1 урона от Лучник. HP 63/70
[2026-05-28 20:46:44] епм Боец 2: 1 урона от Лучник. HP 20/70
[2026-05-28 20:46:44] епм Боец 3: 1 урона от Лучник. HP 64/100
[2026-05-28 20:46:44] епм Боец 2: 1 урона от Лучник. HP 19/70
[2026-05-28 20:46:44] епм Боец 5: 1 урона от Лучник. HP 29/60
[2026-05-28 20:46:44] епм Боец 2: 1 урона от Лучник. HP 18/70
[2026-05-28 20:46:44] епм Боец 3: 1 урона от Лучник. HP 63/100
[2026-05-28 20:46:44] епм Боец 2: 1 урона от Лучник. HP 17/70
[2026-05-28 20:46:44] епм Боец 2: 1 урона от Лучник. HP 16/70
[2026-05-28 20:46:44] епм Боец 2: 1 урона от Лучник. HP 15/70
[2026-05-28 20:46:44] епм Боец 3: 1 урона от Лучник. HP 62/100
[2026-05-28 20:46:44] епм Боец 7: 1 урона от Лучник. HP 42/60
[2026-05-28 20:46:44] епм Боец 2: 1 урона от Лучник. HP 14/70
[2026-05-28 20:46:44] епм Боец 2: 1 урона от Лучник. HP 13/70
[2026-05-28 20:46:44] епм Боец 3: 1 урона от Лучник. HP 61/100
[2026-05-28 20:46:44] епм Боец 3: 1 урона от Лучник. HP 60/100
[2026-05-28 20:46:44] епм Боец 2: 1 урона от Лучник. HP 12/70
[2026-05-28 20:46:44] епм Боец 8: 1 урона от Лучник. HP 62/70
[2026-05-28 20:46:44] епм Боец 2: 1 урона от Лучник. HP 11/70
[2026-05-28 20:46:44] епм Боец 2: 1 урона от Лучник. HP 10/70
[2026-05-28 20:46:44] епм Боец 2: 1 урона от Лучник. HP 9/70
[2026-05-28 20:46:44] епм Боец 3: 1 урона от Лучник. HP 59/100
[2026-05-28 20:46:44] епм Боец 5: 5 урона от Сильный боец. HP 24/60
[2026-05-28 20:46:44] шло Боец 1: 5 урона от Сильный боец. HP 48/60
[2026-05-28 20:46:44] епм Боец 8: 1 урона от Слабый боец. HP 61/70
[2026-05-28 20:46:44] епм Боец 5: 1 урона от Лучник. HP 23/60
[2026-05-28 20:46:44] епм Боец 5: 1 урона от Лучник. HP 22/60
[2026-05-28 20:46:44] епм Боец 5: 1 урона от Лучник. HP 21/60
[2026-05-28 20:46:44] епм Боец 2: 1 урона от Лучник. HP 8/70
[2026-05-28 20:46:44] епм Боец 5: 1 урона от Лучник. HP 20/60
[2026-05-28 20:46:44] епм Боец 2: 1 урона от Лучник. HP 7/70
[2026-05-28 20:46:44] епм Боец 3: 1 урона от Лучник. HP 58/100
[2026-05-28 20:46:44] епм Боец 3: 1 урона от Лучник. HP 57/100
[2026-05-28 20:46:44] епм Боец 8: 1 урона от Лучник. HP 60/70
[2026-05-28 20:46:44] епм Боец 3: 1 урона от Лучник. HP 56/100
[2026-05-28 20:46:44] епм Боец 5: 1 урона от Лучник. HP 19/60
[2026-05-28 20:46:44] епм Боец 2: 1 урона от Лучник. HP 6/70
[2026-05-28 20:46:44] епм Боец 2: 1 урона от Лучник. HP 5/70
[2026-05-28 20:46:44] епм Боец 2: 1 урона от Лучник. HP 4/70
[2026-05-28 20:46:44] епм Боец 2: 1 урона от Лучник. HP 3/70
[2026-05-28 20:46:44] епм Боец 2: 1 урона от Лучник. HP 2/70
[2026-05-28 20:46:44] епм Боец 2: 1 урона от Лучник. HP 1/70
[2026-05-28 20:46:44] епм Боец 2: 1 урона от Лучник. HP 0/70
[2026-05-28 20:46:44] епм Боец 2 убит Лучник
[2026-05-28 20:46:44] епм Боец 3: 1 урона от Лучник. HP 55/100
[2026-05-28 20:46:44] епм Боец 5: 1 урона от Лучник. HP 18/60
[2026-05-28 20:46:44] епм Боец 3: 1 урона от Лучник. HP 54/100
[2026-05-28 20:46:44] епм Боец 5: 1 урона от Лучник. HP 17/60
[2026-05-28 20:46:44] епм Боец 7: 1 урона от Лучник. HP 41/60
[2026-05-28 20:46:44] епм Боец 3: 1 урона от Лучник. HP 53/100
[2026-05-28 20:46:44] епм Боец 5: 1 урона от Лучник. HP 16/60
[2026-05-28 20:46:44] епм Боец 5: 1 урона от Лучник. HP 15/60
[2026-05-28 20:46:45] епм Боец 3: 1 урона от Лучник. HP 52/100
[2026-05-28 20:46:45] епм Боец 5: 1 урона от Слабый боец. HP 14/60
[2026-05-28 20:46:45] епм Боец 7: 1 урона от Лучник. HP 40/60
[2026-05-28 20:46:45] епм Боец 8: 1 урона от Сильный боец. HP 59/70
[2026-05-28 20:46:45] епм Боец 3: 1 урона от Лучник. HP 51/100
[2026-05-28 20:46:45] епм Боец 8: 1 урона от Лучник. HP 58/70
[2026-05-28 20:46:45] епм Боец 7: 1 урона от Лучник. HP 39/60
[2026-05-28 20:46:45] епм Боец 5: 1 урона от Лучник. HP 13/60
[2026-05-28 20:46:45] епм Боец 3: 1 урона от Лучник. HP 50/100
[2026-05-28 20:46:45] епм Боец 8: 1 урона от Лучник. HP 57/70
[2026-05-28 20:46:45] епм Боец 3: 1 урона от Лучник. HP 49/100
[2026-05-28 20:46:45] епм Боец 3: 1 урона от Лучник. HP 48/100
[2026-05-28 20:46:45] епм Боец 3: 1 урона от Лучник. HP 47/100
[2026-05-28 20:46:45] епм Боец 3: 1 урона от Лучник. HP 46/100
[2026-05-28 20:46:45] епм Боец 3: 1 урона от Лучник. HP 45/100
[2026-05-28 20:46:45] епм Боец 7: 1 урона от Лучник. HP 38/60
[2026-05-28 20:46:45] епм Боец 3: 1 урона от Лучник. HP 44/100
[2026-05-28 20:46:45] епм Боец 5: 1 урона от Лучник. HP 12/60
[2026-05-28 20:46:45] епм Боец 3: 1 урона от Лучник. HP 43/100
[2026-05-28 20:46:45] епм Боец 5: 1 урона от Лучник. HP 11/60
[2026-05-28 20:46:45] епм Боец 3: 1 урона от Лучник. HP 42/100
[2026-05-28 20:46:45] епм Боец 3: 1 урона от Лучник. HP 41/100
[2026-05-28 20:46:45] епм Боец 3: 1 урона от Лучник. HP 40/100
[2026-05-28 20:46:45] епм Боец 5: 1 урона от Лучник. HP 10/60
[2026-05-28 20:46:45] епм Боец 5: 1 урона от Лучник. HP 9/60
[2026-05-28 20:46:45] епм Боец 7: 1 урона от Лучник. HP 37/60
[2026-05-28 20:46:45] епм Боец 5: 1 урона от Лучник. HP 8/60
[2026-05-28 20:46:45] епм Боец 3: 1 урона от Лучник. HP 39/100
[2026-05-28 20:46:45] епм Боец 3: 1 урона от Лучник. HP 38/100
[2026-05-28 20:46:45] епм Боец 5: 1 урона от Лучник. HP 7/60
[2026-05-28 20:46:45] епм Боец 7: 1 урона от Лучник. HP 36/60
[2026-05-28 20:46:45] епм Боец 3: 1 урона от Лучник. HP 37/100
[2026-05-28 20:46:45] епм Боец 3: 1 урона от Лучник. HP 36/100
[2026-05-28 20:46:45] епм Боец 5: 1 урона от Слабый боец. HP 6/60
[2026-05-28 20:46:45] епм Боец 8: 1 урона от Сильный боец. HP 56/70
[2026-05-28 20:46:45] епм Боец 8: 1 урона от Лучник. HP 55/70
[2026-05-28 20:46:45] епм Боец 3: 1 урона от Лучник. HP 35/100
[2026-05-28 20:46:45] епм Боец 3: 1 урона от Лучник. HP 34/100
[2026-05-28 20:46:45] епм Боец 3: 1 урона от Лучник. HP 33/100
[2026-05-28 20:46:45] епм Боец 7: 1 урона от Лучник. HP 35/60
[2026-05-28 20:46:45] епм Боец 3: 1 урона от Лучник. HP 32/100
[2026-05-28 20:46:45] епм Боец 7: 1 урона от Лучник. HP 34/60
[2026-05-28 20:46:45] епм Боец 3: 1 урона от Лучник. HP 31/100
[2026-05-28 20:46:45] епм Боец 8: 1 урона от Лучник. HP 54/70
[2026-05-28 20:46:45] епм Боец 5: 1 урона от Лучник. HP 5/60
[2026-05-28 20:46:45] епм Боец 3: 1 урона от Лучник. HP 30/100
[2026-05-28 20:46:45] епм Боец 3: 1 урона от Лучник. HP 29/100
[2026-05-28 20:46:45] епм Боец 3: 1 урона от Лучник. HP 28/100
[2026-05-28 20:46:45] епм Боец 5: 1 урона от Лучник. HP 4/60
[2026-05-28 20:46:45] епм Боец 7: 1 урона от Лучник. HP 33/60
[2026-05-28 20:46:45] епм Боец 7: 1 урона от Лучник. HP 32/60
[2026-05-28 20:46:45] епм Боец 3: 1 урона от Лучник. HP 27/100
[2026-05-28 20:46:45] епм Боец 5: 1 урона от Лучник. HP 3/60
[2026-05-28 20:46:45] епм Боец 7: 1 урона от Лучник. HP 31/60
[2026-05-28 20:46:45] епм Боец 3: 1 урона от Лучник. HP 26/100
[2026-05-28 20:46:45] епм Боец 3: 1 урона от Лучник. HP 25/100
[2026-05-28 20:46:45] епм Боец 7: 1 урона от Лучник. HP 30/60
[2026-05-28 20:46:45] епм Боец 7: 1 урона от Лучник. HP 29/60
[2026-05-28 20:46:45] епм Боец 5: 1 урона от Лучник. HP 2/60
[2026-05-28 20:46:45] епм Боец 5: 1 урона от Лучник. HP 1/60
[2026-05-28 20:46:45] епм Боец 8: 1 урона от Лучник. HP 53/70
[2026-05-28 20:46:45] епм Боец 7: 1 урона от Лучник. HP 28/60
[2026-05-28 20:46:45] епм Боец 3: 1 урона от Лучник. HP 24/100
[2026-05-28 20:46:45] епм Боец 5: 1 урона от Слабый боец. HP 0/60
[2026-05-28 20:46:45] епм Боец 5 убит Слабый боец
[2026-05-28 20:46:45] епм Боец 7: 5 урона от Сильный боец. HP 23/60
[2026-05-28 20:46:45] шло Боец 1: 5 урона от Сильный боец. HP 43/60
[2026-05-28 20:46:45] епм Боец 8: 1 урона от Слабый боец. HP 52/70
[2026-05-28 20:46:45] епм Боец 3: 1 урона от Лучник. HP 23/100
[2026-05-28 20:46:45] епм Боец 3: 1 урона от Лучник. HP 22/100
[2026-05-28 20:46:45] епм Боец 3: 1 урона от Лучник. HP 21/100
[2026-05-28 20:46:45] епм Боец 3: 1 урона от Лучник. HP 20/100
[2026-05-28 20:46:45] епм Боец 8: 1 урона от Лучник. HP 51/70
[2026-05-28 20:46:45] епм Боец 7: 1 урона от Лучник. HP 22/60
[2026-05-28 20:46:45] епм Боец 3: 1 урона от Лучник. HP 19/100
[2026-05-28 20:46:45] епм Боец 7: 1 урона от Лучник. HP 21/60
[2026-05-28 20:46:45] епм Боец 3: 1 урона от Лучник. HP 18/100
[2026-05-28 20:46:45] епм Боец 8: 1 урона от Лучник. HP 50/70
[2026-05-28 20:46:45] епм Боец 7: 1 урона от Лучник. HP 20/60
[2026-05-28 20:46:45] епм Боец 3: 1 урона от Лучник. HP 17/100
[2026-05-28 20:46:45] епм Боец 7: 1 урона от Лучник. HP 19/60
[2026-05-28 20:46:45] епм Боец 3: 1 урона от Лучник. HP 16/100
[2026-05-28 20:46:45] епм Боец 3: 1 урона от Лучник. HP 15/100
[2026-05-28 20:46:45] епм Боец 3: 1 урона от Лучник. HP 14/100
[2026-05-28 20:46:45] епм Боец 3: 1 урона от Лучник. HP 13/100
[2026-05-28 20:46:45] епм Боец 3: 1 урона от Лучник. HP 12/100
[2026-05-28 20:46:45] епм Боец 3: 1 урона от Лучник. HP 11/100
[2026-05-28 20:46:45] епм Боец 3: 1 урона от Лучник. HP 10/100
[2026-05-28 20:46:45] епм Боец 8: 1 урона от Лучник. HP 49/70
[2026-05-28 20:46:45] епм Боец 7: 1 урона от Лучник. HP 18/60
[2026-05-28 20:46:45] епм Боец 7: 1 урона от Лучник. HP 17/60
[2026-05-28 20:46:45] епм Боец 7: 1 урона от Лучник. HP 16/60
[2026-05-28 20:46:45] епм Боец 3: 1 урона от Лучник. HP 9/100
[2026-05-28 20:46:45] епм Боец 3: 1 урона от Лучник. HP 8/100
[2026-05-28 20:46:45] епм Боец 3: 1 урона от Лучник. HP 7/100
[2026-05-28 20:46:45] епм Боец 3: 1 урона от Лучник. HP 6/100
[2026-05-28 20:46:46] епм Боец 3: 1 урона от Лучник. HP 5/100
[2026-05-28 20:46:46] епм Боец 7: 1 урона от Слабый боец. HP 15/60
[2026-05-28 20:46:46] епм Боец 8: 1 урона от Сильный боец. HP 48/70
[2026-05-28 20:46:46] епм Боец 8: 1 урона от Лучник. HP 47/70
[2026-05-28 20:46:46] епм Боец 3: 1 урона от Лучник. HP 4/100
[2026-05-28 20:46:46] епм Боец 3: 1 урона от Лучник. HP 3/100
[2026-05-28 20:46:46] епм Боец 3: 1 урона от Лучник. HP 2/100
[2026-05-28 20:46:46] епм Боец 3: 1 урона от Лучник. HP 1/100
[2026-05-28 20:46:46] епм Боец 3: 1 урона от Лучник. HP 0/100
[2026-05-28 20:46:46] епм Боец 3 убит Лучник
[2026-05-28 20:46:46] епм Боец 7: 1 урона от Лучник. HP 14/60
[2026-05-28 20:46:46] епм Боец 7: 1 урона от Лучник. HP 13/60
[2026-05-28 20:46:46] епм Боец 7: 1 урона от Лучник. HP 12/60
[2026-05-28 20:46:46] епм Боец 7: 1 урона от Лучник. HP 11/60
[2026-05-28 20:46:46] епм Боец 8: 1 урона от Лучник. HP 46/70
[2026-05-28 20:46:46] епм Боец 7: 1 урона от Лучник. HP 10/60
[2026-05-28 20:46:46] епм Боец 8: 1 урона от Лучник. HP 45/70
[2026-05-28 20:46:46] епм Боец 7: 1 урона от Лучник. HP 9/60
[2026-05-28 20:46:46] епм Боец 7: 1 урона от Лучник. HP 8/60
[2026-05-28 20:46:46] епм Боец 7: 1 урона от Лучник. HP 7/60
[2026-05-28 20:46:46] епм Боец 8: 1 урона от Сильный боец. HP 44/70
[2026-05-28 20:46:46] епм Боец 7: 1 урона от Лучник. HP 6/60
[2026-05-28 20:46:46] епм Боец 8: 1 урона от Лучник. HP 43/70
[2026-05-28 20:46:46] епм Боец 7: 1 урона от Лучник. HP 5/60
[2026-05-28 20:46:46] епм Боец 8: 1 урона от Лучник. HP 42/70
[2026-05-28 20:46:46] епм Боец 7: 1 урона от Лучник. HP 4/60
[2026-05-28 20:46:46] епм Боец 7: 1 урона от Лучник. HP 3/60
[2026-05-28 20:46:46] епм Боец 7: 1 урона от Лучник. HP 2/60
[2026-05-28 20:46:46] епм Боец 7: 1 урона от Лучник. HP 1/60
[2026-05-28 20:46:46] епм Боец 7: 1 урона от Лучник. HP 0/60
[2026-05-28 20:46:46] епм Боец 7 убит Лучник
[2026-05-28 20:46:46] епм Боец 8: 1 урона от Лучник. HP 41/70
[2026-05-28 20:46:46] епм Боец 8: 1 урона от Лучник. HP 40/70
[2026-05-28 20:46:46] епм Боец 8: 1 урона от Лучник. HP 39/70
[2026-05-28 20:46:46] епм Боец 8: 1 урона от Лучник. HP 38/70
[2026-05-28 20:46:46] епм Боец 8: 1 урона от Лучник. HP 37/70
[2026-05-28 20:46:46] епм Боец 8: 1 урона от Лучник. HP 36/70
[2026-05-28 20:46:46] епм Боец 8: 1 урона от Сильный боец. HP 35/70
[2026-05-28 20:46:46] епм Боец 8: 1 урона от Лучник. HP 34/70
[2026-05-28 20:46:46] епм Боец 8: 1 урона от Лучник. HP 33/70
[2026-05-28 20:46:46] епм Боец 8: 1 урона от Лучник. HP 32/70
[2026-05-28 20:46:46] епм Боец 8: 1 урона от Лучник. HP 31/70
[2026-05-28 20:46:46] епм Боец 8: 1 урона от Лучник. HP 30/70
[2026-05-28 20:46:46] епм Боец 8: 1 урона от Лучник. HP 29/70
[2026-05-28 20:46:46] епм Боец 8: 1 урона от Лучник. HP 28/70
[2026-05-28 20:46:46] епм Боец 8: 1 урона от Лучник. HP 27/70
[2026-05-28 20:46:46] епм Боец 8: 1 урона от Лучник. HP 26/70
[2026-05-28 20:46:46] епм Боец 8: 1 урона от Лучник. HP 25/70
[2026-05-28 20:46:46] епм Боец 8: 1 урона от Лучник. HP 24/70
[2026-05-28 20:46:46] епм Боец 8: 1 урона от Лучник. HP 23/70
[2026-05-28 20:46:46] епм Боец 8: 1 урона от Лучник. HP 22/70
[2026-05-28 20:46:46] епм Боец 8: 1 урона от Лучник. HP 21/70
[2026-05-28 20:46:46] епм Боец 8: 1 урона от Лучник. HP 20/70
[2026-05-28 20:46:46] епм Боец 8: 1 урона от Лучник. HP 19/70
[2026-05-28 20:46:46] епм Боец 8: 1 урона от Лучник. HP 18/70
[2026-05-28 20:46:46] епм Боец 8: 1 урона от Лучник. HP 17/70
[2026-05-28 20:46:46] епм Боец 8: 1 урона от Лучник. HP 16/70
[2026-05-28 20:46:46] епм Боец 8: 1 урона от Лучник. HP 15/70
[2026-05-28 20:46:46] епм Боец 8: 1 урона от Лучник. HP 14/70
[2026-05-28 20:46:46] епм Боец 8: 1 урона от Лучник. HP 13/70
[2026-05-28 20:46:46] епм Боец 8: 1 урона от Лучник. HP 12/70
[2026-05-28 20:46:46] епм Боец 8: 1 урона от Лучник. HP 11/70
[2026-05-28 20:46:46] епм Боец 8: 1 урона от Лучник. HP 10/70
[2026-05-28 20:46:46] епм Боец 8: 1 урона от Лучник. HP 9/70
[2026-05-28 20:46:46] епм Боец 8: 1 урона от Лучник. HP 8/70
[2026-05-28 20:46:46] епм Боец 8: 1 урона от Лучник. HP 7/70
[2026-05-28 20:46:46] епм Боец 8: 1 урона от Лучник. HP 6/70
[2026-05-28 20:46:46] епм Боец 8: 1 урона от Лучник. HP 5/70
[2026-05-28 20:46:46] епм Боец 8: 1 урона от Лучник. HP 4/70
[2026-05-28 20:46:46] епм Боец 8: 1 урона от Лучник. HP 3/70
[2026-05-28 20:46:46] епм Боец 8: 1 урона от Лучник. HP 2/70
[2026-05-28 20:46:46] епм Боец 8: 1 урона от Лучник. HP 1/70
[2026-05-28 20:46:47] епм Боец 8: 1 урона от Лучник. HP 0/70
[2026-05-28 20:46:47] епм Боец 8 убит Лучник
[2026-05-28 20:50:10] 1 Боец 1: 12 урона от Сильный боец. HP 13/25
[2026-05-28 20:50:10] 2300 Боец 1: 1 урона от Слабый боец. HP 59/60
[2026-05-28 20:50:10] 2300 Боец 1: 1 урона от Лучник. HP 58/60
[2026-05-28 20:50:10] 2300 Боец 3: 8 урона от Лучник. HP 14/22
[2026-05-28 20:50:10] 1 Боец 1: 4 урона от Лучник. HP 9/25
[2026-05-28 20:50:10] 1 Боец 1: 4 урона от Лучник. HP 5/25
[2026-05-28 20:50:11] 1 Боец 1: 12 урона от Сильный боец. HP 0/25
[2026-05-28 20:50:11] 1 Боец 1 убит Сильный боец
[2026-05-28 20:50:11] 2300 Боец 1: 1 урона от Слабый боец. HP 57/60
[2026-05-28 20:50:11] 2300 Боец 1: 1 урона от Лучник. HP 56/60
[2026-05-28 20:50:11] 2300 Боец 2: 10 урона от Лучник. HP 5/15
[2026-05-28 20:50:11] 1 Боец 2: 4 урона от Лучник. HP 21/25
[2026-05-28 20:50:11] 1 Боец 3: 4 урона от Лучник. HP 21/25
[2026-05-28 20:50:12] 1 Боец 2: 12 урона от Сильный боец. HP 9/25
[2026-05-28 20:50:12] 2300 Боец 1: 1 урона от Слабый боец. HP 55/60
[2026-05-28 20:50:12] 1 Боец 3: 4 урона от Лучник. HP 17/25
[2026-05-28 20:50:12] 1 Боец 2: 4 урона от Лучник. HP 5/25
[2026-05-28 20:50:12] 1 Боец 2: 1 урона от Лекарь. HP 4/25
[2026-05-28 20:50:12] 2300 Боец 2: 8 урона от Слабый боец. HP 7/15
[2026-05-28 20:50:12] 2300 Боец 2: 10 урона от Лучник. HP 0/15
[2026-05-28 20:50:12] 2300 Боец 2 убит Лучник
[2026-05-28 20:50:12] 2300 Боец 5: 9 урона от Лучник. HP 9/18
[2026-05-28 20:50:12] 1 Боец 2: 4 урона от Лучник. HP 0/25
[2026-05-28 20:50:12] 1 Боец 2 убит Лучник
[2026-05-28 20:50:12] 1 Боец 5: 1 урона от Лучник. HP 59/60
[2026-05-28 20:50:12] 1 Боец 3: 1 урона от Маг. HP 16/25
[2026-05-28 20:50:12] 2300 Боец 3: 6 урона от Слабый боец. HP 8/22
[2026-05-28 20:50:12] 2300 Боец 1: 1 урона от Лучник. HP 54/60
[2026-05-28 20:50:12] 2300 Боец 3: 8 урона от Лучник. HP 0/22
[2026-05-28 20:50:12] 2300 Боец 3 убит Лучник
[2026-05-28 20:50:12] 1 Боец 3: 4 урона от Лучник. HP 12/25
[2026-05-28 20:50:13] 1 Боец 3: 1 урона от Лучник. HP 11/25
[2026-05-28 20:50:13] 2300 Боец 4: 7 урона от Слабый боец. HP 11/18
[2026-05-28 20:50:13] 2300 Боец 1: 1 урона от Лучник. HP 53/60
[2026-05-28 20:50:13] 2300 Боец 5: 9 урона от Лучник. HP 0/18
[2026-05-28 20:50:13] 2300 Боец 5 убит Лучник
[2026-05-28 20:50:13] 1 Боец 3: 4 урона от Лучник. HP 7/25
[2026-05-28 20:50:13] 1 Боец 3: 1 урона от Лекарь. HP 6/25
[2026-05-28 20:50:13] 2300 Боец 6: 8 урона от Слабый боец. HP 7/15
[2026-05-28 20:50:13] 2300 Боец 6: 10 урона от Лучник. HP 0/15
[2026-05-28 20:50:13] 2300 Боец 6 убит Лучник
[2026-05-28 20:50:13] 2300 Боец 4: 9 урона от Лучник. HP 9/18
[2026-05-28 20:50:13] 1 Боец 4: 1 урона от Лучник. HP 69/70
[2026-05-28 20:50:13] 1 Боец 3: 1 урона от Лекарь. HP 5/25
[2026-05-28 20:50:13] 2300 Боец 7: 8 урона от Слабый боец. HP 7/15
[2026-05-28 20:50:13] 2300 Боец 7: 10 урона от Лучник. HP 0/15
[2026-05-28 20:50:13] 2300 Боец 7 убит Лучник
[2026-05-28 20:50:13] 2300 Боец 1: 1 урона от Лучник. HP 52/60
[2026-05-28 20:50:13] 1 Боец 3: 2 урона от Слабый боец. HP 3/25
[2026-05-28 20:50:13] 2300 Боец 8: 2 урона от Слабый боец. HP 23/25
[2026-05-28 20:50:13] 2300 Боец 1: 1 урона от Лучник. HP 51/60
[2026-05-28 20:50:13] 2300 Боец 1: 1 урона от Лучник. HP 50/60
[2026-05-28 20:50:13] 1 Боец 3: 4 урона от Лучник. HP 0/25
[2026-05-28 20:50:13] 1 Боец 3 убит Лучник
[2026-05-28 20:50:14] 2300 Боец 8: 2 урона от Слабый боец. HP 21/25
[2026-05-28 20:50:14] 2300 Боец 10: 1 урона от Лучник. HP 69/70
[2026-05-28 20:50:14] 2300 Боец 1: 1 урона от Лучник. HP 49/60
[2026-05-28 20:50:14] 1 Боец 5: 1 урона от Лучник. HP 58/60
[2026-05-28 20:50:14] 2300 Боец 8: 2 урона от Слабый боец. HP 23/25
[2026-05-28 20:50:14] 2300 Боец 8: 4 урона от Лучник. HP 19/25
[2026-05-28 20:50:14] 2300 Боец 10: 1 урона от Лучник. HP 68/70
[2026-05-28 20:50:14] 1 Боец 4: 1 урона от Лучник. HP 68/70
[2026-05-28 20:50:14] 2300 Боец 8: 2 урона от Слабый боец. HP 23/25
[2026-05-28 20:50:14] 2300 Боец 4: 9 урона от Лучник. HP 9/18
[2026-05-28 20:50:14] 2300 Боец 4: 9 урона от Лучник. HP 0/18
[2026-05-28 20:50:14] 2300 Боец 4 убит Лучник
[2026-05-28 20:50:14] 2300 Боец 9: 8 урона от Слабый боец. HP 7/15
[2026-05-28 20:50:14] 2300 Боец 1: 1 урона от Лучник. HP 48/60
[2026-05-28 20:50:14] 2300 Боец 8: 4 урона от Лучник. HP 19/25
[2026-05-28 20:50:14] 2300 Боец 9: 8 урона от Слабый боец. HP 0/15
[2026-05-28 20:50:14] 2300 Боец 9 убит Слабый боец
[2026-05-28 20:50:14] 2300 Боец 8: 4 урона от Лучник. HP 21/25
[2026-05-28 20:50:14] 2300 Боец 1: 1 урона от Лучник. HP 47/60
[2026-05-28 20:50:15] 2300 Боец 10: 1 урона от Слабый боец. HP 69/70
[2026-05-28 20:50:15] 2300 Боец 8: 4 урона от Лучник. HP 17/25
[2026-05-28 20:50:15] 2300 Боец 1: 1 урона от Лучник. HP 59/60
[2026-05-28 20:50:15] 2300 Боец 10: 1 урона от Слабый боец. HP 68/70
[2026-05-28 20:50:15] 2300 Боец 10: 1 урона от Лучник. HP 67/70
[2026-05-28 20:50:15] 2300 Боец 1: 1 урона от Лучник. HP 58/60
[2026-05-28 20:50:15] 2300 Боец 10: 1 урона от Слабый боец. HP 66/70
[2026-05-28 20:50:15] 2300 Боец 1: 1 урона от Лучник. HP 59/60
[2026-05-28 20:50:15] 2300 Боец 1: 1 урона от Лучник. HP 58/60
[2026-05-28 20:50:15] 2300 Боец 10: 1 урона от Слабый боец. HP 69/70
[2026-05-28 20:50:15] 2300 Боец 1: 1 урона от Лучник. HP 57/60
[2026-05-28 20:50:15] 2300 Боец 1: 1 урона от Лучник. HP 56/60
[2026-05-28 20:50:16] 2300 Боец 10: 1 урона от Слабый боец. HP 68/70
[2026-05-28 20:50:16] 2300 Боец 8: 4 урона от Лучник. HP 21/25
[2026-05-28 20:50:16] 2300 Боец 1: 1 урона от Лучник. HP 59/60
[2026-05-28 20:50:16] 2300 Боец 10: 1 урона от Слабый боец. HP 67/70
[2026-05-28 20:50:16] 2300 Боец 8: 4 урона от Лучник. HP 21/25
[2026-05-28 20:50:16] 2300 Боец 10: 1 урона от Лучник. HP 66/70
[2026-05-28 20:50:16] 2300 Боец 1: 1 урона от Лучник. HP 58/60
[2026-05-28 20:50:16] 2300 Боец 10: 1 урона от Слабый боец. HP 65/70
[2026-05-28 20:50:16] 2300 Боец 1: 1 урона от Лучник. HP 57/60
[2026-05-28 20:50:16] 2300 Боец 1: 1 урона от Лучник. HP 56/60
[2026-05-28 20:50:16] 2300 Боец 1: 1 урона от Лучник. HP 55/60
[2026-05-28 20:50:16] 2300 Боец 10: 1 урона от Слабый боец. HP 64/70
[2026-05-28 20:50:16] 2300 Боец 1: 1 урона от Лучник. HP 59/60
[2026-05-28 20:50:16] 2300 Боец 8: 4 урона от Лучник. HP 21/25
[2026-05-28 20:50:16] 2300 Боец 8: 4 урона от Лучник. HP 17/25
[2026-05-28 20:50:17] 2300 Боец 10: 1 урона от Слабый боец. HP 69/70
[2026-05-28 20:50:17] 2300 Боец 10: 1 урона от Лучник. HP 68/70
[2026-05-28 20:50:17] 2300 Боец 1: 1 урона от Лучник. HP 58/60
[2026-05-28 20:50:17] 2300 Боец 8: 4 урона от Лучник. HP 13/25
[2026-05-28 20:50:17] 2300 Боец 10: 1 урона от Слабый боец. HP 69/70
[2026-05-28 20:50:17] 2300 Боец 8: 4 урона от Лучник. HP 9/25
[2026-05-28 20:50:17] 2300 Боец 8: 4 урона от Лучник. HP 5/25
[2026-05-28 20:50:17] 2300 Боец 10: 1 урона от Лучник. HP 68/70
[2026-05-28 20:50:17] 2300 Боец 10: 1 урона от Слабый боец. HP 67/70
[2026-05-28 20:50:17] 2300 Боец 1: 1 урона от Лучник. HP 59/60
[2026-05-28 20:50:17] 2300 Боец 8: 4 урона от Лучник. HP 1/25
[2026-05-28 20:50:17] 2300 Боец 10: 1 урона от Лучник. HP 66/70
[2026-05-28 20:50:17] 2300 Боец 10: 1 урона от Слабый боец. HP 69/70
[2026-05-28 20:50:17] 2300 Боец 1: 1 урона от Лучник. HP 58/60
[2026-05-28 20:50:17] 2300 Боец 10: 1 урона от Лучник. HP 68/70
[2026-05-28 20:50:17] 2300 Боец 1: 1 урона от Лучник. HP 57/60
[2026-05-28 20:50:18] 2300 Боец 10: 1 урона от Слабый боец. HP 67/70
[2026-05-28 20:50:18] 2300 Боец 8: 4 урона от Лучник. HP 21/25
[2026-05-28 20:50:18] 2300 Боец 8: 4 урона от Лучник. HP 17/25
[2026-05-28 20:50:18] 2300 Боец 8: 4 урона от Лучник. HP 13/25
[2026-05-28 20:50:18] 2300 Боец 10: 1 урона от Слабый боец. HP 69/70
[2026-05-28 20:50:18] 2300 Боец 10: 1 урона от Лучник. HP 68/70
[2026-05-28 20:50:18] 2300 Боец 8: 4 урона от Лучник. HP 9/25
[2026-05-28 20:50:18] 2300 Боец 8: 4 урона от Лучник. HP 5/25
[2026-05-28 20:50:18] 2300 Боец 10: 1 урона от Слабый боец. HP 69/70
[2026-05-28 20:50:18] 2300 Боец 1: 1 урона от Лучник. HP 56/60
[2026-05-28 20:50:18] 2300 Боец 1: 1 урона от Лучник. HP 55/60
[2026-05-28 20:50:18] 2300 Боец 1: 1 урона от Лучник. HP 54/60
[2026-05-28 20:50:18] 2300 Боец 10: 1 урона от Слабый боец. HP 68/70
[2026-05-28 20:50:18] 2300 Боец 10: 1 урона от Лучник. HP 67/70
[2026-05-28 20:50:18] 2300 Боец 1: 1 урона от Лучник. HP 59/60
[2026-05-28 20:50:18] 2300 Боец 8: 4 урона от Лучник. HP 1/25
[2026-05-28 20:50:19] 2300 Боец 10: 1 урона от Слабый боец. HP 69/70
[2026-05-28 20:50:19] 2300 Боец 1: 1 урона от Лучник. HP 58/60
[2026-05-28 20:50:19] 2300 Боец 8: 4 урона от Лучник. HP 0/25
[2026-05-28 20:50:19] 2300 Боец 8 убит Лучник
[2026-05-28 20:50:19] 2300 Боец 1: 1 урона от Лучник. HP 57/60
[2026-05-28 20:50:19] 2300 Боец 11: 8 урона от Слабый боец. HP 7/15
[2026-05-28 20:50:19] 2300 Боец 1: 1 урона от Лучник. HP 56/60
[2026-05-28 20:50:19] 2300 Боец 10: 1 урона от Лучник. HP 68/70
[2026-05-28 20:50:19] 2300 Боец 1: 1 урона от Лучник. HP 55/60
[2026-05-28 20:50:19] 2300 Боец 11: 8 урона от Слабый боец. HP 0/15
[2026-05-28 20:50:19] 2300 Боец 11 убит Слабый боец
[2026-05-28 20:50:19] 2300 Боец 10: 1 урона от Лучник. HP 67/70
[2026-05-28 20:50:19] 2300 Боец 1: 1 урона от Лучник. HP 54/60
[2026-05-28 20:50:19] 2300 Боец 1: 1 урона от Лучник. HP 53/60
[2026-05-28 20:50:19] 2300 Боец 1: 1 урона от Лучник. HP 52/60
[2026-05-28 20:50:19] 2300 Боец 1: 1 урона от Лучник. HP 51/60
[2026-05-28 20:50:19] 2300 Боец 1: 1 урона от Лучник. HP 50/60
[2026-05-28 20:50:19] 1 Боец 4: 1 урона от Сильный боец. HP 67/70
[2026-05-28 20:50:19] 2300 Боец 1: 1 урона от Лучник. HP 49/60
[2026-05-28 20:50:19] 2300 Боец 10: 1 урона от Лучник. HP 66/70
[2026-05-28 20:50:19] 2300 Боец 1: 1 урона от Лучник. HP 48/60
[2026-05-28 20:50:20] 1 Боец 4: 1 урона от Сильный боец. HP 66/70
[2026-05-28 20:50:20] 2300 Боец 1: 1 урона от Лучник. HP 47/60
[2026-05-28 20:50:20] 2300 Боец 1: 1 урона от Лучник. HP 46/60
[2026-05-28 20:50:20] 2300 Боец 10: 1 урона от Лучник. HP 65/70
[2026-05-28 20:50:20] 2300 Боец 1: 1 урона от Лучник. HP 45/60
[2026-05-28 20:50:20] 1 Боец 4: 1 урона от Сильный боец. HP 65/70
[2026-05-28 20:50:20] 2300 Боец 1: 1 урона от Лучник. HP 44/60
[2026-05-28 20:50:20] 2300 Боец 10: 1 урона от Лучник. HP 64/70
[2026-05-28 20:50:20] 2300 Боец 10: 1 урона от Лучник. HP 63/70
[2026-05-28 20:50:20] 2300 Боец 10: 1 урона от Лучник. HP 62/70
[2026-05-28 20:50:20] 1 Боец 4: 1 урона от Сильный боец. HP 64/70
[2026-05-28 20:50:20] 2300 Боец 1: 1 урона от Лучник. HP 43/60
[2026-05-28 20:50:20] 2300 Боец 10: 1 урона от Лучник. HP 61/70
[2026-05-28 20:50:20] 2300 Боец 1: 1 урона от Лучник. HP 42/60
[2026-05-28 20:50:20] 2300 Боец 1: 1 урона от Лучник. HP 41/60
[2026-05-28 20:50:20] 1 Боец 4: 1 урона от Сильный боец. HP 63/70
[2026-05-28 20:50:20] 2300 Боец 1: 1 урона от Лучник. HP 40/60
[2026-05-28 20:50:20] 2300 Боец 10: 1 урона от Лучник. HP 60/70
[2026-05-28 20:50:20] 2300 Боец 1: 1 урона от Лучник. HP 39/60
[2026-05-28 20:50:20] 2300 Боец 10: 1 урона от Лучник. HP 59/70
[2026-05-28 20:50:21] 1 Боец 4: 1 урона от Сильный боец. HP 62/70
[2026-05-28 20:50:21] 2300 Боец 1: 1 урона от Лучник. HP 38/60
[2026-05-28 20:50:21] 2300 Боец 1: 1 урона от Лучник. HP 37/60
[2026-05-28 20:50:21] 2300 Боец 10: 1 урона от Лучник. HP 58/70
[2026-05-28 20:50:21] 2300 Боец 1: 1 урона от Лучник. HP 36/60
[2026-05-28 20:50:21] 2300 Боец 1: 1 урона от Лучник. HP 35/60
[2026-05-28 20:50:21] 1 Боец 4: 1 урона от Сильный боец. HP 61/70
[2026-05-28 20:50:21] 2300 Боец 10: 1 урона от Лучник. HP 57/70
[2026-05-28 20:50:21] 2300 Боец 1: 1 урона от Лучник. HP 34/60
[2026-05-28 20:50:21] 2300 Боец 10: 1 урона от Лучник. HP 56/70
[2026-05-28 20:50:21] 2300 Боец 1: 1 урона от Лучник. HP 33/60
[2026-05-28 20:50:21] 2300 Боец 1: 1 урона от Лучник. HP 32/60
[2026-05-28 20:50:21] 1 Боец 4: 1 урона от Сильный боец. HP 60/70
[2026-05-28 20:50:21] 2300 Боец 1: 1 урона от Лучник. HP 31/60
[2026-05-28 20:50:21] 2300 Боец 1: 1 урона от Лучник. HP 30/60
[2026-05-28 20:50:21] 2300 Боец 1: 1 урона от Лучник. HP 29/60
[2026-05-28 20:50:21] 2300 Боец 1: 1 урона от Лучник. HP 28/60
[2026-05-28 20:50:21] 2300 Боец 1: 1 урона от Лучник. HP 27/60
[2026-05-28 20:50:21] 1 Боец 4: 1 урона от Сильный боец. HP 59/70
[2026-05-28 20:50:21] 2300 Боец 1: 1 урона от Лучник. HP 26/60
[2026-05-28 20:50:21] 2300 Боец 10: 1 урона от Лучник. HP 55/70
[2026-05-28 20:50:21] 2300 Боец 1: 1 урона от Лучник. HP 25/60
[2026-05-28 20:50:21] 2300 Боец 1: 1 урона от Лучник. HP 24/60
[2026-05-28 20:50:21] 2300 Боец 1: 1 урона от Лучник. HP 23/60
[2026-05-28 20:50:22] 1 Боец 4: 1 урона от Сильный боец. HP 58/70
[2026-05-28 20:50:22] 2300 Боец 1: 1 урона от Лучник. HP 22/60
[2026-05-28 20:50:22] 2300 Боец 1: 1 урона от Лучник. HP 21/60
[2026-05-28 20:50:22] 2300 Боец 1: 1 урона от Лучник. HP 20/60
[2026-05-28 20:50:22] 2300 Боец 1: 1 урона от Лучник. HP 19/60
[2026-05-28 20:50:22] 2300 Боец 1: 1 урона от Лучник. HP 18/60
[2026-05-28 20:50:22] 1 Боец 4: 1 урона от Сильный боец. HP 57/70
[2026-05-28 20:50:22] 2300 Боец 1: 1 урона от Лучник. HP 17/60
[2026-05-28 20:50:22] 2300 Боец 1: 1 урона от Лучник. HP 16/60
[2026-05-28 20:50:22] 2300 Боец 10: 1 урона от Лучник. HP 54/70
[2026-05-28 20:50:22] 2300 Боец 10: 1 урона от Лучник. HP 53/70
[2026-05-28 20:50:22] 2300 Боец 1: 1 урона от Лучник. HP 15/60
[2026-05-28 20:50:22] 1 Боец 4: 1 урона от Сильный боец. HP 56/70
[2026-05-28 20:50:22] 2300 Боец 1: 1 урона от Лучник. HP 14/60
[2026-05-28 20:50:22] 2300 Боец 1: 1 урона от Лучник. HP 13/60
[2026-05-28 20:50:22] 2300 Боец 1: 1 урона от Лучник. HP 12/60
[2026-05-28 20:50:22] 2300 Боец 1: 1 урона от Лучник. HP 11/60
[2026-05-28 20:50:22] 2300 Боец 1: 1 урона от Лучник. HP 10/60
[2026-05-28 20:50:22] 1 Боец 4: 1 урона от Сильный боец. HP 55/70
[2026-05-28 20:50:22] 2300 Боец 1: 1 урона от Лучник. HP 9/60
[2026-05-28 20:50:22] 2300 Боец 10: 1 урона от Лучник. HP 52/70
[2026-05-28 20:50:22] 2300 Боец 1: 1 урона от Лучник. HP 8/60
[2026-05-28 20:50:22] 2300 Боец 10: 1 урона от Лучник. HP 51/70
[2026-05-28 20:50:22] 2300 Боец 1: 1 урона от Лучник. HP 7/60
[2026-05-28 20:50:22] 2300 Боец 1: 1 урона от Лучник. HP 6/60
[2026-05-28 20:50:23] 1 Боец 4: 1 урона от Сильный боец. HP 54/70
[2026-05-28 20:50:23] 2300 Боец 1: 1 урона от Лучник. HP 5/60
[2026-05-28 20:50:23] 2300 Боец 10: 1 урона от Лучник. HP 50/70
[2026-05-28 20:50:23] 2300 Боец 10: 1 урона от Лучник. HP 49/70
[2026-05-28 20:50:23] 2300 Боец 1: 1 урона от Лучник. HP 4/60
[2026-05-28 20:50:23] 2300 Боец 1: 1 урона от Лучник. HP 3/60
[2026-05-28 20:50:23] 2300 Боец 10: 1 урона от Лучник. HP 48/70
[2026-05-28 20:50:23] 1 Боец 4: 1 урона от Сильный боец. HP 53/70
[2026-05-28 20:50:23] 2300 Боец 1: 1 урона от Лучник. HP 2/60
[2026-05-28 20:50:23] 2300 Боец 10: 1 урона от Лучник. HP 47/70
[2026-05-28 20:50:23] 2300 Боец 10: 1 урона от Лучник. HP 46/70
[2026-05-28 20:50:23] 2300 Боец 1: 1 урона от Лучник. HP 1/60
[2026-05-28 20:50:23] 2300 Боец 1: 1 урона от Лучник. HP 0/60
[2026-05-28 20:50:23] 2300 Боец 1 убит Лучник
[2026-05-28 20:50:23] 2300 Боец 10: 1 урона от Лучник. HP 45/70
[2026-05-28 20:50:23] 2300 Боец 10: 1 урона от Лучник. HP 44/70
[2026-05-28 20:50:23] 2300 Боец 10: 1 урона от Лучник. HP 43/70
[2026-05-28 20:50:23] 2300 Боец 10: 1 урона от Лучник. HP 42/70
[2026-05-28 20:50:23] 2300 Боец 10: 1 урона от Лучник. HP 41/70
[2026-05-28 20:50:23] 2300 Боец 10: 1 урона от Лучник. HP 40/70
[2026-05-28 20:50:23] 2300 Боец 10: 1 урона от Лучник. HP 39/70
[2026-05-28 20:50:23] 2300 Боец 10: 1 урона от Лучник. HP 38/70
[2026-05-28 20:50:23] 2300 Боец 10: 1 урона от Лучник. HP 37/70
[2026-05-28 20:50:23] 2300 Боец 10: 1 урона от Лучник. HP 36/70
[2026-05-28 20:50:23] 2300 Боец 10: 1 урона от Лучник. HP 35/70
[2026-05-28 20:50:23] 2300 Боец 10: 1 урона от Лучник. HP 34/70
[2026-05-28 20:50:23] 2300 Боец 10: 1 урона от Лучник. HP 33/70
[2026-05-28 20:50:24] 2300 Боец 10: 1 урона от Лучник. HP 32/70
[2026-05-28 20:50:24] 2300 Боец 10: 1 урона от Лучник. HP 31/70
[2026-05-28 20:50:24] 2300 Боец 10: 1 урона от Лучник. HP 30/70
[2026-05-28 20:50:24] 2300 Боец 10: 1 урона от Лучник. HP 29/70
[2026-05-28 20:50:24] 2300 Боец 10: 1 урона от Лучник. HP 28/70
[2026-05-28 20:50:24] 2300 Боец 10: 1 урона от Лучник. HP 27/70
[2026-05-28 20:50:24] 2300 Боец 10: 1 урона от Лучник. HP 26/70
[2026-05-28 20:50:24] 2300 Боец 10: 1 урона от Лучник. HP 25/70
[2026-05-28 20:50:24] 2300 Боец 10: 1 урона от Лучник. HP 24/70
[2026-05-28 20:50:24] 2300 Боец 10: 1 урона от Лучник. HP 23/70
[2026-05-28 20:50:24] 2300 Боец 10: 1 урона от Лучник. HP 22/70
[2026-05-28 20:50:24] 2300 Боец 10: 1 урона от Лучник. HP 21/70
[2026-05-28 20:50:24] 2300 Боец 10: 1 урона от Лучник. HP 20/70
[2026-05-28 20:50:24] 2300 Боец 10: 1 урона от Лучник. HP 19/70
[2026-05-28 20:50:24] 2300 Боец 10: 1 урона от Лучник. HP 18/70
[2026-05-28 20:50:24] 2300 Боец 10: 1 урона от Лучник. HP 17/70
[2026-05-28 20:50:24] 2300 Боец 10: 1 урона от Лучник. HP 16/70
[2026-05-28 20:50:24] 2300 Боец 10: 1 урона от Лучник. HP 15/70
[2026-05-28 20:50:24] 2300 Боец 10: 1 урона от Лучник. HP 14/70
[2026-05-28 20:50:24] 2300 Боец 10: 1 урона от Лучник. HP 13/70
[2026-05-28 20:50:24] 2300 Боец 10: 1 урона от Лучник. HP 12/70
[2026-05-28 20:50:24] 2300 Боец 10: 1 урона от Лучник. HP 11/70
[2026-05-28 20:50:24] 2300 Боец 10: 1 урона от Лучник. HP 10/70
[2026-05-28 20:50:24] 2300 Боец 10: 1 урона от Лучник. HP 9/70
[2026-05-28 20:50:25] 2300 Боец 10: 1 урона от Лучник. HP 8/70
[2026-05-28 20:50:25] 2300 Боец 10: 1 урона от Лучник. HP 7/70
[2026-05-28 20:50:25] 2300 Боец 10: 1 урона от Лучник. HP 6/70
[2026-05-28 20:50:25] 2300 Боец 10: 1 урона от Лучник. HP 5/70
[2026-05-28 20:50:25] 2300 Боец 10: 1 урона от Лучник. HP 4/70
[2026-05-28 20:50:25] 2300 Боец 10: 1 урона от Лучник. HP 3/70
[2026-05-28 20:50:25] 2300 Боец 10: 1 урона от Лучник. HP 2/70
[2026-05-28 20:50:25] 2300 Боец 10: 1 урона от Лучник. HP 1/70
[2026-05-28 20:50:25] 2300 Боец 10: 1 урона от Лучник. HP 0/70
[2026-05-28 20:50:25] 2300 Боец 10 убит Лучник
[2026-05-28 20:50:42] 1 Боец 1: 12 урона от Сильный боец. HP 13/25
[2026-05-28 20:50:42] 2300 Боец 1: 1 урона от Слабый боец. HP 59/60
[2026-05-28 20:50:42] 2300 Боец 3: 8 урона от Лучник. HP 14/22
[2026-05-28 20:50:42] 2300 Боец 4: 9 урона от Лучник. HP 9/18
[2026-05-28 20:50:42] 2300 Боец 3: 8 урона от Лучник. HP 6/22
[2026-05-28 20:50:42] 2300 Боец 2: 10 урона от Лучник. HP 5/15
[2026-05-28 20:50:42] 2300 Боец 5: 9 урона от Лучник. HP 9/18
[2026-05-28 20:50:42] 2300 Боец 10: 1 урона от Лучник. HP 69/70
[2026-05-28 20:50:42] 1 Боец 9: 1 урона от Лучник. HP 99/100
[2026-05-28 20:50:42] 1 Боец 9: 1 урона от Лучник. HP 98/100
[2026-05-28 20:50:42] 1 Боец 9: 1 урона от Лучник. HP 97/100
[2026-05-28 20:50:42] 1 Боец 1: 12 урона от Сильный боец. HP 1/25
[2026-05-28 20:50:42] 2300 Боец 1: 1 урона от Слабый боец. HP 59/60
[2026-05-28 20:50:42] 2300 Боец 9: 10 урона от Лучник. HP 5/15
[2026-05-28 20:50:42] 2300 Боец 2: 10 урона от Лучник. HP 0/15
[2026-05-28 20:50:42] 2300 Боец 2 убит Лучник
[2026-05-28 20:50:42] 2300 Боец 8: 4 урона от Лучник. HP 21/25
[2026-05-28 20:50:42] 2300 Боец 10: 1 урона от Лучник. HP 69/70
[2026-05-28 20:50:42] 2300 Боец 10: 1 урона от Лучник. HP 68/70
[2026-05-28 20:50:42] 2300 Боец 11: 10 урона от Лучник. HP 5/15
[2026-05-28 20:50:42] 1 Боец 4: 1 урона от Лучник. HP 69/70
[2026-05-28 20:50:42] 1 Боец 8: 8 урона от Лучник. HP 14/22
[2026-05-28 20:50:42] 1 Боец 2: 4 урона от Лучник. HP 21/25
[2026-05-28 20:50:42] 1 Боец 1: 12 урона от Сильный боец. HP 0/25
[2026-05-28 20:50:42] 1 Боец 1 убит Сильный боец
[2026-05-28 20:50:42] 2300 Боец 1: 1 урона от Слабый боец. HP 58/60
[2026-05-28 20:50:42] 2300 Боец 6: 10 урона от Лучник. HP 5/15
[2026-05-28 20:50:42] 2300 Боец 1: 1 урона от Лучник. HP 57/60
[2026-05-28 20:50:42] 2300 Боец 5: 9 урона от Лучник. HP 9/18
[2026-05-28 20:50:42] 2300 Боец 7: 10 урона от Лучник. HP 5/15
[2026-05-28 20:50:42] 2300 Боец 7: 10 урона от Лучник. HP 0/15
[2026-05-28 20:50:42] 2300 Боец 7 убит Лучник
[2026-05-28 20:50:42] 2300 Боец 1: 1 урона от Лучник. HP 56/60
[2026-05-28 20:50:42] 1 Боец 10: 9 урона от Лучник. HP 9/18
[2026-05-28 20:50:42] 1 Боец 4: 1 урона от Лучник. HP 68/70
[2026-05-28 20:50:42] 1 Боец 3: 4 урона от Лучник. HP 21/25
[2026-05-28 20:50:43] 1 Боец 2: 1 урона от Маг. HP 20/25
[2026-05-28 20:50:43] 2300 Боец 3: 6 урона от Слабый боец. HP 0/22
[2026-05-28 20:50:43] 2300 Боец 3 убит Слабый боец
[2026-05-28 20:50:43] 2300 Боец 1: 1 урона от Лучник. HP 55/60
[2026-05-28 20:50:43] 2300 Боец 6: 10 урона от Лучник. HP 0/15
[2026-05-28 20:50:43] 2300 Боец 6 убит Лучник
[2026-05-28 20:50:43] 2300 Боец 5: 9 урона от Лучник. HP 0/18
[2026-05-28 20:50:43] 2300 Боец 5 убит Лучник
[2026-05-28 20:50:43] 2300 Боец 9: 10 урона от Лучник. HP 5/15
[2026-05-28 20:50:43] 2300 Боец 1: 1 урона от Лучник. HP 54/60
[2026-05-28 20:50:43] 2300 Боец 8: 4 урона от Лучник. HP 21/25
[2026-05-28 20:50:43] 1 Боец 4: 1 урона от Лучник. HP 67/70
[2026-05-28 20:50:43] 1 Боец 10: 9 урона от Лучник. HP 0/18
[2026-05-28 20:50:43] 1 Боец 10 убит Лучник
[2026-05-28 20:50:43] 1 Боец 3: 2 урона от Слабый боец. HP 19/25
[2026-05-28 20:50:43] 2300 Боец 8: 2 урона от Слабый боец. HP 19/25
[2026-05-28 20:50:43] 2300 Боец 1: 1 урона от Лучник. HP 59/60
[2026-05-28 20:50:43] 2300 Боец 1: 1 урона от Лучник. HP 58/60
[2026-05-28 20:50:43] 2300 Боец 8: 4 урона от Лучник. HP 15/25
[2026-05-28 20:50:43] 2300 Боец 1: 1 урона от Лучник. HP 57/60
[2026-05-28 20:50:43] 2300 Боец 4: 9 урона от Лучник. HP 9/18
[2026-05-28 20:50:43] 2300 Боец 8: 4 урона от Лучник. HP 11/25
[2026-05-28 20:50:43] 1 Боец 2: 4 урона от Лучник. HP 16/25
[2026-05-28 20:50:43] 1 Боец 3: 2 урона от Слабый боец. HP 17/25
[2026-05-28 20:50:43] 2300 Боец 8: 2 урона от Слабый боец. HP 9/25
[2026-05-28 20:50:43] 2300 Боец 8: 4 урона от Лучник. HP 5/25
[2026-05-28 20:50:43] 2300 Боец 9: 10 урона от Лучник. HP 5/15
[2026-05-28 20:50:43] 2300 Боец 8: 4 урона от Лучник. HP 1/25
[2026-05-28 20:50:43] 2300 Боец 8: 4 урона от Лучник. HP 0/25
[2026-05-28 20:50:43] 2300 Боец 8 убит Лучник
[2026-05-28 20:50:43] 2300 Боец 9: 10 урона от Лучник. HP 0/15
[2026-05-28 20:50:43] 2300 Боец 9 убит Лучник
[2026-05-28 20:50:43] 2300 Боец 1: 1 урона от Лучник. HP 56/60
[2026-05-28 20:50:43] 2300 Боец 11: 10 урона от Лучник. HP 5/15
[2026-05-28 20:50:43] 1 Боец 3: 4 урона от Лучник. HP 13/25
[2026-05-28 20:50:43] 2300 Боец 11: 10 урона от Лучник. HP 0/15
[2026-05-28 20:50:43] 2300 Боец 11 убит Лучник
[2026-05-28 20:50:43] 2300 Боец 1: 1 урона от Лучник. HP 59/60
[2026-05-28 20:50:43] 2300 Боец 4: 9 урона от Лучник. HP 9/18
[2026-05-28 20:50:43] 2300 Боец 10: 1 урона от Лучник. HP 67/70
[2026-05-28 20:50:43] 2300 Боец 1: 1 урона от Лучник. HP 58/60
[2026-05-28 20:50:43] 2300 Боец 4: 9 урона от Лучник. HP 0/18
[2026-05-28 20:50:43] 2300 Боец 4 убит Лучник
[2026-05-28 20:50:43] 1 Боец 8: 8 урона от Лучник. HP 6/22
[2026-05-28 20:50:44] 2300 Боец 1: 1 урона от Лучник. HP 57/60
[2026-05-28 20:50:44] 2300 Боец 1: 1 урона от Лучник. HP 56/60
[2026-05-28 20:50:44] 2300 Боец 10: 1 урона от Лучник. HP 66/70
[2026-05-28 20:50:44] 2300 Боец 1: 1 урона от Лучник. HP 55/60
[2026-05-28 20:50:44] 2300 Боец 1: 1 урона от Лучник. HP 54/60
[2026-05-28 20:50:44] 2300 Боец 10: 1 урона от Лучник. HP 65/70
[2026-05-28 20:50:44] 1 Боец 6: 9 урона от Лучник. HP 9/18
[2026-05-28 20:50:44] 2300 Боец 1: 1 урона от Лучник. HP 53/60
[2026-05-28 20:50:44] 2300 Боец 1: 1 урона от Лучник. HP 52/60
[2026-05-28 20:50:44] 2300 Боец 1: 1 урона от Лучник. HP 51/60
[2026-05-28 20:50:44] 2300 Боец 1: 1 урона от Лучник. HP 50/60
[2026-05-28 20:50:44] 2300 Боец 1: 1 урона от Лучник. HP 49/60
[2026-05-28 20:50:44] 2300 Боец 1: 1 урона от Лучник. HP 48/60
[2026-05-28 20:50:44] 1 Боец 3: 4 урона от Лучник. HP 9/25
[2026-05-28 20:50:44] 2300 Боец 10: 1 урона от Лучник. HP 64/70
[2026-05-28 20:50:44] 2300 Боец 1: 1 урона от Лучник. HP 47/60
[2026-05-28 20:50:44] 2300 Боец 1: 1 урона от Лучник. HP 46/60
[2026-05-28 20:50:44] 2300 Боец 1: 1 урона от Лучник. HP 45/60
[2026-05-28 20:50:44] 2300 Боец 1: 1 урона от Лучник. HP 44/60
[2026-05-28 20:50:44] 2300 Боец 1: 1 урона от Лучник. HP 43/60
[2026-05-28 20:50:44] 1 Боец 3: 4 урона от Лучник. HP 5/25
[2026-05-28 20:50:44] 2300 Боец 10: 1 урона от Лучник. HP 63/70
[2026-05-28 20:50:44] 2300 Боец 10: 1 урона от Лучник. HP 62/70
[2026-05-28 20:50:44] 2300 Боец 10: 1 урона от Лучник. HP 61/70
[2026-05-28 20:50:44] 2300 Боец 1: 1 урона от Лучник. HP 42/60
[2026-05-28 20:50:44] 2300 Боец 1: 1 урона от Лучник. HP 41/60
[2026-05-28 20:50:44] 2300 Боец 1: 1 урона от Лучник. HP 40/60
[2026-05-28 20:50:44] 1 Боец 3: 4 урона от Лучник. HP 1/25
[2026-05-28 20:50:45] 2300 Боец 1: 1 урона от Лучник. HP 39/60
[2026-05-28 20:50:45] 2300 Боец 1: 1 урона от Лучник. HP 38/60
[2026-05-28 20:50:45] 2300 Боец 10: 1 урона от Лучник. HP 60/70
[2026-05-28 20:50:45] 2300 Боец 1: 1 урона от Лучник. HP 37/60
[2026-05-28 20:50:45] 2300 Боец 10: 1 урона от Лучник. HP 59/70
[2026-05-28 20:50:45] 2300 Боец 10: 1 урона от Лучник. HP 58/70
[2026-05-28 20:50:45] 1 Боец 2: 4 урона от Лучник. HP 12/25
[2026-05-28 20:50:45] 2300 Боец 1: 1 урона от Лучник. HP 36/60
[2026-05-28 20:50:45] 2300 Боец 1: 1 урона от Лучник. HP 35/60
[2026-05-28 20:50:45] 2300 Боец 1: 1 урона от Лучник. HP 34/60
[2026-05-28 20:50:45] 2300 Боец 1: 1 урона от Лучник. HP 33/60
[2026-05-28 20:50:45] 2300 Боец 1: 1 урона от Лучник. HP 32/60
[2026-05-28 20:50:45] 2300 Боец 1: 1 урона от Лучник. HP 31/60
[2026-05-28 20:50:45] 1 Боец 2: 4 урона от Лучник. HP 8/25
[2026-05-28 20:50:45] 2300 Боец 10: 1 урона от Лучник. HP 57/70
[2026-05-28 20:50:45] 2300 Боец 1: 1 урона от Лучник. HP 30/60
[2026-05-28 20:50:45] 2300 Боец 1: 1 урона от Лучник. HP 29/60
[2026-05-28 20:50:45] 2300 Боец 10: 1 урона от Лучник. HP 56/70
[2026-05-28 20:50:45] 2300 Боец 1: 1 урона от Лучник. HP 28/60
[2026-05-28 20:50:45] 2300 Боец 1: 1 урона от Лучник. HP 27/60
[2026-05-28 20:50:45] 2300 Боец 1: 1 урона от Лучник. HP 26/60
[2026-05-28 20:50:45] 2300 Боец 10: 1 урона от Лучник. HP 55/70
[2026-05-28 20:50:45] 2300 Боец 1: 1 урона от Лучник. HP 25/60
[2026-05-28 20:50:45] 2300 Боец 1: 1 урона от Лучник. HP 24/60
[2026-05-28 20:50:45] 2300 Боец 1: 1 урона от Лучник. HP 23/60
[2026-05-28 20:50:45] 2300 Боец 10: 1 урона от Лучник. HP 54/70
[2026-05-28 20:50:45] 2300 Боец 1: 1 урона от Лучник. HP 22/60
[2026-05-28 20:50:45] 2300 Боец 10: 1 урона от Лучник. HP 53/70
[2026-05-28 20:50:45] 2300 Боец 1: 1 урона от Лучник. HP 21/60
[2026-05-28 20:50:45] 2300 Боец 1: 1 урона от Лучник. HP 20/60
[2026-05-28 20:50:45] 2300 Боец 1: 1 урона от Лучник. HP 19/60
[2026-05-28 20:50:45] 2300 Боец 10: 1 урона от Лучник. HP 52/70
[2026-05-28 20:50:45] 1 Боец 3: 4 урона от Лучник. HP 0/25
[2026-05-28 20:50:45] 1 Боец 3 убит Лучник
[2026-05-28 20:50:46] 2300 Боец 10: 1 урона от Сильный боец. HP 51/70
[2026-05-28 20:50:46] 2300 Боец 10: 1 урона от Лучник. HP 50/70
[2026-05-28 20:50:46] 2300 Боец 1: 1 урона от Лучник. HP 18/60
[2026-05-28 20:50:46] 2300 Боец 1: 1 урона от Лучник. HP 17/60
[2026-05-28 20:50:46] 2300 Боец 1: 1 урона от Лучник. HP 16/60
[2026-05-28 20:50:46] 2300 Боец 1: 1 урона от Лучник. HP 15/60
[2026-05-28 20:50:46] 2300 Боец 1: 1 урона от Лучник. HP 14/60
[2026-05-28 20:50:46] 1 Боец 5: 1 урона от Лучник. HP 59/60
[2026-05-28 20:50:46] 2300 Боец 10: 1 урона от Сильный боец. HP 49/70
[2026-05-28 20:50:46] 2300 Боец 10: 1 урона от Лучник. HP 48/70
[2026-05-28 20:50:46] 2300 Боец 10: 1 урона от Лучник. HP 47/70
[2026-05-28 20:50:46] 2300 Боец 1: 1 урона от Лучник. HP 13/60
[2026-05-28 20:50:46] 2300 Боец 10: 1 урона от Лучник. HP 46/70
[2026-05-28 20:50:46] 2300 Боец 1: 1 урона от Лучник. HP 12/60
[2026-05-28 20:50:46] 2300 Боец 1: 1 урона от Лучник. HP 11/60
[2026-05-28 20:50:46] 1 Боец 2: 4 урона от Лучник. HP 4/25
[2026-05-28 20:50:46] 2300 Боец 10: 1 урона от Сильный боец. HP 45/70
[2026-05-28 20:50:46] 2300 Боец 1: 1 урона от Лучник. HP 10/60
[2026-05-28 20:50:46] 2300 Боец 1: 1 урона от Лучник. HP 9/60
[2026-05-28 20:50:46] 2300 Боец 1: 1 урона от Лучник. HP 8/60
[2026-05-28 20:50:46] 2300 Боец 10: 1 урона от Лучник. HP 44/70
[2026-05-28 20:50:46] 2300 Боец 1: 1 урона от Лучник. HP 7/60
[2026-05-28 20:50:46] 2300 Боец 10: 1 урона от Лучник. HP 43/70
[2026-05-28 20:50:46] 2300 Боец 10: 1 урона от Сильный боец. HP 42/70
[2026-05-28 20:50:46] 2300 Боец 10: 1 урона от Лучник. HP 41/70
[2026-05-28 20:50:46] 2300 Боец 1: 1 урона от Лучник. HP 6/60
[2026-05-28 20:50:46] 2300 Боец 1: 1 урона от Лучник. HP 5/60
[2026-05-28 20:50:46] 2300 Боец 1: 1 урона от Лучник. HP 4/60
[2026-05-28 20:50:46] 2300 Боец 10: 1 урона от Лучник. HP 40/70
[2026-05-28 20:50:46] 2300 Боец 10: 1 урона от Лучник. HP 39/70
[2026-05-28 20:50:46] 1 Боец 8: 8 урона от Лучник. HP 0/22
[2026-05-28 20:50:46] 1 Боец 8 убит Лучник
[2026-05-28 20:50:47] 2300 Боец 10: 1 урона от Лучник. HP 38/70
[2026-05-28 20:50:47] 2300 Боец 1: 1 урона от Лучник. HP 3/60
[2026-05-28 20:50:47] 2300 Боец 1: 1 урона от Лучник. HP 2/60
[2026-05-28 20:50:47] 2300 Боец 10: 1 урона от Лучник. HP 37/70
[2026-05-28 20:50:47] 2300 Боец 10: 1 урона от Лучник. HP 36/70
[2026-05-28 20:50:47] 2300 Боец 1: 1 урона от Лучник. HP 1/60
[2026-05-28 20:50:47] 1 Боец 5: 1 урона от Лучник. HP 58/60
[2026-05-28 20:50:47] 2300 Боец 10: 1 урона от Лучник. HP 35/70
[2026-05-28 20:50:47] 2300 Боец 1: 1 урона от Лучник. HP 0/60
[2026-05-28 20:50:47] 2300 Боец 1 убит Лучник
[2026-05-28 20:50:47] 2300 Боец 10: 1 урона от Лучник. HP 34/70
[2026-05-28 20:50:47] 2300 Боец 10: 1 урона от Лучник. HP 33/70
[2026-05-28 20:50:47] 2300 Боец 10: 1 урона от Лучник. HP 32/70
[2026-05-28 20:50:47] 2300 Боец 10: 1 урона от Лучник. HP 31/70
[2026-05-28 20:50:47] 2300 Боец 10: 1 урона от Лучник. HP 30/70
[2026-05-28 20:50:47] 2300 Боец 10: 1 урона от Лучник. HP 29/70
[2026-05-28 20:50:47] 2300 Боец 10: 1 урона от Лучник. HP 28/70
[2026-05-28 20:50:47] 2300 Боец 10: 1 урона от Лучник. HP 27/70
[2026-05-28 20:50:47] 2300 Боец 10: 1 урона от Лучник. HP 26/70
[2026-05-28 20:50:47] 2300 Боец 10: 1 урона от Лучник. HP 25/70
[2026-05-28 20:50:47] 1 Боец 2: 4 урона от Лучник. HP 0/25
[2026-05-28 20:50:47] 1 Боец 2 убит Лучник
[2026-05-28 20:50:47] 2300 Боец 10: 1 урона от Слабый боец. HP 24/70
[2026-05-28 20:50:47] 2300 Боец 10: 1 урона от Лучник. HP 23/70
[2026-05-28 20:50:47] 2300 Боец 10: 1 урона от Лучник. HP 22/70
[2026-05-28 20:50:47] 2300 Боец 10: 1 урона от Лучник. HP 21/70
[2026-05-28 20:50:47] 2300 Боец 10: 1 урона от Лучник. HP 20/70
[2026-05-28 20:50:47] 2300 Боец 10: 1 урона от Лучник. HP 19/70
[2026-05-28 20:50:47] 2300 Боец 10: 1 урона от Лучник. HP 18/70
[2026-05-28 20:50:47] 1 Боец 6: 9 урона от Лучник. HP 0/18
[2026-05-28 20:50:47] 1 Боец 6 убит Лучник
[2026-05-28 20:50:48] 2300 Боец 10: 1 урона от Лучник. HP 17/70
[2026-05-28 20:50:48] 2300 Боец 10: 1 урона от Лучник. HP 16/70
[2026-05-28 20:50:48] 2300 Боец 10: 1 урона от Лучник. HP 15/70
[2026-05-28 20:50:48] 2300 Боец 10: 1 урона от Лучник. HP 14/70
[2026-05-28 20:50:48] 2300 Боец 10: 1 урона от Лучник. HP 13/70
[2026-05-28 20:50:48] 1 Боец 4: 1 урона от Лучник. HP 66/70
[2026-05-28 20:50:48] 2300 Боец 10: 1 урона от Лучник. HP 12/70
[2026-05-28 20:50:48] 2300 Боец 10: 1 урона от Лучник. HP 11/70
[2026-05-28 20:50:48] 2300 Боец 10: 1 урона от Лучник. HP 10/70
[2026-05-28 20:50:48] 2300 Боец 10: 1 урона от Лучник. HP 9/70
[2026-05-28 20:50:48] 2300 Боец 10: 1 урона от Лучник. HP 8/70
[2026-05-28 20:50:48] 1 Боец 7: 4 урона от Лучник. HP 21/25
[2026-05-28 20:50:48] 2300 Боец 10: 1 урона от Лучник. HP 7/70
[2026-05-28 20:50:48] 2300 Боец 10: 1 урона от Лучник. HP 6/70
[2026-05-28 20:50:48] 2300 Боец 10: 1 урона от Лучник. HP 5/70
[2026-05-28 20:50:48] 2300 Боец 10: 1 урона от Лучник. HP 4/70
[2026-05-28 20:50:48] 2300 Боец 10: 1 урона от Лучник. HP 3/70
[2026-05-28 20:50:48] 2300 Боец 10: 1 урона от Лучник. HP 2/70
[2026-05-28 20:50:48] 2300 Боец 10: 1 урона от Лучник. HP 1/70
[2026-05-28 20:50:48] 2300 Боец 10: 1 урона от Лучник. HP 0/70
[2026-05-28 20:50:48] 2300 Боец 10 убит Лучник
[2026-05-28 20:50:54] 1 Боец 1: 12 урона от Сильный боец. HP 13/25
[2026-05-28 20:50:54] 2300 Боец 1: 1 урона от Слабый боец. HP 59/60
[2026-05-28 20:50:54] 2300 Боец 6: 10 урона от Лучник. HP 5/15
[2026-05-28 20:50:54] 2300 Боец 4: 9 урона от Лучник. HP 9/18
[2026-05-28 20:50:54] 2300 Боец 1: 1 урона от Лучник. HP 58/60
[2026-05-28 20:50:54] 2300 Боец 7: 10 урона от Лучник. HP 5/15
[2026-05-28 20:50:54] 2300 Боец 8: 4 урона от Лучник. HP 21/25
[2026-05-28 20:50:54] 2300 Боец 4: 9 урона от Лучник. HP 0/18
[2026-05-28 20:50:54] 2300 Боец 4 убит Лучник
[2026-05-28 20:50:54] 2300 Боец 3: 8 урона от Лучник. HP 14/22
[2026-05-28 20:50:54] 1 Боец 7: 4 урона от Лучник. HP 21/25
[2026-05-28 20:50:54] 1 Боец 2: 4 урона от Лучник. HP 21/25
[2026-05-28 20:50:54] 1 Боец 1: 12 урона от Сильный боец. HP 1/25
[2026-05-28 20:50:54] 2300 Боец 1: 1 урона от Слабый боец. HP 57/60
[2026-05-28 20:50:54] 2300 Боец 6: 10 урона от Лучник. HP 0/15
[2026-05-28 20:50:54] 2300 Боец 6 убит Лучник
[2026-05-28 20:50:54] 2300 Боец 3: 8 урона от Лучник. HP 6/22
[2026-05-28 20:50:54] 2300 Боец 1: 1 урона от Лучник. HP 56/60
[2026-05-28 20:50:55] 2300 Боец 1: 1 урона от Лучник. HP 55/60
[2026-05-28 20:50:55] 2300 Боец 7: 10 урона от Лучник. HP 5/15
[2026-05-28 20:50:55] 2300 Боец 1: 1 урона от Лучник. HP 54/60
[2026-05-28 20:50:55] 2300 Боец 5: 9 урона от Лучник. HP 9/18
[2026-05-28 20:50:55] 1 Боец 2: 4 урона от Лучник. HP 17/25
[2026-05-28 20:50:55] 1 Боец 3: 4 урона от Лучник. HP 21/25
[2026-05-28 20:50:55] 1 Боец 1: 1 урона от Лекарь. HP 0/25
[2026-05-28 20:50:55] 1 Боец 1 убит Лекарь
[2026-05-28 20:50:55] 2300 Боец 2: 8 урона от Слабый боец. HP 7/15
[2026-05-28 20:50:55] 2300 Боец 8: 4 урона от Лучник. HP 21/25
[2026-05-28 20:50:55] 2300 Боец 5: 9 урона от Лучник. HP 9/18
[2026-05-28 20:50:55] 2300 Боец 3: 8 урона от Лучник. HP 0/22
[2026-05-28 20:50:55] 2300 Боец 3 убит Лучник
[2026-05-28 20:50:55] 2300 Боец 5: 9 урона от Лучник. HP 0/18
[2026-05-28 20:50:55] 2300 Боец 5 убит Лучник
[2026-05-28 20:50:55] 2300 Боец 7: 10 урона от Лучник. HP 5/15
[2026-05-28 20:50:55] 2300 Боец 2: 10 урона от Лучник. HP 0/15
[2026-05-28 20:50:55] 2300 Боец 2 убит Лучник
[2026-05-28 20:50:55] 2300 Боец 1: 1 урона от Лучник. HP 53/60
[2026-05-28 20:50:55] 2300 Боец 7: 10 урона от Лучник. HP 0/15
[2026-05-28 20:50:55] 2300 Боец 7 убит Лучник
[2026-05-28 20:50:55] 1 Боец 7: 4 урона от Лучник. HP 17/25
[2026-05-28 20:50:55] 1 Боец 2: 1 урона от Лекарь. HP 16/25
[2026-05-28 20:50:55] 2300 Боец 9: 8 урона от Слабый боец. HP 7/15
[2026-05-28 20:50:55] 2300 Боец 1: 1 урона от Лучник. HP 52/60
[2026-05-28 20:50:55] 2300 Боец 1: 1 урона от Лучник. HP 51/60
[2026-05-28 20:50:55] 2300 Боец 9: 10 урона от Лучник. HP 0/15
[2026-05-28 20:50:55] 2300 Боец 9 убит Лучник
[2026-05-28 20:50:55] 2300 Боец 1: 1 урона от Лучник. HP 50/60
[2026-05-28 20:50:55] 2300 Боец 1: 1 урона от Лучник. HP 49/60
[2026-05-28 20:50:55] 2300 Боец 10: 1 урона от Лучник. HP 69/70
[2026-05-28 20:50:55] 2300 Боец 1: 1 урона от Лучник. HP 48/60
[2026-05-28 20:50:55] 2300 Боец 11: 10 урона от Лучник. HP 5/15
[2026-05-28 20:50:55] 1 Боец 2: 4 урона от Лучник. HP 12/25
[2026-05-28 20:50:55] 2300 Боец 10: 1 урона от Слабый боец. HP 68/70
[2026-05-28 20:50:55] 2300 Боец 8: 4 урона от Лучник. HP 17/25
[2026-05-28 20:50:55] 2300 Боец 10: 1 урона от Лучник. HP 67/70
[2026-05-28 20:50:55] 2300 Боец 1: 1 урона от Лучник. HP 47/60
[2026-05-28 20:50:55] 2300 Боец 10: 1 урона от Лучник. HP 66/70
[2026-05-28 20:50:55] 2300 Боец 8: 4 урона от Лучник. HP 13/25
[2026-05-28 20:50:55] 2300 Боец 1: 1 урона от Лучник. HP 46/60
[2026-05-28 20:50:55] 2300 Боец 1: 1 урона от Лучник. HP 45/60
[2026-05-28 20:50:55] 2300 Боец 1: 1 урона от Лучник. HP 44/60
[2026-05-28 20:50:56] 2300 Боец 10: 1 урона от Слабый боец. HP 65/70
[2026-05-28 20:50:56] 2300 Боец 1: 1 урона от Лучник. HP 43/60
[2026-05-28 20:50:56] 2300 Боец 8: 4 урона от Лучник. HP 21/25
[2026-05-28 20:50:56] 2300 Боец 8: 4 урона от Лучник. HP 17/25
[2026-05-28 20:50:56] 2300 Боец 8: 4 урона от Лучник. HP 13/25
[2026-05-28 20:50:56] 2300 Боец 1: 1 урона от Лучник. HP 42/60
[2026-05-28 20:50:56] 2300 Боец 1: 1 урона от Лучник. HP 41/60
[2026-05-28 20:50:56] 2300 Боец 1: 1 урона от Лучник. HP 40/60
[2026-05-28 20:50:56] 2300 Боец 8: 4 урона от Лучник. HP 9/25
[2026-05-28 20:50:56] 1 Боец 3: 4 урона от Лучник. HP 17/25
[2026-05-28 20:50:56] 2300 Боец 10: 1 урона от Слабый боец. HP 64/70
[2026-05-28 20:50:56] 2300 Боец 1: 1 урона от Лучник. HP 39/60
[2026-05-28 20:50:56] 2300 Боец 1: 1 урона от Лучник. HP 38/60
[2026-05-28 20:50:56] 2300 Боец 8: 4 урона от Лучник. HP 21/25
[2026-05-28 20:50:56] 2300 Боец 8: 4 урона от Лучник. HP 17/25
[2026-05-28 20:50:56] 2300 Боец 8: 4 урона от Лучник. HP 13/25
[2026-05-28 20:50:56] 2300 Боец 11: 10 урона от Лучник. HP 0/15
[2026-05-28 20:50:56] 2300 Боец 11 убит Лучник
[2026-05-28 20:50:56] 2300 Боец 1: 1 урона от Лучник. HP 37/60
[2026-05-28 20:50:56] 2300 Боец 8: 4 урона от Лучник. HP 9/25
[2026-05-28 20:50:56] 1 Боец 3: 12 урона от Сильный боец. HP 5/25
[2026-05-28 20:50:56] 2300 Боец 1: 1 урона от Слабый боец. HP 36/60
[2026-05-28 20:50:56] 2300 Боец 8: 4 урона от Лучник. HP 5/25
[2026-05-28 20:50:56] 2300 Боец 1: 1 урона от Лучник. HP 35/60
[2026-05-28 20:50:56] 2300 Боец 1: 1 урона от Лучник. HP 34/60
[2026-05-28 20:50:56] 2300 Боец 1: 1 урона от Лучник. HP 33/60
[2026-05-28 20:50:56] 2300 Боец 10: 1 урона от Лучник. HP 63/70
[2026-05-28 20:50:56] 2300 Боец 8: 4 урона от Лучник. HP 1/25
[2026-05-28 20:50:56] 2300 Боец 1: 1 урона от Лучник. HP 32/60
[2026-05-28 20:50:56] 1 Боец 9: 1 урона от Лучник. HP 99/100
[2026-05-28 20:50:56] 1 Боец 3: 12 урона от Сильный боец. HP 0/25
[2026-05-28 20:50:56] 1 Боец 3 убит Сильный боец
[2026-05-28 20:50:56] 2300 Боец 1: 1 урона от Лучник. HP 31/60
[2026-05-28 20:50:56] 2300 Боец 1: 1 урона от Лучник. HP 30/60
[2026-05-28 20:50:56] 2300 Боец 8: 4 урона от Лучник. HP 0/25
[2026-05-28 20:50:56] 2300 Боец 8 убит Лучник
[2026-05-28 20:50:56] 2300 Боец 1: 1 урона от Лучник. HP 29/60
[2026-05-28 20:50:56] 2300 Боец 1: 1 урона от Лучник. HP 28/60
[2026-05-28 20:50:56] 2300 Боец 1: 1 урона от Лучник. HP 27/60
[2026-05-28 20:50:56] 2300 Боец 1: 1 урона от Лучник. HP 26/60
[2026-05-28 20:50:56] 1 Боец 2: 4 урона от Лучник. HP 8/25
[2026-05-28 20:50:57] 2300 Боец 1: 1 урона от Лучник. HP 25/60
[2026-05-28 20:50:57] 2300 Боец 1: 1 урона от Лучник. HP 24/60
[2026-05-28 20:50:57] 2300 Боец 1: 1 урона от Лучник. HP 23/60
[2026-05-28 20:50:57] 2300 Боец 1: 1 урона от Лучник. HP 22/60
[2026-05-28 20:50:57] 2300 Боец 10: 1 урона от Лучник. HP 62/70
[2026-05-28 20:50:57] 2300 Боец 1: 1 урона от Лучник. HP 21/60
[2026-05-28 20:50:57] 2300 Боец 1: 1 урона от Лучник. HP 20/60
[2026-05-28 20:50:57] 1 Боец 9: 1 урона от Лучник. HP 98/100
[2026-05-28 20:50:57] 2300 Боец 1: 1 урона от Лучник. HP 19/60
[2026-05-28 20:50:57] 2300 Боец 1: 1 урона от Лучник. HP 18/60
[2026-05-28 20:50:57] 2300 Боец 1: 1 урона от Лучник. HP 17/60
[2026-05-28 20:50:57] 2300 Боец 1: 1 урона от Лучник. HP 16/60
[2026-05-28 20:50:57] 2300 Боец 1: 1 урона от Лучник. HP 15/60
[2026-05-28 20:50:57] 2300 Боец 1: 1 урона от Лучник. HP 14/60
[2026-05-28 20:50:57] 2300 Боец 10: 1 урона от Лучник. HP 61/70
[2026-05-28 20:50:57] 1 Боец 6: 9 урона от Лучник. HP 9/18
[2026-05-28 20:50:57] 2300 Боец 1: 1 урона от Лучник. HP 13/60
[2026-05-28 20:50:57] 2300 Боец 1: 1 урона от Лучник. HP 12/60
[2026-05-28 20:50:57] 2300 Боец 1: 1 урона от Лучник. HP 11/60
[2026-05-28 20:50:57] 2300 Боец 1: 1 урона от Лучник. HP 10/60
[2026-05-28 20:50:57] 2300 Боец 1: 1 урона от Лучник. HP 9/60
[2026-05-28 20:50:57] 2300 Боец 1: 1 урона от Лучник. HP 8/60
[2026-05-28 20:50:57] 2300 Боец 1: 1 урона от Лучник. HP 7/60
[2026-05-28 20:50:57] 1 Боец 4: 1 урона от Лучник. HP 69/70
[2026-05-28 20:50:57] 2300 Боец 10: 1 урона от Лучник. HP 60/70
[2026-05-28 20:50:57] 2300 Боец 1: 1 урона от Лучник. HP 6/60
[2026-05-28 20:50:57] 2300 Боец 10: 1 урона от Лучник. HP 59/70
[2026-05-28 20:50:57] 2300 Боец 10: 1 урона от Лучник. HP 58/70
[2026-05-28 20:50:57] 2300 Боец 1: 1 урона от Лучник. HP 5/60
[2026-05-28 20:50:57] 2300 Боец 1: 1 урона от Лучник. HP 4/60
[2026-05-28 20:50:57] 2300 Боец 1: 1 урона от Лучник. HP 3/60
[2026-05-28 20:50:57] 2300 Боец 10: 1 урона от Лучник. HP 57/70
[2026-05-28 20:50:57] 1 Боец 4: 1 урона от Лучник. HP 68/70
[2026-05-28 20:50:57] 2300 Боец 1: 1 урона от Лучник. HP 2/60
[2026-05-28 20:50:57] 2300 Боец 1: 1 урона от Лучник. HP 1/60
[2026-05-28 20:50:57] 2300 Боец 1: 1 урона от Лучник. HP 0/60
[2026-05-28 20:50:57] 2300 Боец 1 убит Лучник
[2026-05-28 20:50:57] 2300 Боец 10: 1 урона от Лучник. HP 56/70
[2026-05-28 20:50:57] 2300 Боец 10: 1 урона от Лучник. HP 55/70
[2026-05-28 20:50:57] 2300 Боец 10: 1 урона от Лучник. HP 54/70
[2026-05-28 20:50:57] 2300 Боец 10: 1 урона от Лучник. HP 53/70
[2026-05-28 20:50:57] 2300 Боец 10: 1 урона от Лучник. HP 52/70
[2026-05-28 20:50:57] 1 Боец 4: 1 урона от Лучник. HP 67/70
[2026-05-28 20:50:58] 2300 Боец 10: 1 урона от Лучник. HP 51/70
[2026-05-28 20:50:58] 2300 Боец 10: 1 урона от Лучник. HP 50/70
[2026-05-28 20:50:58] 2300 Боец 10: 1 урона от Лучник. HP 49/70
[2026-05-28 20:50:58] 2300 Боец 10: 1 урона от Лучник. HP 48/70
[2026-05-28 20:50:58] 2300 Боец 10: 1 урона от Лучник. HP 47/70
[2026-05-28 20:50:58] 2300 Боец 10: 1 урона от Лучник. HP 46/70
[2026-05-28 20:50:58] 2300 Боец 10: 1 урона от Лучник. HP 45/70
[2026-05-28 20:50:58] 2300 Боец 10: 1 урона от Лучник. HP 44/70
[2026-05-28 20:50:58] 1 Боец 4: 1 урона от Лучник. HP 66/70
[2026-05-28 20:50:58] 2300 Боец 10: 1 урона от Лучник. HP 43/70
[2026-05-28 20:50:58] 2300 Боец 10: 1 урона от Лучник. HP 42/70
[2026-05-28 20:50:58] 2300 Боец 10: 1 урона от Лучник. HP 41/70
[2026-05-28 20:50:58] 2300 Боец 10: 1 урона от Лучник. HP 40/70
[2026-05-28 20:50:58] 2300 Боец 10: 1 урона от Лучник. HP 39/70
[2026-05-28 20:50:58] 2300 Боец 10: 1 урона от Лучник. HP 38/70
[2026-05-28 20:50:58] 2300 Боец 10: 1 урона от Лучник. HP 37/70
[2026-05-28 20:50:58] 2300 Боец 10: 1 урона от Лучник. HP 36/70
[2026-05-28 20:50:58] 1 Боец 10: 9 урона от Лучник. HP 9/18
[2026-05-28 20:50:58] 2300 Боец 10: 1 урона от Лучник. HP 35/70
[2026-05-28 20:50:58] 2300 Боец 10: 1 урона от Лучник. HP 34/70
[2026-05-28 20:50:58] 2300 Боец 10: 1 урона от Лучник. HP 33/70
[2026-05-28 20:50:58] 2300 Боец 10: 1 урона от Лучник. HP 32/70
[2026-05-28 20:50:58] 2300 Боец 10: 1 урона от Лучник. HP 31/70
[2026-05-28 20:50:58] 2300 Боец 10: 1 урона от Лучник. HP 30/70
[2026-05-28 20:50:58] 2300 Боец 10: 1 урона от Лучник. HP 29/70
[2026-05-28 20:50:58] 2300 Боец 10: 1 урона от Лучник. HP 28/70
[2026-05-28 20:50:58] 1 Боец 9: 1 урона от Лучник. HP 97/100
[2026-05-28 20:50:58] 2300 Боец 10: 1 урона от Лучник. HP 27/70
[2026-05-28 20:50:58] 2300 Боец 10: 1 урона от Лучник. HP 26/70
[2026-05-28 20:50:58] 2300 Боец 10: 1 урона от Лучник. HP 25/70
[2026-05-28 20:50:58] 2300 Боец 10: 1 урона от Лучник. HP 24/70
[2026-05-28 20:50:58] 2300 Боец 10: 1 урона от Лучник. HP 23/70
[2026-05-28 20:50:58] 2300 Боец 10: 1 урона от Лучник. HP 22/70
[2026-05-28 20:50:58] 2300 Боец 10: 1 урона от Лучник. HP 21/70
[2026-05-28 20:50:58] 2300 Боец 10: 1 урона от Лучник. HP 20/70
[2026-05-28 20:50:58] 1 Боец 6: 9 урона от Лучник. HP 0/18
[2026-05-28 20:50:58] 1 Боец 6 убит Лучник
[2026-05-28 20:50:59] 2300 Боец 10: 1 урона от Сильный боец. HP 19/70
[2026-05-28 20:50:59] 2300 Боец 10: 1 урона от Лучник. HP 18/70
[2026-05-28 20:50:59] 2300 Боец 10: 1 урона от Лучник. HP 17/70
[2026-05-28 20:50:59] 2300 Боец 10: 1 урона от Лучник. HP 16/70
[2026-05-28 20:50:59] 2300 Боец 10: 1 урона от Лучник. HP 15/70
[2026-05-28 20:50:59] 2300 Боец 10: 1 урона от Лучник. HP 14/70
[2026-05-28 20:50:59] 2300 Боец 10: 1 урона от Лучник. HP 13/70
[2026-05-28 20:50:59] 2300 Боец 10: 1 урона от Лучник. HP 12/70
[2026-05-28 20:50:59] 1 Боец 2: 4 урона от Лучник. HP 4/25
[2026-05-28 20:50:59] 2300 Боец 10: 1 урона от Сильный боец. HP 11/70
[2026-05-28 20:50:59] 2300 Боец 10: 1 урона от Лучник. HP 10/70
[2026-05-28 20:50:59] 2300 Боец 10: 1 урона от Лучник. HP 9/70
[2026-05-28 20:50:59] 2300 Боец 10: 1 урона от Лучник. HP 8/70
[2026-05-28 20:50:59] 2300 Боец 10: 1 урона от Лучник. HP 7/70
[2026-05-28 20:50:59] 2300 Боец 10: 1 урона от Лучник. HP 6/70
[2026-05-28 20:50:59] 2300 Боец 10: 1 урона от Лучник. HP 5/70
[2026-05-28 20:50:59] 2300 Боец 10: 1 урона от Лучник. HP 4/70
[2026-05-28 20:50:59] 1 Боец 2: 4 урона от Лучник. HP 0/25
[2026-05-28 20:50:59] 1 Боец 2 убит Лучник
[2026-05-28 20:50:59] 2300 Боец 10: 1 урона от Лучник. HP 3/70
[2026-05-28 20:50:59] 2300 Боец 10: 1 урона от Лучник. HP 2/70
[2026-05-28 20:50:59] 2300 Боец 10: 1 урона от Лучник. HP 1/70
[2026-05-28 20:50:59] 2300 Боец 10: 1 урона от Лучник. HP 0/70
[2026-05-28 20:50:59] 2300 Боец 10 убит Лучник
[2026-05-28 20:56:03] тог Боец 2: 1 урона от Лучник. HP 59/60
[2026-05-28 20:56:03] тог Боец 2: 1 урона от Лучник. HP 58/60
[2026-05-28 20:56:03] гот Боец 2: 9 урона от Лучник. HP 9/18
[2026-05-28 20:56:16] тог Боец 4: 1 урона от Лучник. HP 59/60
[2026-05-28 20:56:16] тог Боец 1: 1 урона от Лучник. HP 69/70
[2026-05-28 20:56:16] гот Боец 1: 1 урона от Лучник. HP 69/70
[2026-05-28 20:56:16] тог Боец 3: 4 урона от Лучник. HP 21/25
[2026-05-28 20:56:16] гот Боец 2: 9 урона от Лучник. HP 0/18
[2026-05-28 20:56:16] гот Боец 2 убит Лучник
[2026-05-28 20:56:17] тог Боец 1: 1 урона от Лучник. HP 69/70
[2026-05-28 20:56:17] гот Боец 3: 9 урона от Лучник. HP 9/18
[2026-05-28 20:56:17] тог Боец 1: 1 урона от Лучник. HP 69/70
[2026-05-28 20:56:17] гот Боец 3: 9 урона от Лучник. HP 0/18
[2026-05-28 20:56:17] гот Боец 3 убит Лучник
[2026-05-28 20:56:25] гот Боец 1: 1 урона от Слабый боец. HP 68/70
[2026-05-28 20:56:25] тог Боец 1: 1 урона от Слабый боец. HP 68/70
[2026-05-28 20:56:25] тог Боец 2: 5 урона от Сильный боец. HP 55/60
[2026-05-28 20:56:25] гот Боец 4: 5 урона от Сильный боец. HP 55/60
[2026-05-28 20:56:25] гот Боец 1: 1 урона от Лучник. HP 67/70
[2026-05-28 20:56:25] гот Боец 1: 1 урона от Лучник. HP 66/70
[2026-05-28 20:56:34] гот Боец 1: 1 урона от Слабый боец. HP 65/70
[2026-05-28 20:56:34] гот Боец 1: 1 урона от Лучник. HP 64/70
[2026-05-28 20:56:47] гот Боец 1: 1 урона от Слабый боец. HP 63/70
[2026-05-28 20:56:47] гот Боец 9: 4 урона от Лучник. HP 21/25
[2026-05-28 20:56:47] гот Боец 1: 1 урона от Слабый боец. HP 62/70
[2026-05-28 20:56:47] гот Боец 1: 1 урона от Слабый боец. HP 61/70
[2026-05-28 20:56:47] гот Боец 4: 1 урона от Лучник. HP 54/60
[2026-05-28 20:56:47] гот Боец 1: 1 урона от Слабый боец. HP 60/70
[2026-05-28 20:56:47] гот Боец 6: 1 урона от Лучник. HP 69/70
[2026-05-28 20:56:47] гот Боец 1: 1 урона от Слабый боец. HP 59/70
[2026-05-28 20:56:47] гот Боец 5: 8 урона от Лучник. HP 14/22
[2026-05-28 20:56:48] гот Боец 1: 1 урона от Слабый боец. HP 58/70
[2026-05-28 20:56:48] гот Боец 1: 1 урона от Лучник. HP 57/70
[2026-05-28 20:56:48] гот Боец 1: 1 урона от Слабый боец. HP 56/70
[2026-05-28 20:56:48] гот Боец 1: 1 урона от Лучник. HP 55/70
[2026-05-28 20:56:52] тог Боец 2: 1 урона от Слабый боец. HP 59/60
[2026-05-28 20:56:52] гот Боец 4: 1 урона от Слабый боец. HP 53/60
[2026-05-28 20:56:52] тог Боец 3: 12 урона от Сильный боец. HP 13/25
[2026-05-28 20:56:52] тог Боец 4: 1 урона от Маг. HP 59/60
[2026-05-28 20:56:52] гот Боец 5: 16 урона от Сильный боец. HP 0/22
[2026-05-28 20:56:52] гот Боец 5 убит Сильный боец
[2026-05-28 20:56:52] гот Боец 6: 1 урона от Слабый боец. HP 68/70
[2026-05-28 20:56:52] гот Боец 7: 1 урона от Лекарь. HP 24/25
[2026-05-28 20:56:52] тог Боец 6: 8 урона от Слабый боец. HP 7/15
[2026-05-28 20:56:52] тог Боец 7: 17 урона от Сильный боец. HP 1/18
[2026-05-28 20:56:52] гот Боец 8: 1 урона от Лучник. HP 59/60
[2026-05-28 20:56:52] гот Боец 9: 2 урона от Слабый боец. HP 19/25
[2026-05-28 20:56:52] тог Боец 8: 6 урона от Слабый боец. HP 16/22
[2026-05-28 20:56:52] тог Боец 9: 8 урона от Слабый боец. HP 7/15
[2026-05-28 20:56:52] тог Боец 3: 12 урона от Сильный боец. HP 1/25
[2026-05-28 20:56:52] гот Боец 4: 1 урона от Слабый боец. HP 52/60
[2026-05-28 20:56:52] гот Боец 6: 1 урона от Сильный боец. HP 67/70
[2026-05-28 20:56:52] гот Боец 7: 2 урона от Слабый боец. HP 22/25
[2026-05-28 20:56:52] тог Боец 5: 2 урона от Слабый боец. HP 23/25
[2026-05-28 20:56:52] гот Боец 8: 1 урона от Лекарь. HP 58/60
[2026-05-28 20:56:52] тог Боец 6: 18 урона от Сильный боец. HP 0/15
[2026-05-28 20:56:52] тог Боец 6 убит Сильный боец
[2026-05-28 20:56:52] гот Боец 9: 1 урона от Лучник. HP 18/25
[2026-05-28 20:56:52] тог Боец 7: 7 урона от Слабый боец. HP 11/18
[2026-05-28 20:56:52] тог Боец 8: 6 урона от Слабый боец. HP 10/22
[2026-05-28 20:56:52] гот Боец 8: 1 урона от Лучник. HP 57/60
[2026-05-28 20:56:54] гот Боец 4: 5 урона от Сильный боец. HP 47/60
[2026-05-28 20:56:54] тог Боец 2: 5 урона от Сильный боец. HP 55/60
[2026-05-28 20:56:54] гот Боец 6: 1 урона от Слабый боец. HP 66/70
[2026-05-28 20:56:54] гот Боец 7: 12 урона от Сильный боец. HP 10/25
[2026-05-28 20:56:54] тог Боец 4: 1 урона от Слабый боец. HP 58/60
[2026-05-28 20:56:54] тог Боец 5: 12 урона от Сильный боец. HP 11/25
[2026-05-28 20:56:54] гот Боец 8: 1 урона от Слабый боец. HP 56/60
[2026-05-28 20:56:54] гот Боец 9: 1 урона от Лучник. HP 17/25
[2026-05-28 20:56:54] тог Боец 7: 7 урона от Слабый боец. HP 4/18
[2026-05-28 20:56:54] гот Боец 7: 4 урона от Лучник. HP 6/25
[2026-05-28 20:56:54] гот Боец 4: 5 урона от Сильный боец. HP 42/60
[2026-05-28 20:56:54] тог Боец 2: 5 урона от Сильный боец. HP 55/60
[2026-05-28 20:56:54] гот Боец 6: 1 урона от Слабый боец. HP 65/70
[2026-05-28 20:56:54] тог Боец 4: 1 урона от Слабый боец. HP 57/60
[2026-05-28 20:56:54] гот Боец 7: 12 урона от Сильный боец. HP 0/25
[2026-05-28 20:56:54] гот Боец 7 убит Сильный боец
[2026-05-28 20:56:54] гот Боец 8: 1 урона от Слабый боец. HP 55/60
[2026-05-28 20:56:54] тог Боец 5: 12 урона от Сильный боец. HP 0/25
[2026-05-28 20:56:54] тог Боец 5 убит Сильный боец
[2026-05-28 20:56:54] тог Боец 7: 7 урона от Слабый боец. HP 0/18
[2026-05-28 20:56:54] тог Боец 7 убит Слабый боец
[2026-05-28 20:56:54] гот Боец 4: 5 урона от Сильный боец. HP 37/60
[2026-05-28 20:56:54] тог Боец 2: 5 урона от Сильный боец. HP 50/60
[2026-05-28 20:56:54] гот Боец 6: 1 урона от Слабый боец. HP 64/70
[2026-05-28 20:56:54] гот Боец 8: 5 урона от Сильный боец. HP 50/60
[2026-05-28 20:56:54] тог Боец 4: 5 урона от Сильный боец. HP 55/60
[2026-05-28 20:56:54] гот Боец 9: 2 урона от Слабый боец. HP 15/25
[2026-05-28 20:56:55] гот Боец 1: 1 урона от Слабый боец. HP 54/70
[2026-05-28 20:56:55] тог Боец 1: 1 урона от Сильный боец. HP 69/70
[2026-05-28 20:56:55] гот Боец 6: 1 урона от Слабый боец. HP 63/70
[2026-05-28 20:56:55] гот Боец 8: 5 урона от Сильный боец. HP 45/60
[2026-05-28 20:56:55] тог Боец 2: 5 урона от Сильный боец. HP 45/60
[2026-05-28 20:56:55] гот Боец 9: 2 урона от Слабый боец. HP 13/25
[2026-05-28 20:56:55] тог Боец 3: 2 урона от Слабый боец. HP 0/25
[2026-05-28 20:56:55] тог Боец 3 убит Слабый боец
[2026-05-28 20:56:55] гот Боец 1: 1 урона от Слабый боец. HP 53/70
[2026-05-28 20:56:55] тог Боец 1: 1 урона от Сильный боец. HP 68/70
[2026-05-28 20:56:55] гот Боец 6: 1 урона от Слабый боец. HP 62/70
[2026-05-28 20:56:55] тог Боец 2: 5 урона от Сильный боец. HP 40/60
[2026-05-28 20:56:55] гот Боец 8: 5 урона от Сильный боец. HP 40/60
[2026-05-28 20:56:55] тог Боец 4: 1 урона от Слабый боец. HP 54/60
[2026-05-28 20:56:55] гот Боец 9: 12 урона от Сильный боец. HP 1/25
[2026-05-28 20:56:55] гот Боец 1: 1 урона от Слабый боец. HP 52/70
[2026-05-28 20:56:55] тог Боец 1: 1 урона от Сильный боец. HP 67/70
[2026-05-28 20:56:55] гот Боец 6: 1 урона от Слабый боец. HP 61/70
[2026-05-28 20:56:55] тог Боец 2: 5 урона от Сильный боец. HP 35/60
[2026-05-28 20:56:55] гот Боец 8: 5 урона от Сильный боец. HP 35/60
[2026-05-28 20:56:55] гот Боец 9: 12 урона от Сильный боец. HP 0/25
[2026-05-28 20:56:55] гот Боец 9 убит Сильный боец
[2026-05-28 20:56:55] гот Боец 1: 1 урона от Слабый боец. HP 51/70
[2026-05-28 20:56:55] тог Боец 1: 1 урона от Сильный боец. HP 66/70
[2026-05-28 20:56:55] гот Боец 6: 1 урона от Слабый боец. HP 60/70
[2026-05-28 20:56:55] гот Боец 8: 5 урона от Сильный боец. HP 30/60
[2026-05-28 20:56:55] тог Боец 2: 5 урона от Сильный боец. HP 30/60
[2026-05-28 20:56:56] гот Боец 1: 1 урона от Слабый боец. HP 50/70
[2026-05-28 20:56:56] тог Боец 1: 1 урона от Сильный боец. HP 65/70
[2026-05-28 20:56:56] гот Боец 6: 1 урона от Слабый боец. HP 59/70
[2026-05-28 20:56:56] гот Боец 8: 5 урона от Сильный боец. HP 25/60
[2026-05-28 20:56:56] тог Боец 2: 5 урона от Сильный боец. HP 55/60
[2026-05-28 20:56:56] гот Боец 1: 1 урона от Слабый боец. HP 49/70
[2026-05-28 20:56:56] тог Боец 1: 1 урона от Сильный боец. HP 64/70
[2026-05-28 20:56:56] гот Боец 6: 1 урона от Слабый боец. HP 58/70
[2026-05-28 20:56:56] тог Боец 2: 5 урона от Сильный боец. HP 50/60
[2026-05-28 20:56:56] гот Боец 8: 5 урона от Сильный боец. HP 20/60
[2026-05-28 20:56:56] гот Боец 1: 1 урона от Слабый боец. HP 48/70
[2026-05-28 20:56:56] тог Боец 1: 1 урона от Сильный боец. HP 63/70
[2026-05-28 20:56:56] гот Боец 6: 1 урона от Слабый боец. HP 57/70
[2026-05-28 20:56:56] гот Боец 8: 5 урона от Сильный боец. HP 15/60
[2026-05-28 20:56:56] тог Боец 2: 5 урона от Сильный боец. HP 45/60
[2026-05-28 20:56:56] гот Боец 1: 1 урона от Слабый боец. HP 47/70
[2026-05-28 20:56:56] тог Боец 1: 1 урона от Сильный боец. HP 62/70
[2026-05-28 20:56:56] гот Боец 6: 1 урона от Слабый боец. HP 56/70
[2026-05-28 20:56:56] тог Боец 2: 5 урона от Сильный боец. HP 40/60
[2026-05-28 20:56:56] гот Боец 8: 5 урона от Сильный боец. HP 10/60
[2026-05-28 20:56:57] гот Боец 1: 1 урона от Слабый боец. HP 46/70
[2026-05-28 20:56:57] тог Боец 1: 1 урона от Сильный боец. HP 61/70
[2026-05-28 20:56:57] гот Боец 6: 1 урона от Слабый боец. HP 55/70
[2026-05-28 20:56:57] тог Боец 2: 5 урона от Сильный боец. HP 35/60
[2026-05-28 20:56:57] гот Боец 8: 5 урона от Сильный боец. HP 5/60
[2026-05-28 20:56:57] гот Боец 1: 1 урона от Слабый боец. HP 45/70
[2026-05-28 20:56:57] тог Боец 1: 1 урона от Сильный боец. HP 60/70
[2026-05-28 20:56:57] гот Боец 6: 1 урона от Слабый боец. HP 54/70
[2026-05-28 20:56:57] гот Боец 8: 5 урона от Сильный боец. HP 0/60
[2026-05-28 20:56:57] гот Боец 8 убит Сильный боец
[2026-05-28 20:56:57] гот Боец 1: 1 урона от Слабый боец. HP 44/70
[2026-05-28 20:56:57] гот Боец 4: 1 урона от Слабый боец. HP 36/60
[2026-05-28 20:56:57] гот Боец 1: 1 урона от Слабый боец. HP 43/70
[2026-05-28 20:56:57] гот Боец 4: 1 урона от Слабый боец. HP 35/60
[2026-05-28 20:56:58] гот Боец 1: 1 урона от Слабый боец. HP 42/70
[2026-05-28 20:56:58] гот Боец 4: 1 урона от Слабый боец. HP 34/60
[2026-05-28 20:56:58] гот Боец 1: 1 урона от Слабый боец. HP 41/70
[2026-05-28 20:56:58] гот Боец 4: 1 урона от Слабый боец. HP 33/60
[2026-05-28 20:56:58] гот Боец 1: 1 урона от Слабый боец. HP 40/70
[2026-05-28 20:56:58] гот Боец 4: 1 урона от Слабый боец. HP 32/60
[2026-05-28 20:56:58] гот Боец 1: 1 урона от Слабый боец. HP 39/70
[2026-05-28 20:56:58] гот Боец 1: 1 урона от Слабый боец. HP 38/70
[2026-05-28 20:56:58] тог Боец 1: 1 урона от Сильный боец. HP 69/70
[2026-05-28 20:56:59] гот Боец 6: 1 урона от Слабый боец. HP 53/70
[2026-05-28 20:56:59] гот Боец 1: 1 урона от Слабый боец. HP 37/70
[2026-05-28 20:56:59] тог Боец 1: 1 урона от Сильный боец. HP 68/70
[2026-05-28 20:56:59] гот Боец 6: 1 урона от Слабый боец. HP 52/70
[2026-05-28 20:56:59] гот Боец 1: 1 урона от Слабый боец. HP 36/70
[2026-05-28 20:56:59] тог Боец 1: 1 урона от Сильный боец. HP 67/70
[2026-05-28 20:56:59] гот Боец 6: 1 урона от Слабый боец. HP 51/70
[2026-05-28 20:56:59] гот Боец 1: 1 урона от Слабый боец. HP 35/70
[2026-05-28 20:56:59] тог Боец 1: 1 урона от Сильный боец. HP 66/70
[2026-05-28 20:56:59] гот Боец 6: 1 урона от Слабый боец. HP 50/70
[2026-05-28 20:56:59] гот Боец 1: 1 урона от Слабый боец. HP 34/70
[2026-05-28 20:56:59] тог Боец 1: 1 урона от Сильный боец. HP 69/70
[2026-05-28 20:56:59] гот Боец 6: 1 урона от Слабый боец. HP 49/70
[2026-05-28 20:57:00] гот Боец 1: 1 урона от Слабый боец. HP 33/70
[2026-05-28 20:57:00] тог Боец 1: 1 урона от Сильный боец. HP 68/70
[2026-05-28 20:57:00] гот Боец 6: 1 урона от Слабый боец. HP 48/70
[2026-05-28 20:57:00] гот Боец 1: 1 урона от Слабый боец. HP 32/70
[2026-05-28 20:57:00] тог Боец 1: 1 урона от Сильный боец. HP 67/70
[2026-05-28 20:57:00] гот Боец 6: 1 урона от Слабый боец. HP 47/70
[2026-05-28 20:57:00] гот Боец 1: 1 урона от Слабый боец. HP 31/70
[2026-05-28 20:57:00] тог Боец 1: 1 урона от Сильный боец. HP 66/70
[2026-05-28 20:57:00] гот Боец 6: 1 урона от Слабый боец. HP 46/70
[2026-05-28 20:57:00] гот Боец 1: 1 урона от Слабый боец. HP 30/70
[2026-05-28 20:57:00] тог Боец 1: 1 урона от Сильный боец. HP 65/70
[2026-05-28 20:57:00] гот Боец 6: 1 урона от Слабый боец. HP 45/70
[2026-05-28 20:57:01] гот Боец 1: 1 урона от Слабый боец. HP 29/70
[2026-05-28 20:57:01] тог Боец 1: 1 урона от Сильный боец. HP 64/70
[2026-05-28 20:57:01] гот Боец 6: 1 урона от Слабый боец. HP 44/70
[2026-05-28 20:57:01] гот Боец 1: 1 урона от Слабый боец. HP 28/70
[2026-05-28 20:57:01] тог Боец 1: 1 урона от Сильный боец. HP 63/70
[2026-05-28 20:57:01] гот Боец 6: 1 урона от Слабый боец. HP 43/70
[2026-05-28 20:57:01] гот Боец 1: 1 урона от Слабый боец. HP 27/70
[2026-05-28 20:57:01] тог Боец 1: 1 урона от Сильный боец. HP 62/70
[2026-05-28 20:57:01] гот Боец 6: 1 урона от Слабый боец. HP 42/70
[2026-05-28 20:57:01] гот Боец 1: 1 урона от Слабый боец. HP 26/70
[2026-05-28 20:57:01] тог Боец 1: 1 урона от Сильный боец. HP 61/70
[2026-05-28 20:57:01] гот Боец 6: 1 урона от Слабый боец. HP 41/70
[2026-05-28 20:57:02] гот Боец 1: 1 урона от Слабый боец. HP 25/70
[2026-05-28 20:57:02] тог Боец 1: 1 урона от Сильный боец. HP 60/70
[2026-05-28 20:57:02] гот Боец 6: 1 урона от Слабый боец. HP 40/70
[2026-05-28 20:57:02] гот Боец 1: 1 урона от Слабый боец. HP 24/70
[2026-05-28 20:57:02] тог Боец 1: 1 урона от Сильный боец. HP 59/70
[2026-05-28 20:57:02] гот Боец 6: 1 урона от Слабый боец. HP 39/70
[2026-05-28 20:57:02] гот Боец 1: 1 урона от Слабый боец. HP 23/70
[2026-05-28 20:57:02] тог Боец 1: 1 урона от Сильный боец. HP 58/70
[2026-05-28 20:57:02] гот Боец 6: 1 урона от Слабый боец. HP 38/70
[2026-05-28 20:57:02] гот Боец 1: 1 урона от Слабый боец. HP 22/70
[2026-05-28 20:57:02] тог Боец 1: 1 урона от Сильный боец. HP 57/70
[2026-05-28 20:57:02] гот Боец 6: 1 урона от Слабый боец. HP 37/70
[2026-05-28 20:57:03] гот Боец 1: 1 урона от Слабый боец. HP 21/70
[2026-05-28 20:57:03] тог Боец 1: 1 урона от Сильный боец. HP 56/70
[2026-05-28 20:57:03] гот Боец 6: 1 урона от Слабый боец. HP 36/70
[2026-05-28 20:57:03] гот Боец 1: 1 урона от Слабый боец. HP 20/70
[2026-05-28 20:57:03] тог Боец 1: 1 урона от Сильный боец. HP 55/70
[2026-05-28 20:57:03] гот Боец 6: 1 урона от Слабый боец. HP 35/70
[2026-05-28 20:57:03] гот Боец 1: 1 урона от Слабый боец. HP 19/70
[2026-05-28 20:57:03] тог Боец 1: 1 урона от Сильный боец. HP 54/70
[2026-05-28 20:57:03] гот Боец 6: 1 урона от Слабый боец. HP 34/70
[2026-05-28 20:57:03] гот Боец 1: 1 урона от Слабый боец. HP 18/70
[2026-05-28 20:57:03] тог Боец 1: 1 урона от Сильный боец. HP 53/70
[2026-05-28 20:57:03] гот Боец 6: 1 урона от Слабый боец. HP 33/70
[2026-05-28 20:57:04] гот Боец 1: 1 урона от Слабый боец. HP 17/70
[2026-05-28 20:57:04] тог Боец 1: 1 урона от Сильный боец. HP 52/70
[2026-05-28 20:57:04] гот Боец 6: 1 урона от Слабый боец. HP 32/70
[2026-05-28 20:57:04] гот Боец 1: 1 урона от Слабый боец. HP 16/70
[2026-05-28 20:57:04] тог Боец 1: 1 урона от Сильный боец. HP 51/70
[2026-05-28 20:57:04] гот Боец 6: 1 урона от Слабый боец. HP 31/70
[2026-05-28 20:57:04] гот Боец 1: 1 урона от Слабый боец. HP 15/70
[2026-05-28 20:57:04] тог Боец 1: 1 урона от Сильный боец. HP 50/70
[2026-05-28 20:57:04] гот Боец 6: 1 урона от Слабый боец. HP 30/70
[2026-05-28 20:57:04] гот Боец 1: 1 урона от Слабый боец. HP 14/70
[2026-05-28 20:57:04] тог Боец 1: 1 урона от Сильный боец. HP 49/70
[2026-05-28 20:57:04] гот Боец 6: 1 урона от Слабый боец. HP 29/70
[2026-05-28 20:57:05] гот Боец 1: 1 урона от Слабый боец. HP 13/70
[2026-05-28 20:57:05] тог Боец 1: 1 урона от Сильный боец. HP 48/70
[2026-05-28 20:57:05] гот Боец 6: 1 урона от Слабый боец. HP 28/70
[2026-05-28 20:57:05] гот Боец 1: 1 урона от Слабый боец. HP 12/70
[2026-05-28 20:57:05] тог Боец 1: 1 урона от Сильный боец. HP 47/70
[2026-05-28 20:57:05] гот Боец 6: 1 урона от Слабый боец. HP 27/70
[2026-05-28 20:57:05] гот Боец 1: 1 урона от Слабый боец. HP 11/70
[2026-05-28 20:57:05] тог Боец 1: 1 урона от Сильный боец. HP 46/70
[2026-05-28 20:57:05] гот Боец 6: 1 урона от Слабый боец. HP 26/70
[2026-05-28 20:57:05] гот Боец 1: 1 урона от Слабый боец. HP 10/70
[2026-05-28 20:57:05] тог Боец 1: 1 урона от Сильный боец. HP 45/70
[2026-05-28 20:57:05] гот Боец 6: 1 урона от Слабый боец. HP 25/70
[2026-05-28 20:57:06] гот Боец 1: 1 урона от Слабый боец. HP 9/70
[2026-05-28 20:57:06] тог Боец 1: 1 урона от Сильный боец. HP 44/70
[2026-05-28 20:57:06] гот Боец 6: 1 урона от Слабый боец. HP 24/70
[2026-05-28 20:57:06] гот Боец 1: 1 урона от Слабый боец. HP 8/70
[2026-05-28 20:57:06] тог Боец 1: 1 урона от Сильный боец. HP 43/70
[2026-05-28 20:57:06] гот Боец 6: 1 урона от Слабый боец. HP 23/70
[2026-05-28 20:57:06] гот Боец 1: 1 урона от Слабый боец. HP 7/70
[2026-05-28 20:57:06] тог Боец 1: 1 урона от Сильный боец. HP 42/70
[2026-05-28 20:57:06] гот Боец 6: 1 урона от Слабый боец. HP 22/70
[2026-05-28 20:57:06] гот Боец 1: 1 урона от Слабый боец. HP 6/70
[2026-05-28 20:57:06] тог Боец 1: 1 урона от Сильный боец. HP 41/70
[2026-05-28 20:57:06] гот Боец 6: 1 урона от Слабый боец. HP 21/70
[2026-05-28 20:57:06] гот Боец 1: 1 урона от Слабый боец. HP 5/70
[2026-05-28 20:57:06] тог Боец 1: 1 урона от Сильный боец. HP 69/70
[2026-05-28 20:57:06] гот Боец 6: 1 урона от Слабый боец. HP 20/70
[2026-05-28 20:57:07] гот Боец 1: 1 урона от Слабый боец. HP 4/70
[2026-05-28 20:57:07] тог Боец 1: 1 урона от Сильный боец. HP 68/70
[2026-05-28 20:57:07] гот Боец 6: 1 урона от Слабый боец. HP 19/70
[2026-05-28 20:57:07] гот Боец 1: 1 урона от Слабый боец. HP 3/70
[2026-05-28 20:57:07] тог Боец 1: 1 урона от Сильный боец. HP 67/70
[2026-05-28 20:57:07] гот Боец 6: 1 урона от Слабый боец. HP 18/70
[2026-05-28 20:57:07] гот Боец 1: 1 урона от Слабый боец. HP 2/70
[2026-05-28 20:57:07] тог Боец 1: 1 урона от Сильный боец. HP 66/70
[2026-05-28 20:57:07] гот Боец 6: 1 урона от Слабый боец. HP 17/70
[2026-05-28 20:57:07] гот Боец 1: 1 урона от Слабый боец. HP 1/70
[2026-05-28 20:57:07] тог Боец 1: 1 урона от Сильный боец. HP 65/70
[2026-05-28 20:57:07] гот Боец 6: 1 урона от Слабый боец. HP 16/70
[2026-05-28 20:57:08] гот Боец 1: 1 урона от Слабый боец. HP 0/70
[2026-05-28 20:57:08] гот Боец 1 убит Слабый боец
[2026-05-28 20:57:08] тог Боец 1: 1 урона от Сильный боец. HP 64/70
[2026-05-28 20:57:08] гот Боец 6: 1 урона от Слабый боец. HP 15/70
[2026-05-28 20:57:08] гот Боец 4: 1 урона от Слабый боец. HP 31/60
[2026-05-28 20:57:08] гот Боец 6: 1 урона от Слабый боец. HP 14/70
[2026-05-28 20:57:08] гот Боец 4: 1 урона от Слабый боец. HP 30/60
[2026-05-28 20:57:08] гот Боец 6: 1 урона от Слабый боец. HP 13/70
[2026-05-28 20:57:08] гот Боец 6: 1 урона от Слабый боец. HP 12/70
[2026-05-28 20:57:09] гот Боец 4: 1 урона от Слабый боец. HP 29/60
[2026-05-28 20:57:09] гот Боец 4: 1 урона от Слабый боец. HP 28/60
[2026-05-28 20:57:09] тог Боец 1: 1 урона от Сильный боец. HP 63/70
[2026-05-28 20:57:09] гот Боец 6: 1 урона от Слабый боец. HP 11/70
[2026-05-28 20:57:10] тог Боец 1: 1 урона от Сильный боец. HP 62/70
[2026-05-28 20:57:10] гот Боец 6: 1 урона от Слабый боец. HP 10/70
[2026-05-28 20:57:10] тог Боец 1: 1 урона от Сильный боец. HP 61/70
[2026-05-28 20:57:10] гот Боец 6: 1 урона от Слабый боец. HP 9/70
[2026-05-28 20:57:10] тог Боец 1: 1 урона от Сильный боец. HP 60/70
[2026-05-28 20:57:10] гот Боец 6: 1 урона от Слабый боец. HP 8/70
[2026-05-28 20:57:10] тог Боец 1: 1 урона от Сильный боец. HP 59/70
[2026-05-28 20:57:10] гот Боец 6: 1 урона от Слабый боец. HP 7/70
[2026-05-28 20:57:11] тог Боец 1: 1 урона от Сильный боец. HP 58/70
[2026-05-28 20:57:11] гот Боец 6: 1 урона от Слабый боец. HP 6/70
[2026-05-28 20:57:11] тог Боец 1: 1 урона от Сильный боец. HP 57/70
[2026-05-28 20:57:11] гот Боец 6: 1 урона от Слабый боец. HP 5/70
[2026-05-28 20:57:11] тог Боец 1: 1 урона от Сильный боец. HP 56/70
[2026-05-28 20:57:11] гот Боец 6: 1 урона от Слабый боец. HP 4/70
[2026-05-28 20:57:11] тог Боец 1: 1 урона от Сильный боец. HP 55/70
[2026-05-28 20:57:11] гот Боец 6: 1 урона от Слабый боец. HP 3/70
[2026-05-28 20:57:12] тог Боец 1: 1 урона от Сильный боец. HP 54/70
[2026-05-28 20:57:12] гот Боец 6: 1 урона от Слабый боец. HP 2/70
[2026-05-28 20:57:12] тог Боец 1: 1 урона от Сильный боец. HP 53/70
[2026-05-28 20:57:12] гот Боец 6: 1 урона от Слабый боец. HP 1/70
[2026-05-28 20:57:12] тог Боец 1: 1 урона от Сильный боец. HP 52/70
[2026-05-28 20:57:12] гот Боец 6: 1 урона от Слабый боец. HP 0/70
[2026-05-28 20:57:12] гот Боец 6 убит Слабый боец
[2026-05-28 20:57:12] тог Боец 1: 1 урона от Сильный боец. HP 51/70
[2026-05-28 20:57:13] тог Боец 1: 1 урона от Сильный боец. HP 50/70
[2026-05-28 20:57:13] тог Боец 1: 1 урона от Сильный боец. HP 49/70
[2026-05-28 20:57:13] тог Боец 1: 1 урона от Сильный боец. HP 48/70
[2026-05-28 20:57:13] тог Боец 1: 1 урона от Сильный боец. HP 47/70
[2026-05-28 20:57:14] тог Боец 1: 1 урона от Сильный боец. HP 46/70
[2026-05-28 20:57:14] тог Боец 1: 1 урона от Сильный боец. HP 45/70
[2026-05-28 20:57:14] тог Боец 1: 1 урона от Сильный боец. HP 44/70
[2026-05-28 20:57:14] тог Боец 1: 1 урона от Сильный боец. HP 43/70
[2026-05-28 20:57:15] тог Боец 1: 1 урона от Сильный боец. HP 42/70
[2026-05-28 20:57:15] тог Боец 1: 1 урона от Сильный боец. HP 41/70
[2026-05-28 20:57:15] тог Боец 1: 1 урона от Сильный боец. HP 40/70
[2026-05-28 20:57:15] тог Боец 1: 1 урона от Сильный боец. HP 39/70
[2026-05-28 20:57:16] тог Боец 1: 1 урона от Сильный боец. HP 38/70
[2026-05-28 20:57:16] тог Боец 1: 1 урона от Сильный боец. HP 37/70
[2026-05-28 20:57:16] тог Боец 1: 1 урона от Сильный боец. HP 36/70
[2026-05-28 20:57:16] тог Боец 1: 1 урона от Сильный боец. HP 35/70
[2026-05-28 20:57:17] тог Боец 1: 1 урона от Сильный боец. HP 34/70
[2026-05-28 20:57:17] тог Боец 1: 1 урона от Сильный боец. HP 33/70
[2026-05-28 20:57:17] тог Боец 1: 1 урона от Сильный боец. HP 32/70
[2026-05-28 20:57:17] тог Боец 1: 1 урона от Сильный боец. HP 31/70
[2026-05-28 20:57:18] тог Боец 1: 1 урона от Сильный боец. HP 30/70
[2026-05-28 20:57:18] тог Боец 1: 1 урона от Сильный боец. HP 29/70
[2026-05-28 20:57:18] тог Боец 1: 1 урона от Сильный боец. HP 28/70
[2026-05-28 20:57:18] тог Боец 1: 1 урона от Сильный боец. HP 27/70
[2026-05-28 20:57:19] тог Боец 1: 1 урона от Сильный боец. HP 26/70
[2026-05-28 20:57:19] тог Боец 1: 1 урона от Сильный боец. HP 25/70
[2026-05-28 20:57:19] тог Боец 1: 1 урона от Сильный боец. HP 24/70
[2026-05-28 20:57:19] тог Боец 1: 1 урона от Сильный боец. HP 23/70
[2026-05-28 20:57:20] тог Боец 1: 1 урона от Сильный боец. HP 22/70
[2026-05-28 20:57:20] тог Боец 1: 1 урона от Сильный боец. HP 21/70
[2026-05-28 20:57:20] тог Боец 1: 1 урона от Сильный боец. HP 20/70
[2026-05-28 20:57:21] тог Боец 1: 1 урона от Сильный боец. HP 19/70
[2026-05-28 20:57:21] тог Боец 1: 1 урона от Сильный боец. HP 69/70
[2026-05-28 20:57:21] тог Боец 1: 1 урона от Сильный боец. HP 68/70
[2026-05-28 20:57:21] тог Боец 1: 1 урона от Сильный боец. HP 67/70
[2026-05-28 20:57:22] тог Боец 1: 1 урона от Сильный боец. HP 66/70
[2026-05-28 20:57:22] тог Боец 1: 1 урона от Сильный боец. HP 65/70
[2026-05-28 20:57:22] тог Боец 1: 1 урона от Сильный боец. HP 64/70
[2026-05-28 20:57:22] тог Боец 1: 1 урона от Сильный боец. HP 63/70
[2026-05-28 20:57:23] тог Боец 1: 1 урона от Сильный боец. HP 62/70
[2026-05-28 20:57:23] тог Боец 1: 1 урона от Сильный боец. HP 61/70
[2026-05-28 20:57:23] тог Боец 1: 1 урона от Сильный боец. HP 60/70
[2026-05-28 20:57:23] тог Боец 1: 1 урона от Сильный боец. HP 59/70
[2026-05-28 20:57:24] тог Боец 1: 1 урона от Сильный боец. HP 58/70
[2026-05-28 20:57:24] тог Боец 1: 1 урона от Сильный боец. HP 57/70
[2026-05-28 20:57:24] тог Боец 1: 1 урона от Сильный боец. HP 56/70
[2026-05-28 20:57:24] тог Боец 1: 1 урона от Сильный боец. HP 55/70
[2026-05-28 20:57:25] тог Боец 1: 1 урона от Сильный боец. HP 54/70
[2026-05-28 20:57:25] тог Боец 1: 1 урона от Сильный боец. HP 53/70
[2026-05-28 20:57:25] тог Боец 1: 1 урона от Сильный боец. HP 52/70
[2026-05-28 20:57:25] тог Боец 1: 1 урона от Сильный боец. HP 51/70
[2026-05-28 20:57:26] тог Боец 1: 1 урона от Сильный боец. HP 50/70
[2026-05-28 20:57:26] тог Боец 1: 1 урона от Сильный боец. HP 49/70
[2026-05-28 20:57:26] тог Боец 1: 1 урона от Сильный боец. HP 48/70
[2026-05-28 20:57:26] тог Боец 1: 1 урона от Сильный боец. HP 47/70
[2026-05-28 20:57:27] тог Боец 1: 1 урона от Сильный боец. HP 46/70
[2026-05-28 20:57:27] тог Боец 1: 1 урона от Сильный боец. HP 45/70
[2026-05-28 20:57:27] тог Боец 1: 1 урона от Сильный боец. HP 44/70
[2026-05-28 20:57:27] тог Боец 1: 1 урона от Сильный боец. HP 43/70
[2026-05-28 20:57:28] тог Боец 1: 1 урона от Сильный боец. HP 42/70
[2026-05-28 20:57:28] тог Боец 1: 1 урона от Сильный боец. HP 41/70
[2026-05-28 20:57:28] тог Боец 1: 1 урона от Сильный боец. HP 40/70
[2026-05-28 20:57:28] тог Боец 1: 1 урона от Сильный боец. HP 39/70
[2026-05-28 20:57:29] тог Боец 1: 1 урона от Сильный боец. HP 38/70
[2026-05-28 20:57:29] тог Боец 1: 1 урона от Сильный боец. HP 37/70
[2026-05-28 20:57:29] тог Боец 1: 1 урона от Сильный боец. HP 36/70
[2026-05-28 20:57:30] тог Боец 1: 1 урона от Сильный боец. HP 35/70
[2026-05-28 20:57:30] тог Боец 1: 1 урона от Сильный боец. HP 34/70
[2026-05-28 20:57:30] тог Боец 1: 1 урона от Сильный боец. HP 33/70
[2026-05-28 20:57:30] тог Боец 1: 1 урона от Сильный боец. HP 32/70
[2026-05-28 20:57:31] тог Боец 1: 1 урона от Сильный боец. HP 31/70
[2026-05-28 20:57:31] тог Боец 1: 1 урона от Сильный боец. HP 30/70
[2026-05-28 20:57:31] тог Боец 1: 1 урона от Сильный боец. HP 29/70
[2026-05-28 20:57:31] тог Боец 1: 1 урона от Сильный боец. HP 28/70
[2026-05-28 20:57:32] тог Боец 1: 1 урона от Сильный боец. HP 27/70
[2026-05-28 20:57:32] тог Боец 1: 1 урона от Сильный боец. HP 26/70
[2026-05-28 20:57:32] тог Боец 1: 1 урона от Сильный боец. HP 25/70
[2026-05-28 20:57:32] тог Боец 1: 1 урона от Сильный боец. HP 24/70
[2026-05-28 20:57:33] тог Боец 1: 1 урона от Сильный боец. HP 23/70
[2026-05-28 20:57:33] тог Боец 1: 1 урона от Сильный боец. HP 22/70
[2026-05-28 20:57:33] тог Боец 1: 1 урона от Сильный боец. HP 21/70
[2026-05-28 20:57:33] тог Боец 1: 1 урона от Сильный боец. HP 20/70
[2026-05-28 20:57:34] тог Боец 1: 1 урона от Сильный боец. HP 19/70
[2026-05-28 20:57:34] тог Боец 1: 1 урона от Сильный боец. HP 18/70
[2026-05-28 20:57:34] тог Боец 1: 1 урона от Сильный боец. HP 17/70
[2026-05-28 20:57:35] тог Боец 1: 1 урона от Сильный боец. HP 16/70
[2026-05-28 20:57:35] тог Боец 1: 1 урона от Сильный боец. HP 15/70
[2026-05-28 20:57:35] тог Боец 1: 1 урона от Сильный боец. HP 14/70
[2026-05-28 20:57:35] тог Боец 1: 1 урона от Сильный боец. HP 13/70
[2026-05-28 20:57:36] тог Боец 1: 1 урона от Сильный боец. HP 12/70
[2026-05-28 20:57:36] тог Боец 1: 1 урона от Сильный боец. HP 11/70
[2026-05-28 20:57:36] тог Боец 1: 1 урона от Сильный боец. HP 10/70
[2026-05-28 20:57:36] тог Боец 1: 1 урона от Сильный боец. HP 9/70
[2026-05-28 20:57:37] тог Боец 1: 1 урона от Сильный боец. HP 8/70
[2026-05-28 20:57:37] тог Боец 1: 1 урона от Сильный боец. HP 7/70
[2026-05-28 20:57:37] тог Боец 1: 1 урона от Сильный боец. HP 6/70
[2026-05-28 20:57:38] тог Боец 1: 1 урона от Сильный боец. HP 5/70
[2026-05-28 20:57:38] тог Боец 1: 1 урона от Сильный боец. HP 4/70
[2026-05-28 20:57:38] тог Боец 1: 1 урона от Сильный боец. HP 3/70
[2026-05-28 20:57:38] тог Боец 1: 1 урона от Сильный боец. HP 2/70
[2026-05-28 20:57:39] тог Боец 1: 1 урона от Сильный боец. HP 1/70
[2026-05-28 20:57:39] тог Боец 1: 1 урона от Сильный боец. HP 0/70
[2026-05-28 20:57:39] тог Боец 1 убит Сильный боец
[2026-05-28 20:57:47] тог Боец 2: 5 урона от Сильный боец. HP 55/60
[2026-05-28 20:57:47] гот Боец 4: 5 урона от Сильный боец. HP 47/60
[2026-05-28 20:57:47] гот Боец 6: 1 урона от Слабый боец. HP 66/70
[2026-05-28 20:57:47] гот Боец 7: 12 урона от Сильный боец. HP 10/25
[2026-05-28 20:57:47] тог Боец 4: 1 урона от Слабый боец. HP 58/60
[2026-05-28 20:57:47] гот Боец 8: 1 урона от Слабый боец. HP 56/60
[2026-05-28 20:57:47] тог Боец 5: 12 урона от Сильный боец. HP 11/25
[2026-05-28 20:57:47] тог Боец 7: 7 урона от Слабый боец. HP 4/18
[2026-05-28 20:57:47] гот Боец 9: 1 урона от Лучник. HP 17/25
[2026-05-28 20:57:47] гот Боец 1: 1 урона от Лучник. HP 54/70
[2026-05-28 20:57:47] гот Боец 4: 5 урона от Сильный боец. HP 42/60
[2026-05-28 20:57:47] тог Боец 2: 5 урона от Сильный боец. HP 50/60
[2026-05-28 20:57:47] гот Боец 6: 1 урона от Слабый боец. HP 65/70
[2026-05-28 20:57:47] тог Боец 4: 1 урона от Слабый боец. HP 57/60
[2026-05-28 20:57:47] гот Боец 7: 12 урона от Сильный боец. HP 0/25
[2026-05-28 20:57:47] гот Боец 7 убит Сильный боец
[2026-05-28 20:57:47] гот Боец 8: 1 урона от Слабый боец. HP 55/60
[2026-05-28 20:57:47] тог Боец 5: 12 урона от Сильный боец. HP 0/25
[2026-05-28 20:57:47] тог Боец 5 убит Сильный боец
[2026-05-28 20:57:47] тог Боец 7: 7 урона от Слабый боец. HP 0/18
[2026-05-28 20:57:47] тог Боец 7 убит Слабый боец
[2026-05-28 20:57:47] тог Боец 2: 5 урона от Сильный боец. HP 45/60
[2026-05-28 20:57:47] гот Боец 4: 5 урона от Сильный боец. HP 37/60
[2026-05-28 20:57:47] гот Боец 6: 1 урона от Слабый боец. HP 64/70
[2026-05-28 20:57:47] гот Боец 9: 2 урона от Слабый боец. HP 15/25
[2026-05-28 20:57:47] тог Боец 4: 1 урона от Слабый боец. HP 56/60
[2026-05-28 20:57:48] гот Боец 1: 1 урона от Слабый боец. HP 53/70
[2026-05-28 20:57:48] тог Боец 1: 1 урона от Сильный боец. HP 69/70
[2026-05-28 20:57:48] гот Боец 6: 1 урона от Сильный боец. HP 63/70
[2026-05-28 20:57:48] гот Боец 8: 1 урона от Слабый боец. HP 54/60
[2026-05-28 20:57:48] тог Боец 3: 12 урона от Сильный боец. HP 0/25
[2026-05-28 20:57:48] тог Боец 3 убит Сильный боец
[2026-05-28 20:57:48] гот Боец 9: 2 урона от Слабый боец. HP 13/25
[2026-05-28 20:57:48] гот Боец 1: 1 урона от Слабый боец. HP 52/70
[2026-05-28 20:57:48] тог Боец 1: 1 урона от Сильный боец. HP 68/70
[2026-05-28 20:57:48] гот Боец 6: 1 урона от Сильный боец. HP 62/70
[2026-05-28 20:57:48] гот Боец 8: 1 урона от Слабый боец. HP 53/60
[2026-05-28 20:57:48] тог Боец 4: 1 урона от Слабый боец. HP 55/60
[2026-05-28 20:57:48] гот Боец 9: 12 урона от Сильный боец. HP 1/25
[2026-05-28 20:57:48] гот Боец 1: 1 урона от Слабый боец. HP 51/70
[2026-05-28 20:57:48] тог Боец 1: 1 урона от Сильный боец. HP 67/70
[2026-05-28 20:57:48] гот Боец 6: 1 урона от Сильный боец. HP 61/70
[2026-05-28 20:57:48] тог Боец 4: 1 урона от Слабый боец. HP 54/60
[2026-05-28 20:57:48] гот Боец 9: 12 урона от Сильный боец. HP 0/25
[2026-05-28 20:57:48] гот Боец 9 убит Сильный боец
[2026-05-28 20:57:48] гот Боец 1: 1 урона от Слабый боец. HP 50/70
[2026-05-28 20:57:48] тог Боец 1: 1 урона от Сильный боец. HP 66/70
[2026-05-28 20:57:48] гот Боец 6: 1 урона от Сильный боец. HP 60/70
[2026-05-28 20:57:48] тог Боец 4: 5 урона от Сильный боец. HP 49/60
[2026-05-28 20:57:48] гот Боец 8: 5 урона от Сильный боец. HP 48/60
[2026-05-28 20:57:49] гот Боец 1: 1 урона от Слабый боец. HP 49/70
[2026-05-28 20:57:49] тог Боец 1: 1 урона от Сильный боец. HP 65/70
[2026-05-28 20:57:49] гот Боец 6: 1 урона от Сильный боец. HP 59/70
[2026-05-28 20:57:49] гот Боец 8: 5 урона от Сильный боец. HP 43/60
[2026-05-28 20:57:49] тог Боец 4: 5 урона от Сильный боец. HP 44/60
[2026-05-28 20:57:49] гот Боец 1: 1 урона от Слабый боец. HP 48/70
[2026-05-28 20:57:49] тог Боец 1: 1 урона от Сильный боец. HP 64/70
[2026-05-28 20:57:49] гот Боец 6: 1 урона от Сильный боец. HP 58/70
[2026-05-28 20:57:49] тог Боец 4: 5 урона от Сильный боец. HP 39/60
[2026-05-28 20:57:49] гот Боец 8: 5 урона от Сильный боец. HP 38/60
[2026-05-28 20:57:49] гот Боец 1: 1 урона от Слабый боец. HP 47/70
[2026-05-28 20:57:49] тог Боец 1: 1 урона от Сильный боец. HP 63/70
[2026-05-28 20:57:49] гот Боец 6: 1 урона от Сильный боец. HP 57/70
[2026-05-28 20:57:49] тог Боец 4: 5 урона от Сильный боец. HP 34/60
[2026-05-28 20:57:49] гот Боец 8: 5 урона от Сильный боец. HP 33/60
[2026-05-28 20:57:49] гот Боец 1: 1 урона от Слабый боец. HP 46/70
[2026-05-28 20:57:49] тог Боец 1: 1 урона от Сильный боец. HP 62/70
[2026-05-28 20:57:49] гот Боец 6: 1 урона от Сильный боец. HP 56/70
[2026-05-28 20:57:49] гот Боец 8: 5 урона от Сильный боец. HP 28/60
[2026-05-28 20:57:49] тог Боец 4: 5 урона от Сильный боец. HP 29/60
[2026-05-28 20:57:50] гот Боец 1: 1 урона от Слабый боец. HP 45/70
[2026-05-28 20:57:50] тог Боец 1: 1 урона от Сильный боец. HP 61/70
[2026-05-28 20:57:50] гот Боец 6: 1 урона от Сильный боец. HP 55/70
[2026-05-28 20:57:50] гот Боец 8: 5 урона от Сильный боец. HP 23/60
[2026-05-28 20:57:50] тог Боец 4: 5 урона от Сильный боец. HP 24/60
[2026-05-28 20:57:50] гот Боец 1: 1 урона от Слабый боец. HP 44/70
[2026-05-28 20:57:50] тог Боец 1: 1 урона от Сильный боец. HP 60/70
[2026-05-28 20:57:50] гот Боец 6: 1 урона от Сильный боец. HP 54/70
[2026-05-28 20:57:50] тог Боец 4: 5 урона от Сильный боец. HP 19/60
[2026-05-28 20:57:50] гот Боец 8: 5 урона от Сильный боец. HP 18/60
[2026-05-28 20:57:50] гот Боец 1: 1 урона от Слабый боец. HP 43/70
[2026-05-28 20:57:50] тог Боец 1: 1 урона от Сильный боец. HP 59/70
[2026-05-28 20:57:50] гот Боец 6: 1 урона от Сильный боец. HP 53/70
[2026-05-28 20:57:50] гот Боец 8: 5 урона от Сильный боец. HP 13/60
[2026-05-28 20:57:50] тог Боец 4: 5 урона от Сильный боец. HP 14/60
[2026-05-28 20:57:50] гот Боец 1: 1 урона от Слабый боец. HP 42/70
[2026-05-28 20:57:50] тог Боец 1: 1 урона от Сильный боец. HP 58/70
[2026-05-28 20:57:50] гот Боец 6: 1 урона от Сильный боец. HP 52/70
[2026-05-28 20:57:50] тог Боец 4: 5 урона от Сильный боец. HP 9/60
[2026-05-28 20:57:50] гот Боец 8: 5 урона от Сильный боец. HP 8/60
[2026-05-28 20:57:51] гот Боец 1: 1 урона от Слабый боец. HP 41/70
[2026-05-28 20:57:51] тог Боец 1: 1 урона от Сильный боец. HP 57/70
[2026-05-28 20:57:51] гот Боец 6: 1 урона от Сильный боец. HP 51/70
[2026-05-28 20:57:51] гот Боец 8: 5 урона от Сильный боец. HP 3/60
[2026-05-28 20:57:51] тог Боец 4: 5 урона от Сильный боец. HP 4/60
[2026-05-28 20:57:51] гот Боец 1: 1 урона от Слабый боец. HP 40/70
[2026-05-28 20:57:51] тог Боец 1: 1 урона от Сильный боец. HP 56/70
[2026-05-28 20:57:51] гот Боец 6: 1 урона от Сильный боец. HP 50/70
[2026-05-28 20:57:51] тог Боец 4: 5 урона от Сильный боец. HP 0/60
[2026-05-28 20:57:51] тог Боец 4 убит Сильный боец
[2026-05-28 20:57:51] гот Боец 1: 1 урона от Слабый боец. HP 39/70
[2026-05-28 20:57:51] гот Боец 4: 1 урона от Слабый боец. HP 36/60
[2026-05-28 20:57:51] гот Боец 6: 1 урона от Слабый боец. HP 49/70
[2026-05-28 20:57:51] гот Боец 8: 1 урона от Слабый боец. HP 2/60
[2026-05-28 20:57:51] гот Боец 1: 1 урона от Слабый боец. HP 38/70
[2026-05-28 20:57:51] гот Боец 6: 1 урона от Слабый боец. HP 48/70
[2026-05-28 20:57:52] гот Боец 1: 1 урона от Слабый боец. HP 37/70
[2026-05-28 20:57:52] гот Боец 4: 1 урона от Слабый боец. HP 35/60
[2026-05-28 20:57:52] гот Боец 6: 1 урона от Слабый боец. HP 47/70
[2026-05-28 20:57:52] тог Боец 1: 1 урона от Сильный боец. HP 55/70
[2026-05-28 20:57:52] гот Боец 1: 1 урона от Слабый боец. HP 36/70
[2026-05-28 20:57:52] гот Боец 4: 1 урона от Слабый боец. HP 34/60
[2026-05-28 20:57:52] гот Боец 6: 1 урона от Слабый боец. HP 46/70
[2026-05-28 20:57:52] тог Боец 1: 1 урона от Сильный боец. HP 54/70
[2026-05-28 20:57:52] гот Боец 1: 1 урона от Слабый боец. HP 35/70
[2026-05-28 20:57:52] гот Боец 6: 1 урона от Слабый боец. HP 45/70
[2026-05-28 20:57:52] тог Боец 1: 1 урона от Сильный боец. HP 53/70
[2026-05-28 20:57:52] гот Боец 1: 1 урона от Слабый боец. HP 34/70
[2026-05-28 20:57:52] гот Боец 4: 1 урона от Слабый боец. HP 33/60
[2026-05-28 20:57:52] гот Боец 8: 5 урона от Сильный боец. HP 0/60
[2026-05-28 20:57:52] гот Боец 8 убит Сильный боец
[2026-05-28 20:57:53] гот Боец 1: 1 урона от Слабый боец. HP 33/70
[2026-05-28 20:57:53] гот Боец 4: 1 урона от Слабый боец. HP 32/60
[2026-05-28 20:57:53] гот Боец 1: 1 урона от Слабый боец. HP 32/70
[2026-05-28 20:57:53] тог Боец 1: 1 урона от Сильный боец. HP 52/70
[2026-05-28 20:57:53] гот Боец 6: 1 урона от Сильный боец. HP 44/70
[2026-05-28 20:57:53] гот Боец 1: 1 урона от Слабый боец. HP 31/70
[2026-05-28 20:57:53] тог Боец 1: 1 урона от Сильный боец. HP 51/70
[2026-05-28 20:57:53] гот Боец 6: 1 урона от Сильный боец. HP 43/70
[2026-05-28 20:57:53] гот Боец 1: 1 урона от Слабый боец. HP 30/70
[2026-05-28 20:57:53] тог Боец 1: 1 урона от Сильный боец. HP 50/70
[2026-05-28 20:57:53] гот Боец 6: 1 урона от Сильный боец. HP 42/70
[2026-05-28 20:57:54] гот Боец 1: 1 урона от Слабый боец. HP 29/70
[2026-05-28 20:57:54] тог Боец 1: 1 урона от Сильный боец. HP 49/70
[2026-05-28 20:57:54] гот Боец 6: 1 урона от Сильный боец. HP 41/70
[2026-05-28 20:57:54] гот Боец 1: 1 урона от Слабый боец. HP 28/70
[2026-05-28 20:57:54] тог Боец 1: 1 урона от Сильный боец. HP 48/70
[2026-05-28 20:57:54] гот Боец 6: 1 урона от Сильный боец. HP 40/70
[2026-05-28 20:57:54] гот Боец 1: 1 урона от Слабый боец. HP 27/70
[2026-05-28 20:57:54] тог Боец 1: 1 урона от Сильный боец. HP 47/70
[2026-05-28 20:57:54] гот Боец 6: 1 урона от Сильный боец. HP 39/70
[2026-05-28 20:57:54] гот Боец 1: 1 урона от Слабый боец. HP 26/70
[2026-05-28 20:57:54] тог Боец 1: 1 урона от Сильный боец. HP 46/70
[2026-05-28 20:57:54] гот Боец 6: 1 урона от Сильный боец. HP 38/70
[2026-05-28 20:57:55] гот Боец 1: 1 урона от Слабый боец. HP 25/70
[2026-05-28 20:57:55] тог Боец 1: 1 урона от Сильный боец. HP 45/70
[2026-05-28 20:57:55] гот Боец 6: 1 урона от Сильный боец. HP 37/70
[2026-05-28 20:57:55] гот Боец 1: 1 урона от Слабый боец. HP 24/70
[2026-05-28 20:57:55] тог Боец 1: 1 урона от Сильный боец. HP 44/70
[2026-05-28 20:57:55] гот Боец 6: 1 урона от Сильный боец. HP 36/70
[2026-05-28 20:57:55] гот Боец 1: 1 урона от Слабый боец. HP 23/70
[2026-05-28 20:57:55] тог Боец 1: 1 урона от Сильный боец. HP 43/70
[2026-05-28 20:57:55] гот Боец 6: 1 урона от Сильный боец. HP 35/70
[2026-05-28 20:57:55] гот Боец 1: 1 урона от Слабый боец. HP 22/70
[2026-05-28 20:57:55] тог Боец 1: 1 урона от Сильный боец. HP 42/70
[2026-05-28 20:57:55] гот Боец 6: 1 урона от Сильный боец. HP 34/70
[2026-05-28 20:57:55] гот Боец 1: 1 урона от Слабый боец. HP 21/70
[2026-05-28 20:57:55] тог Боец 1: 1 урона от Сильный боец. HP 41/70
[2026-05-28 20:57:55] гот Боец 6: 1 урона от Сильный боец. HP 33/70
[2026-05-28 20:57:56] гот Боец 1: 1 урона от Слабый боец. HP 20/70
[2026-05-28 20:57:56] тог Боец 1: 1 урона от Сильный боец. HP 40/70
[2026-05-28 20:57:56] гот Боец 6: 1 урона от Сильный боец. HP 32/70
[2026-05-28 20:57:56] гот Боец 1: 1 урона от Слабый боец. HP 19/70
[2026-05-28 20:57:56] тог Боец 1: 1 урона от Сильный боец. HP 39/70
[2026-05-28 20:57:56] гот Боец 6: 1 урона от Сильный боец. HP 31/70
[2026-05-28 20:57:56] гот Боец 1: 1 урона от Слабый боец. HP 18/70
[2026-05-28 20:57:56] тог Боец 1: 1 урона от Сильный боец. HP 38/70
[2026-05-28 20:57:56] гот Боец 6: 1 урона от Сильный боец. HP 30/70
[2026-05-28 20:57:56] гот Боец 1: 1 урона от Слабый боец. HP 17/70
[2026-05-28 20:57:56] тог Боец 1: 1 урона от Сильный боец. HP 37/70
[2026-05-28 20:57:56] гот Боец 6: 1 урона от Сильный боец. HP 29/70
[2026-05-28 20:57:57] гот Боец 1: 1 урона от Слабый боец. HP 16/70
[2026-05-28 20:57:57] тог Боец 1: 1 урона от Сильный боец. HP 36/70
[2026-05-28 20:57:57] гот Боец 6: 1 урона от Сильный боец. HP 28/70
[2026-05-28 20:57:57] гот Боец 1: 1 урона от Слабый боец. HP 15/70
[2026-05-28 20:57:57] тог Боец 1: 1 урона от Сильный боец. HP 35/70
[2026-05-28 20:57:57] гот Боец 6: 1 урона от Сильный боец. HP 27/70
[2026-05-28 20:57:57] гот Боец 1: 1 урона от Слабый боец. HP 14/70
[2026-05-28 20:57:57] тог Боец 1: 1 урона от Сильный боец. HP 69/70
[2026-05-28 20:57:57] гот Боец 6: 1 урона от Сильный боец. HP 26/70
[2026-05-28 20:57:57] гот Боец 1: 1 урона от Слабый боец. HP 13/70
[2026-05-28 20:57:57] тог Боец 1: 1 урона от Сильный боец. HP 68/70
[2026-05-28 20:57:57] гот Боец 6: 1 урона от Сильный боец. HP 25/70
[2026-05-28 20:57:58] гот Боец 1: 1 урона от Слабый боец. HP 12/70
[2026-05-28 20:57:58] тог Боец 1: 1 урона от Сильный боец. HP 67/70
[2026-05-28 20:57:58] гот Боец 6: 1 урона от Сильный боец. HP 24/70
[2026-05-28 20:57:58] гот Боец 1: 1 урона от Слабый боец. HP 11/70
[2026-05-28 20:57:58] тог Боец 1: 1 урона от Сильный боец. HP 66/70
[2026-05-28 20:57:58] гот Боец 6: 1 урона от Сильный боец. HP 23/70
[2026-05-28 20:57:58] гот Боец 1: 1 урона от Слабый боец. HP 10/70
[2026-05-28 20:57:58] тог Боец 1: 1 урона от Сильный боец. HP 65/70
[2026-05-28 20:57:58] гот Боец 6: 1 урона от Сильный боец. HP 22/70
[2026-05-28 20:57:58] гот Боец 1: 1 урона от Слабый боец. HP 9/70
[2026-05-28 20:57:58] тог Боец 1: 1 урона от Сильный боец. HP 64/70
[2026-05-28 20:57:58] гот Боец 6: 1 урона от Сильный боец. HP 21/70
[2026-05-28 20:57:59] гот Боец 1: 1 урона от Слабый боец. HP 8/70
[2026-05-28 20:57:59] тог Боец 1: 1 урона от Сильный боец. HP 63/70
[2026-05-28 20:57:59] гот Боец 6: 1 урона от Сильный боец. HP 20/70
[2026-05-28 20:57:59] гот Боец 1: 1 урона от Слабый боец. HP 7/70
[2026-05-28 20:57:59] тог Боец 1: 1 урона от Сильный боец. HP 62/70
[2026-05-28 20:57:59] гот Боец 6: 1 урона от Сильный боец. HP 19/70
[2026-05-28 20:57:59] гот Боец 1: 1 урона от Слабый боец. HP 6/70
[2026-05-28 20:57:59] тог Боец 1: 1 урона от Сильный боец. HP 61/70
[2026-05-28 20:57:59] гот Боец 6: 1 урона от Сильный боец. HP 18/70
[2026-05-28 20:57:59] гот Боец 1: 1 урона от Слабый боец. HP 5/70
[2026-05-28 20:57:59] тог Боец 1: 1 урона от Сильный боец. HP 60/70
[2026-05-28 20:57:59] гот Боец 6: 1 урона от Сильный боец. HP 17/70
[2026-05-28 20:58:00] гот Боец 1: 1 урона от Слабый боец. HP 4/70
[2026-05-28 20:58:00] тог Боец 1: 1 урона от Сильный боец. HP 59/70
[2026-05-28 20:58:00] гот Боец 6: 1 урона от Сильный боец. HP 16/70
[2026-05-28 20:58:00] гот Боец 1: 1 урона от Слабый боец. HP 3/70
[2026-05-28 20:58:00] тог Боец 1: 1 урона от Сильный боец. HP 58/70
[2026-05-28 20:58:00] гот Боец 6: 1 урона от Сильный боец. HP 15/70
[2026-05-28 20:58:00] гот Боец 1: 1 урона от Слабый боец. HP 2/70
[2026-05-28 20:58:00] тог Боец 1: 1 урона от Сильный боец. HP 57/70
[2026-05-28 20:58:00] гот Боец 6: 1 урона от Сильный боец. HP 14/70
[2026-05-28 20:58:00] гот Боец 1: 1 урона от Слабый боец. HP 1/70
[2026-05-28 20:58:00] тог Боец 1: 1 урона от Сильный боец. HP 56/70
[2026-05-28 20:58:00] гот Боец 6: 1 урона от Сильный боец. HP 13/70
[2026-05-28 20:58:01] гот Боец 1: 1 урона от Слабый боец. HP 0/70
[2026-05-28 20:58:01] гот Боец 1 убит Слабый боец
[2026-05-28 20:58:01] тог Боец 1: 1 урона от Сильный боец. HP 55/70
[2026-05-28 20:58:01] гот Боец 6: 1 урона от Сильный боец. HP 12/70
[2026-05-28 20:58:01] гот Боец 4: 1 урона от Слабый боец. HP 31/60
[2026-05-28 20:58:01] гот Боец 6: 1 урона от Слабый боец. HP 11/70
[2026-05-28 20:58:01] гот Боец 4: 1 урона от Слабый боец. HP 30/60
[2026-05-28 20:58:01] гот Боец 6: 1 урона от Слабый боец. HP 10/70
[2026-05-28 20:58:01] гот Боец 6: 1 урона от Слабый боец. HP 9/70
[2026-05-28 20:58:02] гот Боец 4: 1 урона от Слабый боец. HP 29/60
[2026-05-28 20:58:02] гот Боец 6: 1 урона от Слабый боец. HP 8/70
[2026-05-28 20:58:02] гот Боец 4: 1 урона от Слабый боец. HP 28/60
[2026-05-28 20:58:02] гот Боец 6: 1 урона от Слабый боец. HP 7/70
[2026-05-28 20:58:02] гот Боец 6: 1 урона от Слабый боец. HP 6/70
[2026-05-28 20:58:02] гот Боец 4: 1 урона от Слабый боец. HP 27/60
[2026-05-28 20:58:02] гот Боец 6: 1 урона от Слабый боец. HP 5/70
[2026-05-28 20:58:03] гот Боец 6: 1 урона от Слабый боец. HP 4/70
[2026-05-28 20:58:03] гот Боец 4: 1 урона от Слабый боец. HP 26/60
[2026-05-28 20:58:03] гот Боец 4: 1 урона от Слабый боец. HP 25/60
[2026-05-28 20:58:03] гот Боец 4: 1 урона от Слабый боец. HP 24/60
[2026-05-28 20:58:04] тог Боец 1: 1 урона от Сильный боец. HP 69/70
[2026-05-28 20:58:04] гот Боец 6: 1 урона от Слабый боец. HP 3/70
[2026-05-28 20:58:04] тог Боец 1: 1 урона от Сильный боец. HP 68/70
[2026-05-28 20:58:04] гот Боец 6: 1 урона от Слабый боец. HP 2/70
[2026-05-28 20:58:04] тог Боец 1: 1 урона от Сильный боец. HP 67/70
[2026-05-28 20:58:04] гот Боец 6: 1 урона от Слабый боец. HP 1/70
[2026-05-28 20:58:04] тог Боец 1: 1 урона от Сильный боец. HP 66/70
[2026-05-28 20:58:04] гот Боец 6: 1 урона от Слабый боец. HP 0/70
[2026-05-28 20:58:04] гот Боец 6 убит Слабый боец
[2026-05-28 20:58:05] тог Боец 1: 1 урона от Сильный боец. HP 65/70
[2026-05-28 20:58:05] тог Боец 1: 1 урона от Сильный боец. HP 64/70
[2026-05-28 20:58:05] тог Боец 1: 1 урона от Сильный боец. HP 63/70
[2026-05-28 20:58:05] тог Боец 1: 1 урона от Сильный боец. HP 62/70
[2026-05-28 20:58:06] тог Боец 1: 1 урона от Сильный боец. HP 61/70
[2026-05-28 20:58:06] тог Боец 1: 1 урона от Сильный боец. HP 60/70
[2026-05-28 20:58:06] тог Боец 1: 1 урона от Сильный боец. HP 59/70
[2026-05-28 20:58:06] тог Боец 1: 1 урона от Сильный боец. HP 58/70
[2026-05-28 20:58:07] тог Боец 1: 1 урона от Сильный боец. HP 57/70
[2026-05-28 20:58:07] тог Боец 1: 1 урона от Сильный боец. HP 56/70
[2026-05-28 20:58:07] тог Боец 1: 1 урона от Сильный боец. HP 55/70
[2026-05-28 20:58:07] тог Боец 1: 1 урона от Сильный боец. HP 54/70
[2026-05-28 20:58:08] тог Боец 1: 1 урона от Сильный боец. HP 53/70
[2026-05-28 20:58:08] тог Боец 1: 1 урона от Сильный боец. HP 52/70
[2026-05-28 20:58:08] тог Боец 1: 1 урона от Сильный боец. HP 51/70
[2026-05-28 20:58:08] тог Боец 1: 1 урона от Сильный боец. HP 50/70
[2026-05-28 20:58:09] тог Боец 1: 1 урона от Сильный боец. HP 49/70
[2026-05-28 20:58:09] тог Боец 1: 1 урона от Сильный боец. HP 48/70
[2026-05-28 20:58:09] тог Боец 1: 1 урона от Сильный боец. HP 47/70
[2026-05-28 20:58:09] тог Боец 1: 1 урона от Сильный боец. HP 46/70
[2026-05-28 20:58:10] тог Боец 1: 1 урона от Сильный боец. HP 45/70
[2026-05-28 20:58:10] тог Боец 1: 1 урона от Сильный боец. HP 44/70
[2026-05-28 20:58:10] тог Боец 1: 1 урона от Сильный боец. HP 43/70
[2026-05-28 20:58:10] тог Боец 1: 1 урона от Сильный боец. HP 42/70
[2026-05-28 20:58:11] тог Боец 1: 1 урона от Сильный боец. HP 41/70
[2026-05-28 20:58:11] тог Боец 1: 1 урона от Сильный боец. HP 40/70
[2026-05-28 20:58:11] тог Боец 1: 1 урона от Сильный боец. HP 39/70
[2026-05-28 20:58:11] тог Боец 1: 1 урона от Сильный боец. HP 38/70
[2026-05-28 20:58:12] тог Боец 1: 1 урона от Сильный боец. HP 37/70
[2026-05-28 20:58:12] тог Боец 1: 1 урона от Сильный боец. HP 36/70
[2026-05-28 20:58:12] тог Боец 1: 1 урона от Сильный боец. HP 35/70
[2026-05-28 20:58:12] тог Боец 1: 1 урона от Сильный боец. HP 34/70
[2026-05-28 20:58:13] тог Боец 1: 1 урона от Сильный боец. HP 33/70
[2026-05-28 20:58:13] тог Боец 1: 1 урона от Сильный боец. HP 32/70
[2026-05-28 20:58:13] тог Боец 1: 1 урона от Сильный боец. HP 31/70
[2026-05-28 20:58:13] тог Боец 1: 1 урона от Сильный боец. HP 30/70
[2026-05-28 20:58:14] тог Боец 1: 1 урона от Сильный боец. HP 29/70
[2026-05-28 20:58:14] тог Боец 1: 1 урона от Сильный боец. HP 28/70
[2026-05-28 20:58:14] тог Боец 1: 1 урона от Сильный боец. HP 27/70
[2026-05-28 20:58:15] тог Боец 1: 1 урона от Сильный боец. HP 26/70
[2026-05-28 20:58:15] тог Боец 1: 1 урона от Сильный боец. HP 25/70
[2026-05-28 20:58:15] тог Боец 1: 1 урона от Сильный боец. HP 24/70
[2026-05-28 20:58:15] тог Боец 1: 1 урона от Сильный боец. HP 23/70
[2026-05-28 20:58:16] тог Боец 1: 1 урона от Сильный боец. HP 22/70
[2026-05-28 20:58:16] тог Боец 1: 1 урона от Сильный боец. HP 21/70
[2026-05-28 20:58:16] тог Боец 1: 1 урона от Сильный боец. HP 20/70
[2026-05-28 20:58:16] тог Боец 1: 1 урона от Сильный боец. HP 19/70
[2026-05-28 20:58:17] тог Боец 1: 1 урона от Сильный боец. HP 18/70
[2026-05-28 20:58:17] тог Боец 1: 1 урона от Сильный боец. HP 17/70
[2026-05-28 20:58:17] тог Боец 1: 1 урона от Сильный боец. HP 16/70
[2026-05-28 20:58:17] тог Боец 1: 1 урона от Сильный боец. HP 15/70
[2026-05-28 20:58:18] тог Боец 1: 1 урона от Сильный боец. HP 14/70
[2026-05-28 20:58:18] тог Боец 1: 1 урона от Сильный боец. HP 13/70
[2026-05-28 20:58:18] тог Боец 1: 1 урона от Сильный боец. HP 12/70
[2026-05-28 20:58:18] тог Боец 1: 1 урона от Сильный боец. HP 11/70
[2026-05-28 20:58:19] тог Боец 1: 1 урона от Сильный боец. HP 10/70
[2026-05-28 20:58:19] тог Боец 1: 1 урона от Сильный боец. HP 9/70
[2026-05-28 20:58:19] тог Боец 1: 1 урона от Сильный боец. HP 8/70
[2026-05-28 20:58:19] тог Боец 1: 1 урона от Сильный боец. HP 7/70
[2026-05-28 20:58:20] тог Боец 1: 1 урона от Сильный боец. HP 6/70
[2026-05-28 20:58:20] тог Боец 1: 1 урона от Сильный боец. HP 5/70
[2026-05-28 20:58:20] тог Боец 1: 1 урона от Сильный боец. HP 4/70
[2026-05-28 20:58:21] тог Боец 1: 1 урона от Сильный боец. HP 3/70
[2026-05-28 20:58:21] тог Боец 1: 1 урона от Сильный боец. HP 2/70
[2026-05-28 20:58:21] тог Боец 1: 1 урона от Сильный боец. HP 1/70
[2026-05-28 20:58:21] тог Боец 1: 1 урона от Сильный боец. HP 0/70
[2026-05-28 20:58:21] тог Боец 1 убит Сильный боец
[2026-05-28 20:58:43] гот Боец 4: 5 урона от Сильный боец. HP 47/60
[2026-05-28 20:58:43] тог Боец 2: 5 урона от Сильный боец. HP 55/60
[2026-05-28 20:58:43] гот Боец 6: 1 урона от Слабый боец. HP 66/70
[2026-05-28 20:58:43] гот Боец 7: 12 урона от Сильный боец. HP 10/25
[2026-05-28 20:58:43] тог Боец 4: 1 урона от Слабый боец. HP 58/60
[2026-05-28 20:58:43] гот Боец 8: 1 урона от Слабый боец. HP 56/60
[2026-05-28 20:58:43] тог Боец 5: 12 урона от Сильный боец. HP 11/25
[2026-05-28 20:58:43] гот Боец 9: 1 урона от Лучник. HP 17/25
[2026-05-28 20:58:43] тог Боец 7: 7 урона от Слабый боец. HP 4/18
[2026-05-28 20:58:43] гот Боец 7: 4 урона от Лучник. HP 6/25
[2026-05-28 21:42:13] ывол Боец 1: 1 урона от Маг. HP 69/70
[2026-05-28 21:42:13] ывол Боец 2: 9 урона от Лучник. HP 9/18
[2026-05-28 21:42:13] гавсо Боец 1: 8 урона от Лучник. HP 14/22
[2026-05-28 21:42:13] гавсо Боец 2: 4 урона от Лучник. HP 21/25
[2026-05-28 21:42:13] ывол Боец 1: 1 урона от Маг. HP 68/70
[2026-05-28 21:42:13] ывол Боец 3: 4 урона от Лучник. HP 21/25
[2026-05-28 21:42:13] гавсо Боец 10: 1 урона от Лучник. HP 99/100
[2026-05-28 21:42:13] гавсо Боец 1: 8 урона от Лучник. HP 14/22
[2026-05-28 21:42:14] ывол Боец 1: 1 урона от Маг. HP 67/70
[2026-05-28 21:42:14] ывол Боец 3: 4 урона от Лучник. HP 17/25
[2026-05-28 21:42:14] ывол Боец 3: 4 урона от Лучник. HP 13/25
[2026-05-28 21:42:14] гавсо Боец 7: 1 урона от Лучник. HP 69/70
[2026-05-28 21:42:14] ывол Боец 1: 1 урона от Маг. HP 66/70
[2026-05-28 21:42:14] ывол Боец 2: 9 урона от Лучник. HP 0/18
[2026-05-28 21:42:14] ывол Боец 2 убит Лучник
[2026-05-28 21:42:14] ывол Боец 3: 4 урона от Лучник. HP 9/25
[2026-05-28 21:42:14] гавсо Боец 9: 4 урона от Лучник. HP 21/25
[2026-05-28 21:42:15] гавсо Боец 1: 6 урона от Слабый боец. HP 8/22
[2026-05-28 21:42:15] ывол Боец 3: 1 урона от Маг. HP 8/25
[2026-05-28 21:42:15] ывол Боец 9: 4 урона от Лучник. HP 21/25
[2026-05-28 21:42:15] ывол Боец 1: 1 урона от Лучник. HP 65/70
[2026-05-28 21:42:26] гавсо Боец 1: 6 урона от Слабый боец. HP 2/22
[2026-05-28 21:42:26] ывол Боец 3: 1 урона от Маг. HP 7/25
[2026-05-28 21:42:26] ывол Боец 6: 1 урона от Лучник. HP 59/60
[2026-05-28 21:42:26] ывол Боец 7: 1 урона от Лучник. HP 69/70
[2026-05-28 21:42:26] гавсо Боец 1: 8 урона от Лучник. HP 0/22
[2026-05-28 21:42:26] гавсо Боец 1 убит Лучник
[2026-05-28 21:42:26] гавсо Боец 2: 2 урона от Слабый боец. HP 19/25
[2026-05-28 21:42:26] ывол Боец 3: 2 урона от Слабый боец. HP 5/25
[2026-05-28 21:42:26] ывол Боец 7: 1 урона от Лучник. HP 68/70
[2026-05-28 21:42:26] ывол Боец 1: 1 урона от Лучник. HP 64/70
[2026-05-28 21:42:26] гавсо Боец 2: 2 урона от Слабый боец. HP 17/25
[2026-05-28 21:42:26] ывол Боец 3: 2 урона от Слабый боец. HP 3/25
[2026-05-28 21:42:26] ывол Боец 6: 1 урона от Лучник. HP 58/60
[2026-05-28 21:42:26] ывол Боец 1: 1 урона от Лучник. HP 63/70
[2026-05-28 21:42:26] гавсо Боец 6: 10 урона от Лучник. HP 5/15
[2026-05-28 21:42:26] гавсо Боец 2: 2 урона от Слабый боец. HP 15/25
[2026-05-28 21:42:26] ывол Боец 3: 2 урона от Слабый боец. HP 1/25
[2026-05-28 21:42:26] ывол Боец 5: 4 урона от Лучник. HP 21/25
[2026-05-28 21:42:26] ывол Боец 5: 4 урона от Лучник. HP 17/25
[2026-05-28 21:42:27] гавсо Боец 3: 6 урона от Слабый боец. HP 16/22
[2026-05-28 21:42:27] ывол Боец 3: 1 урона от Маг. HP 0/25
[2026-05-28 21:42:27] ывол Боец 3 убит Маг
[2026-05-28 21:42:27] ывол Боец 6: 1 урона от Лучник. HP 57/60
[2026-05-28 21:42:27] гавсо Боец 3: 8 урона от Лучник. HP 8/22
[2026-05-28 21:42:27] ывол Боец 4: 1 урона от Маг. HP 69/70
[2026-05-28 21:42:27] ывол Боец 7: 1 урона от Лучник. HP 67/70
[2026-05-28 21:42:27] ывол Боец 4: 1 урона от Маг. HP 68/70
[2026-05-28 21:42:27] ывол Боец 1: 1 урона от Лучник. HP 62/70
[2026-05-28 21:42:27] гавсо Боец 5: 10 урона от Лучник. HP 5/15
[2026-05-28 21:42:27] ывол Боец 4: 1 урона от Маг. HP 67/70
[2026-05-28 21:42:27] ывол Боец 4: 1 урона от Лучник. HP 66/70
[2026-05-28 21:42:27] гавсо Боец 3: 8 урона от Лучник. HP 14/22
[2026-05-28 21:42:27] ывол Боец 4: 1 урона от Маг. HP 65/70
[2026-05-28 21:42:27] ывол Боец 1: 1 урона от Лучник. HP 61/70
[2026-05-28 21:42:27] гавсо Боец 4: 4 урона от Лучник. HP 21/25
[2026-05-28 21:42:28] ывол Боец 4: 1 урона от Маг. HP 64/70
[2026-05-28 21:42:28] ывол Боец 1: 1 урона от Лучник. HP 60/70
[2026-05-28 21:42:28] ывол Боец 4: 1 урона от Маг. HP 63/70
[2026-05-28 21:42:28] ывол Боец 5: 4 урона от Лучник. HP 13/25
[2026-05-28 21:42:28] гавсо Боец 5: 10 урона от Лучник. HP 5/15
[2026-05-28 21:42:28] ывол Боец 4: 1 урона от Маг. HP 62/70
[2026-05-28 21:42:28] ывол Боец 6: 1 урона от Лучник. HP 56/60
[2026-05-28 21:42:28] гавсо Боец 3: 8 урона от Лучник. HP 14/22
[2026-05-28 21:42:28] ывол Боец 4: 1 урона от Маг. HP 61/70
[2026-05-28 21:42:28] ывол Боец 5: 4 урона от Лучник. HP 9/25
[2026-05-28 21:42:28] гавсо Боец 3: 8 урона от Лучник. HP 14/22
[2026-05-28 21:42:29] ывол Боец 4: 1 урона от Маг. HP 60/70
[2026-05-28 21:42:29] ывол Боец 1: 1 урона от Лучник. HP 59/70
[2026-05-28 21:42:29] ывол Боец 4: 1 урона от Маг. HP 59/70
[2026-05-28 21:42:29] ывол Боец 4: 1 урона от Лучник. HP 58/70
[2026-05-28 21:42:29] ывол Боец 4: 1 урона от Маг. HP 57/70
[2026-05-28 21:42:29] ывол Боец 4: 1 урона от Лучник. HP 56/70
[2026-05-28 21:42:29] ывол Боец 4: 1 урона от Маг. HP 55/70
[2026-05-28 21:42:29] ывол Боец 4: 1 урона от Лучник. HP 54/70
[2026-05-28 21:42:29] гавсо Боец 3: 8 урона от Лучник. HP 6/22
[2026-05-28 21:42:30] ывол Боец 4: 1 урона от Маг. HP 53/70
[2026-05-28 21:42:30] ывол Боец 6: 1 урона от Лучник. HP 55/60
[2026-05-28 21:42:30] гавсо Боец 6: 10 урона от Лучник. HP 5/15
[2026-05-28 21:42:30] ывол Боец 4: 1 урона от Маг. HP 52/70
[2026-05-28 21:42:30] ывол Боец 7: 1 урона от Лучник. HP 66/70
[2026-05-28 21:42:30] гавсо Боец 9: 4 урона от Лучник. HP 21/25
[2026-05-28 21:42:30] ывол Боец 4: 1 урона от Маг. HP 51/70
[2026-05-28 21:42:30] ывол Боец 1: 1 урона от Лучник. HP 58/70
[2026-05-28 21:42:30] гавсо Боец 8: 9 урона от Лучник. HP 9/18
[2026-05-28 21:42:30] ывол Боец 4: 1 урона от Маг. HP 50/70
[2026-05-28 21:42:30] ывол Боец 7: 1 урона от Лучник. HP 65/70
[2026-05-28 21:42:30] гавсо Боец 3: 8 урона от Лучник. HP 14/22
[2026-05-28 21:42:31] ывол Боец 4: 1 урона от Маг. HP 49/70
[2026-05-28 21:42:31] ывол Боец 1: 1 урона от Лучник. HP 57/70
[2026-05-28 21:42:31] ывол Боец 4: 1 урона от Маг. HP 48/70
[2026-05-28 21:42:31] ывол Боец 5: 4 урона от Лучник. HP 5/25
[2026-05-28 21:42:31] гавсо Боец 4: 4 урона от Лучник. HP 21/25
[2026-05-28 21:42:31] ывол Боец 4: 1 урона от Маг. HP 47/70
[2026-05-28 21:42:31] ывол Боец 1: 1 урона от Лучник. HP 56/70
[2026-05-28 21:42:31] гавсо Боец 2: 4 урона от Лучник. HP 21/25
[2026-05-28 21:42:31] ывол Боец 4: 1 урона от Маг. HP 46/70
[2026-05-28 21:42:31] ывол Боец 5: 4 урона от Лучник. HP 1/25
[2026-05-28 21:42:31] гавсо Боец 2: 4 урона от Лучник. HP 17/25
[2026-05-28 21:42:31] ывол Боец 4: 1 урона от Маг. HP 45/70
[2026-05-28 21:42:32] ывол Боец 9: 4 урона от Лучник. HP 17/25
[2026-05-28 21:42:32] гавсо Боец 6: 10 урона от Лучник. HP 5/15
[2026-05-28 21:42:32] ывол Боец 4: 1 урона от Маг. HP 44/70
[2026-05-28 21:42:32] ывол Боец 1: 1 урона от Лучник. HP 55/70
[2026-05-28 21:42:32] ывол Боец 4: 1 урона от Маг. HP 43/70
[2026-05-28 21:42:32] ывол Боец 6: 1 урона от Лучник. HP 54/60
[2026-05-28 21:42:32] гавсо Боец 3: 8 урона от Лучник. HP 14/22
[2026-05-28 21:42:32] ывол Боец 4: 1 урона от Маг. HP 42/70
[2026-05-28 21:42:32] ывол Боец 1: 1 урона от Лучник. HP 54/70
[2026-05-28 21:42:32] гавсо Боец 2: 4 урона от Лучник. HP 21/25
[2026-05-28 21:42:32] ывол Боец 4: 1 урона от Маг. HP 41/70
[2026-05-28 21:42:32] ывол Боец 4: 1 урона от Лучник. HP 40/70
[2026-05-28 21:42:32] гавсо Боец 2: 4 урона от Лучник. HP 21/25
[2026-05-28 21:42:33] ывол Боец 4: 1 урона от Маг. HP 39/70
[2026-05-28 21:42:33] ывол Боец 5: 4 урона от Лучник. HP 0/25
[2026-05-28 21:42:33] ывол Боец 5 убит Лучник
[2026-05-28 21:42:33] гавсо Боец 8: 9 урона от Лучник. HP 9/18
[2026-05-28 21:42:33] гавсо Боец 3: 16 урона от Сильный боец. HP 0/22
[2026-05-28 21:42:33] гавсо Боец 3 убит Сильный боец
[2026-05-28 21:42:33] ывол Боец 6: 1 урона от Слабый боец. HP 53/60
[2026-05-28 21:42:33] ывол Боец 1: 1 урона от Лучник. HP 53/70
[2026-05-28 21:42:33] гавсо Боец 2: 4 урона от Лучник. HP 17/25
[2026-05-28 21:42:33] гавсо Боец 4: 12 урона от Сильный боец. HP 13/25
[2026-05-28 21:42:33] ывол Боец 6: 1 урона от Слабый боец. HP 52/60
[2026-05-28 21:42:33] ывол Боец 7: 1 урона от Лучник. HP 64/70
[2026-05-28 21:42:33] гавсо Боец 2: 4 урона от Лучник. HP 13/25
[2026-05-28 21:42:33] гавсо Боец 4: 12 урона от Сильный боец. HP 1/25
[2026-05-28 21:42:33] ывол Боец 6: 1 урона от Слабый боец. HP 51/60
[2026-05-28 21:42:33] ывол Боец 4: 1 урона от Лучник. HP 38/70
[2026-05-28 21:42:33] гавсо Боец 7: 1 урона от Лучник. HP 69/70
[2026-05-28 21:42:34] гавсо Боец 4: 12 урона от Сильный боец. HP 0/25
[2026-05-28 21:42:34] гавсо Боец 4 убит Сильный боец
[2026-05-28 21:42:34] ывол Боец 6: 1 урона от Лекарь. HP 50/60
[2026-05-28 21:42:34] ывол Боец 6: 1 урона от Лучник. HP 49/60
[2026-05-28 21:42:34] гавсо Боец 5: 10 урона от Лучник. HP 5/15
[2026-05-28 21:42:34] гавсо Боец 5: 18 урона от Сильный боец. HP 0/15
[2026-05-28 21:42:34] гавсо Боец 5 убит Сильный боец
[2026-05-28 21:42:34] ывол Боец 6: 1 урона от Лекарь. HP 48/60
[2026-05-28 21:42:34] ывол Боец 1: 1 урона от Лучник. HP 52/70
[2026-05-28 21:42:34] гавсо Боец 6: 18 урона от Сильный боец. HP 0/15
[2026-05-28 21:42:34] гавсо Боец 6 убит Сильный боец
[2026-05-28 21:42:34] ывол Боец 7: 1 урона от Лучник. HP 63/70
[2026-05-28 21:42:34] гавсо Боец 7: 1 урона от Сильный боец. HP 69/70
[2026-05-28 21:42:34] ывол Боец 6: 1 урона от Лучник. HP 47/60
[2026-05-28 21:42:35] гавсо Боец 7: 1 урона от Сильный боец. HP 68/70
[2026-05-28 21:42:35] ывол Боец 1: 1 урона от Лучник. HP 51/70
[2026-05-28 21:42:35] гавсо Боец 7: 1 урона от Сильный боец. HP 67/70
[2026-05-28 21:42:35] ывол Боец 4: 1 урона от Лучник. HP 37/70
[2026-05-28 21:42:35] гавсо Боец 2: 4 урона от Лучник. HP 21/25
[2026-05-28 21:42:35] гавсо Боец 7: 1 урона от Сильный боец. HP 69/70
[2026-05-28 21:42:35] ывол Боец 4: 1 урона от Лучник. HP 36/70
[2026-05-28 21:42:35] гавсо Боец 7: 1 урона от Сильный боец. HP 68/70
[2026-05-28 21:42:35] ывол Боец 6: 1 урона от Лучник. HP 46/60
[2026-05-28 21:42:35] гавсо Боец 7: 1 урона от Лучник. HP 67/70
[2026-05-28 21:42:35] гавсо Боец 7: 1 урона от Сильный боец. HP 66/70
[2026-05-28 21:42:35] ывол Боец 1: 1 урона от Лучник. HP 50/70
[2026-05-28 21:42:36] гавсо Боец 9: 4 урона от Лучник. HP 21/25
[2026-05-28 21:42:36] гавсо Боец 7: 1 урона от Сильный боец. HP 65/70
[2026-05-28 21:42:36] ывол Боец 6: 1 урона от Лучник. HP 45/60
[2026-05-28 21:42:36] гавсо Боец 9: 4 урона от Лучник. HP 21/25
[2026-05-28 21:42:36] гавсо Боец 7: 1 урона от Сильный боец. HP 64/70
[2026-05-28 21:42:36] ывол Боец 7: 1 урона от Лучник. HP 62/70
[2026-05-28 21:42:36] гавсо Боец 2: 4 урона от Лучник. HP 17/25
[2026-05-28 21:42:36] гавсо Боец 7: 1 урона от Сильный боец. HP 69/70
[2026-05-28 21:42:36] ывол Боец 4: 1 урона от Лучник. HP 35/70
[2026-05-28 21:42:36] гавсо Боец 10: 1 урона от Лучник. HP 99/100
[2026-05-28 21:42:36] гавсо Боец 7: 1 урона от Сильный боец. HP 68/70
[2026-05-28 21:42:36] ывол Боец 7: 1 урона от Лучник. HP 61/70
[2026-05-28 21:42:37] гавсо Боец 7: 1 урона от Сильный боец. HP 67/70
[2026-05-28 21:42:37] ывол Боец 4: 1 урона от Лучник. HP 34/70
[2026-05-28 21:42:37] гавсо Боец 7: 1 урона от Сильный боец. HP 66/70
[2026-05-28 21:42:37] ывол Боец 4: 1 урона от Лучник. HP 33/70
[2026-05-28 21:42:37] гавсо Боец 7: 1 урона от Сильный боец. HP 65/70
[2026-05-28 21:42:37] ывол Боец 1: 1 урона от Лучник. HP 49/70
[2026-05-28 21:42:37] гавсо Боец 2: 4 урона от Лучник. HP 13/25
[2026-05-28 21:42:37] гавсо Боец 7: 1 урона от Сильный боец. HP 69/70
[2026-05-28 21:42:37] ывол Боец 4: 1 урона от Лучник. HP 32/70
[2026-05-28 21:42:37] гавсо Боец 7: 1 урона от Лучник. HP 68/70
[2026-05-28 21:42:38] гавсо Боец 7: 1 урона от Сильный боец. HP 67/70
[2026-05-28 21:42:38] ывол Боец 7: 1 урона от Лучник. HP 60/70
[2026-05-28 21:42:38] гавсо Боец 7: 1 урона от Сильный боец. HP 66/70
[2026-05-28 21:42:38] ывол Боец 1: 1 урона от Лучник. HP 48/70
[2026-05-28 21:42:38] гавсо Боец 9: 4 урона от Лучник. HP 21/25
[2026-05-28 21:42:38] гавсо Боец 7: 1 урона от Сильный боец. HP 65/70
[2026-05-28 21:42:38] ывол Боец 6: 1 урона от Лучник. HP 44/60
[2026-05-28 21:42:38] гавсо Боец 7: 1 урона от Сильный боец. HP 64/70
[2026-05-28 21:42:38] ывол Боец 6: 1 урона от Лучник. HP 43/60
[2026-05-28 21:42:38] гавсо Боец 8: 9 урона от Лучник. HP 9/18
[2026-05-28 21:42:38] гавсо Боец 7: 1 урона от Сильный боец. HP 63/70
[2026-05-28 21:42:38] ывол Боец 4: 1 урона от Лучник. HP 31/70
[2026-05-28 21:42:38] гавсо Боец 9: 4 урона от Лучник. HP 21/25
[2026-05-28 21:42:39] гавсо Боец 7: 1 урона от Сильный боец. HP 62/70
[2026-05-28 21:42:39] ывол Боец 7: 1 урона от Лучник. HP 59/70
[2026-05-28 21:42:39] гавсо Боец 2: 4 урона от Лучник. HP 21/25
[2026-05-28 21:42:39] гавсо Боец 7: 1 урона от Сильный боец. HP 61/70
[2026-05-28 21:42:39] ывол Боец 1: 1 урона от Лучник. HP 47/70
[2026-05-28 21:42:39] гавсо Боец 7: 1 урона от Сильный боец. HP 60/70
[2026-05-28 21:42:39] ывол Боец 1: 1 урона от Лучник. HP 46/70
[2026-05-28 21:42:39] гавсо Боец 7: 1 урона от Сильный боец. HP 59/70
[2026-05-28 21:42:39] ывол Боец 6: 1 урона от Лучник. HP 42/60
[2026-05-28 21:42:39] гавсо Боец 2: 4 урона от Лучник. HP 17/25
[2026-05-28 21:42:40] гавсо Боец 7: 1 урона от Сильный боец. HP 58/70
[2026-05-28 21:42:40] ывол Боец 8: 9 урона от Лучник. HP 9/18
[2026-05-28 21:42:40] гавсо Боец 7: 1 урона от Сильный боец. HP 57/70
[2026-05-28 21:42:40] ывол Боец 4: 1 урона от Лучник. HP 30/70
[2026-05-28 21:42:40] гавсо Боец 11: 10 урона от Лучник. HP 5/15
[2026-05-28 21:42:40] гавсо Боец 7: 1 урона от Сильный боец. HP 69/70
[2026-05-28 21:42:40] ывол Боец 4: 1 урона от Лучник. HP 29/70
[2026-05-28 21:42:40] гавсо Боец 7: 1 урона от Сильный боец. HP 69/70
[2026-05-28 21:42:40] ывол Боец 7: 1 урона от Лучник. HP 58/70
[2026-05-28 21:42:40] гавсо Боец 7: 1 урона от Сильный боец. HP 69/70
[2026-05-28 21:42:41] ывол Боец 1: 1 урона от Лучник. HP 45/70
[2026-05-28 21:42:41] гавсо Боец 8: 9 урона от Лучник. HP 9/18
[2026-05-28 21:42:41] гавсо Боец 7: 1 урона от Сильный боец. HP 68/70
[2026-05-28 21:42:41] ывол Боец 4: 1 урона от Лучник. HP 28/70
[2026-05-28 21:42:41] гавсо Боец 7: 1 урона от Лучник. HP 67/70
[2026-05-28 21:42:41] гавсо Боец 7: 1 урона от Сильный боец. HP 66/70
[2026-05-28 21:42:41] ывол Боец 1: 1 урона от Лучник. HP 44/70
[2026-05-28 21:42:41] гавсо Боец 7: 1 урона от Сильный боец. HP 69/70
[2026-05-28 21:42:41] ывол Боец 1: 1 урона от Лучник. HP 43/70
[2026-05-28 21:42:41] гавсо Боец 7: 1 урона от Сильный боец. HP 68/70
[2026-05-28 21:42:41] ывол Боец 1: 1 урона от Лучник. HP 42/70
[2026-05-28 21:42:42] гавсо Боец 7: 1 урона от Сильный боец. HP 67/70
[2026-05-28 21:42:42] ывол Боец 1: 1 урона от Лучник. HP 41/70
[2026-05-28 21:42:42] гавсо Боец 2: 4 урона от Лучник. HP 13/25
[2026-05-28 21:42:42] гавсо Боец 7: 1 урона от Сильный боец. HP 66/70
[2026-05-28 21:42:42] ывол Боец 1: 1 урона от Лучник. HP 40/70
[2026-05-28 21:42:42] гавсо Боец 2: 4 урона от Лучник. HP 9/25
[2026-05-28 21:42:42] гавсо Боец 7: 1 урона от Сильный боец. HP 65/70
[2026-05-28 21:42:42] ывол Боец 8: 9 урона от Лучник. HP 0/18
[2026-05-28 21:42:42] ывол Боец 8 убит Лучник
[2026-05-28 21:42:42] ывол Боец 7: 1 урона от Лучник. HP 57/70
[2026-05-28 21:42:43] ывол Боец 7: 1 урона от Лучник. HP 56/70
[2026-05-28 21:42:43] ывол Боец 4: 1 урона от Лучник. HP 27/70
[2026-05-28 21:42:43] ывол Боец 7: 1 урона от Лучник. HP 55/70
[2026-05-28 21:42:43] ывол Боец 1: 1 урона от Лучник. HP 39/70
[2026-05-28 21:44:58] 56 Боец 1: 1 урона от Лучник. HP 59/60
[2026-05-28 21:44:58] 67 Боец 1: 17 урона от Сильный боец. HP 1/18
[2026-05-28 21:44:58] 67 Боец 1: 9 урона от Лучник. HP 0/18
[2026-05-28 21:44:58] 67 Боец 1 убит Лучник
[2026-05-28 21:44:58] 56 Боец 6: 4 урона от Лучник. HP 21/25
[2026-05-28 21:44:58] 56 Боец 1: 1 урона от Лучник. HP 58/60
[2026-05-28 21:44:58] 56 Боец 1: 1 урона от Лучник. HP 57/60
[2026-05-28 21:44:58] 67 Боец 2: 17 урона от Сильный боец. HP 1/18
[2026-05-28 21:44:58] 67 Боец 7: 8 урона от Лучник. HP 14/22
[2026-05-28 21:44:58] 56 Боец 2: 10 урона от Лучник. HP 5/15
[2026-05-28 21:44:58] 56 Боец 1: 1 урона от Лучник. HP 56/60
[2026-05-28 21:44:59] 56 Боец 1: 1 урона от Лучник. HP 55/60
[2026-05-28 21:44:59] 67 Боец 2: 17 урона от Сильный боец. HP 0/18
[2026-05-28 21:44:59] 67 Боец 2 убит Сильный боец
[2026-05-28 21:44:59] 67 Боец 4: 10 урона от Лучник. HP 5/15
[2026-05-28 21:44:59] 56 Боец 1: 1 урона от Лучник. HP 54/60
[2026-05-28 21:44:59] 56 Боец 1: 1 урона от Лучник. HP 53/60
[2026-05-28 21:44:59] 67 Боец 3: 17 урона от Сильный боец. HP 1/18
[2026-05-28 21:44:59] 67 Боец 11: 10 урона от Лучник. HP 5/15
[2026-05-28 21:44:59] 56 Боец 5: 8 урона от Лучник. HP 14/22
[2026-05-28 21:44:59] 56 Боец 1: 1 урона от Лучник. HP 52/60
[2026-05-28 21:44:59] 67 Боец 3: 17 урона от Сильный боец. HP 1/18
[2026-05-28 21:44:59] 67 Боец 4: 10 урона от Лучник. HP 0/15
[2026-05-28 21:44:59] 67 Боец 4 убит Лучник
[2026-05-28 21:44:59] 56 Боец 4: 4 урона от Лучник. HP 21/25
[2026-05-28 21:44:59] 56 Боец 4: 4 урона от Лучник. HP 17/25
[2026-05-28 21:44:59] 67 Боец 5: 1 урона от Сильный боец. HP 69/70
[2026-05-28 21:44:59] 67 Боец 5: 1 урона от Лучник. HP 68/70
[2026-05-28 21:44:59] 56 Боец 6: 4 урона от Лучник. HP 21/25
[2026-05-28 21:44:59] 56 Боец 5: 8 урона от Лучник. HP 6/22
[2026-05-28 21:44:59] 56 Боец 1: 1 урона от Лучник. HP 51/60
[2026-05-28 21:44:59] 67 Боец 5: 1 урона от Сильный боец. HP 67/70
[2026-05-28 21:44:59] 67 Боец 10: 4 урона от Лучник. HP 21/25
[2026-05-28 21:44:59] 67 Боец 9: 9 урона от Лучник. HP 9/18
[2026-05-28 21:44:59] 56 Боец 4: 4 урона от Лучник. HP 13/25
[2026-05-28 21:44:59] 56 Боец 3: 1 урона от Лучник. HP 69/70
[2026-05-28 21:45:05] 56 Боец 1: 1 урона от Лучник. HP 52/60
[2026-05-28 21:45:05] 67 Боец 3: 17 урона от Сильный боец. HP 1/18
[2026-05-28 21:45:05] 67 Боец 6: 4 урона от Лучник. HP 21/25
[2026-05-28 21:45:05] 67 Боец 4: 10 урона от Лучник. HP 0/15
[2026-05-28 21:45:05] 67 Боец 4 убит Лучник
[2026-05-28 21:45:05] 56 Боец 1: 1 урона от Лучник. HP 51/60
[2026-05-28 21:45:05] 56 Боец 4: 4 урона от Лучник. HP 21/25
[2026-05-28 21:45:06] 67 Боец 5: 1 урона от Сильный боец. HP 69/70
[2026-05-28 21:45:06] 67 Боец 9: 9 урона от Лучник. HP 9/18
[2026-05-28 21:45:06] 67 Боец 3: 9 урона от Лучник. HP 0/18
[2026-05-28 21:45:06] 67 Боец 3 убит Лучник
[2026-05-28 21:45:06] 56 Боец 2: 10 урона от Лучник. HP 0/15
[2026-05-28 21:45:06] 56 Боец 2 убит Лучник
[2026-05-28 21:45:06] 56 Боец 3: 1 урона от Лучник. HP 69/70
[2026-05-28 21:45:06] 67 Боец 5: 1 урона от Сильный боец. HP 67/70
[2026-05-28 21:45:06] 67 Боец 7: 8 урона от Лучник. HP 14/22
[2026-05-28 21:45:06] 67 Боец 5: 1 урона от Лучник. HP 66/70
[2026-05-28 21:45:06] 56 Боец 1: 1 урона от Лучник. HP 50/60
[2026-05-28 21:45:06] 56 Боец 3: 1 урона от Лучник. HP 69/70
[2026-05-28 21:45:06] 56 Боец 2: 10 урона от Лучник. HP 0/15
[2026-05-28 21:45:06] 56 Боец 2 убит Лучник
[2026-05-28 21:45:10] 56 Боец 1: 1 урона от Лучник. HP 52/60
[2026-05-28 21:45:10] 67 Боец 3: 17 урона от Сильный боец. HP 1/18
[2026-05-28 21:45:10] 67 Боец 5: 1 урона от Лучник. HP 69/70
[2026-05-28 21:45:10] 67 Боец 5: 1 урона от Лучник. HP 68/70
[2026-05-28 21:45:10] 56 Боец 4: 4 урона от Лучник. HP 21/25
[2026-05-28 21:45:10] 56 Боец 5: 8 урона от Лучник. HP 6/22
[2026-05-28 21:45:10] 56 Боец 1: 1 урона от Лучник. HP 51/60
[2026-05-28 21:45:10] 67 Боец 3: 17 урона от Сильный боец. HP 0/18
[2026-05-28 21:45:10] 67 Боец 3 убит Сильный боец
[2026-05-28 21:45:10] 67 Боец 6: 4 урона от Лучник. HP 21/25
[2026-05-28 21:45:10] 67 Боец 9: 9 урона от Лучник. HP 9/18
[2026-05-28 21:45:10] 56 Боец 4: 4 урона от Лучник. HP 17/25
[2026-05-28 21:45:10] 56 Боец 5: 8 урона от Лучник. HP 14/22
[2026-05-28 21:45:11] 56 Боец 1: 1 урона от Лекарь. HP 50/60
[2026-05-28 21:45:11] 67 Боец 4: 18 урона от Сильный боец. HP 0/15
[2026-05-28 21:45:11] 67 Боец 4 убит Сильный боец
[2026-05-28 21:45:11] 67 Боец 7: 8 урона от Лучник. HP 14/22
[2026-05-28 21:45:11] 67 Боец 5: 1 урона от Лучник. HP 69/70
[2026-05-28 21:45:11] 56 Боец 6: 4 урона от Лучник. HP 21/25
[2026-05-28 21:45:11] 56 Боец 3: 1 урона от Лучник. HP 69/70
[2026-05-28 21:45:11] 67 Боец 5: 1 урона от Сильный боец. HP 69/70
[2026-05-28 21:45:11] 67 Боец 6: 4 урона от Лучник. HP 17/25
[2026-05-28 21:45:11] 67 Боец 12: 10 урона от Лучник. HP 5/15
[2026-05-28 21:45:11] 56 Боец 9: 10 урона от Лучник. HP 5/15
[2026-05-28 21:45:11] 56 Боец 7: 1 урона от Лучник. HP 69/70
[2026-05-28 21:45:11] 67 Боец 5: 1 урона от Сильный боец. HP 68/70
[2026-05-28 21:45:11] 67 Боец 5: 1 урона от Лучник. HP 67/70
[2026-05-28 21:45:11] 67 Боец 5: 1 урона от Лучник. HP 66/70
[2026-05-28 21:45:11] 56 Боец 1: 1 урона от Лучник. HP 49/60
[2026-05-28 21:45:11] 56 Боец 6: 4 урона от Лучник. HP 17/25
[2026-05-28 21:45:12] 67 Боец 5: 1 урона от Сильный боец. HP 65/70
[2026-05-28 21:45:12] 67 Боец 5: 1 урона от Лучник. HP 64/70
[2026-05-28 21:45:12] 67 Боец 6: 4 урона от Лучник. HP 21/25
[2026-05-28 21:45:12] 56 Боец 9: 10 урона от Лучник. HP 0/15
[2026-05-28 21:45:12] 56 Боец 9 убит Лучник
[2026-05-28 21:45:12] 56 Боец 1: 1 урона от Лучник. HP 48/60
[2026-05-28 21:45:16] 67 Боец 5: 1 урона от Сильный боец. HP 63/70
[2026-05-28 21:45:16] 56 Боец 2: 8 урона от Слабый боец. HP 0/15
[2026-05-28 21:45:16] 56 Боец 2 убит Слабый боец
[2026-05-28 21:45:16] 67 Боец 6: 2 урона от Слабый боец. HP 19/25
[2026-05-28 21:45:16] 56 Боец 3: 1 урона от Маг. HP 68/70
[2026-05-28 21:45:16] 67 Боец 6: 4 урона от Лучник. HP 15/25
[2026-05-28 21:45:16] 67 Боец 5: 1 урона от Лучник. HP 62/70
[2026-05-28 21:45:16] 56 Боец 1: 1 урона от Лучник. HP 47/60
[2026-05-28 21:45:16] 56 Боец 1: 1 урона от Лучник. HP 46/60
[2026-05-28 21:45:16] 67 Боец 6: 4 урона от Лучник. HP 21/25
[2026-05-28 21:45:16] 67 Боец 8: 10 урона от Лучник. HP 5/15
[2026-05-28 21:45:16] 56 Боец 3: 1 урона от Лучник. HP 67/70
[2026-05-28 21:45:16] 56 Боец 8: 4 урона от Лучник. HP 21/25
[2026-05-28 21:45:17] 67 Боец 5: 1 урона от Сильный боец. HP 61/70
[2026-05-28 21:45:17] 67 Боец 6: 2 урона от Слабый боец. HP 19/25
[2026-05-28 21:45:17] 56 Боец 3: 1 урона от Маг. HP 66/70
[2026-05-28 21:45:17] 67 Боец 7: 8 урона от Лучник. HP 6/22
[2026-05-28 21:45:17] 67 Боец 6: 4 урона от Лучник. HP 15/25
[2026-05-28 21:45:17] 67 Боец 10: 4 урона от Лучник. HP 21/25
[2026-05-28 21:45:17] 67 Боец 7: 8 урона от Лучник. HP 0/22
[2026-05-28 21:45:17] 67 Боец 7 убит Лучник
[2026-05-28 21:45:17] 67 Боец 6: 4 урона от Лучник. HP 11/25
[2026-05-28 21:45:17] 56 Боец 8: 4 урона от Лучник. HP 17/25
[2026-05-28 21:45:17] 56 Боец 1: 1 урона от Лучник. HP 45/60
[2026-05-28 21:45:17] 67 Боец 5: 1 урона от Сильный боец. HP 69/70
[2026-05-28 21:45:17] 67 Боец 6: 2 урона от Слабый боец. HP 9/25
[2026-05-28 21:45:17] 56 Боец 3: 1 урона от Лекарь. HP 65/70
[2026-05-28 21:45:17] 67 Боец 12: 10 урона от Лучник. HP 5/15
[2026-05-28 21:45:17] 67 Боец 9: 9 урона от Лучник. HP 9/18
[2026-05-28 21:45:17] 67 Боец 8: 10 урона от Лучник. HP 0/15
[2026-05-28 21:45:17] 67 Боец 8 убит Лучник
[2026-05-28 21:45:17] 56 Боец 1: 1 урона от Лучник. HP 44/60
[2026-05-28 21:45:17] 67 Боец 6: 4 урона от Лучник. HP 21/25
[2026-05-28 21:45:17] 67 Боец 5: 1 урона от Лучник. HP 68/70
[2026-05-28 21:45:17] 67 Боец 5: 1 урона от Лучник. HP 67/70
[2026-05-28 21:45:17] 67 Боец 5: 1 урона от Сильный боец. HP 69/70
[2026-05-28 21:45:17] 67 Боец 6: 2 урона от Слабый боец. HP 19/25
[2026-05-28 21:45:17] 56 Боец 3: 1 урона от Лучник. HP 64/70
[2026-05-28 21:45:17] 67 Боец 10: 4 урона от Лучник. HP 17/25
[2026-05-28 21:45:17] 67 Боец 6: 4 урона от Лучник. HP 15/25
[2026-05-28 21:45:17] 67 Боец 11: 10 урона от Лучник. HP 5/15
[2026-05-28 21:45:17] 67 Боец 6: 4 урона от Лучник. HP 21/25
[2026-05-28 21:45:17] 67 Боец 11: 10 урона от Лучник. HP 0/15
[2026-05-28 21:45:17] 67 Боец 11 убит Лучник
[2026-05-28 21:45:17] 56 Боец 4: 4 урона от Лучник. HP 21/25
[2026-05-28 21:45:17] 67 Боец 5: 1 урона от Сильный боец. HP 68/70
[2026-05-28 21:45:17] 67 Боец 6: 2 урона от Слабый боец. HP 19/25
[2026-05-28 21:45:17] 56 Боец 3: 1 урона от Лучник. HP 63/70
[2026-05-28 21:45:17] 67 Боец 10: 4 урона от Лучник. HP 13/25
[2026-05-28 21:45:17] 67 Боец 10: 4 урона от Лучник. HP 9/25
[2026-05-28 21:45:17] 56 Боец 6: 4 урона от Лучник. HP 21/25
[2026-05-28 21:45:17] 67 Боец 5: 1 урона от Лучник. HP 67/70
[2026-05-28 21:45:17] 67 Боец 10: 4 урона от Лучник. HP 5/25
[2026-05-28 21:45:17] 56 Боец 1: 1 урона от Лучник. HP 43/60
[2026-05-28 21:45:18] 67 Боец 5: 1 урона от Сильный боец. HP 66/70
[2026-05-28 21:45:18] 67 Боец 6: 2 урона от Слабый боец. HP 17/25
[2026-05-28 21:45:18] 56 Боец 3: 1 урона от Лучник. HP 62/70
[2026-05-28 21:45:18] 67 Боец 5: 1 урона от Лучник. HP 65/70
[2026-05-28 21:45:18] 67 Боец 5: 1 урона от Лучник. HP 64/70
[2026-05-28 21:45:18] 56 Боец 1: 1 урона от Лучник. HP 42/60
[2026-05-28 21:45:18] 67 Боец 5: 1 урона от Лучник. HP 63/70
[2026-05-28 21:45:18] 67 Боец 5: 1 урона от Лучник. HP 62/70
[2026-05-28 21:45:18] 67 Боец 5: 1 урона от Сильный боец. HP 61/70
[2026-05-28 21:45:18] 67 Боец 6: 2 урона от Слабый боец. HP 15/25
[2026-05-28 21:45:18] 56 Боец 3: 1 урона от Лучник. HP 61/70
[2026-05-28 21:45:18] 67 Боец 10: 4 урона от Лучник. HP 21/25
[2026-05-28 21:45:18] 67 Боец 9: 9 урона от Лучник. HP 9/18
[2026-05-28 21:45:18] 67 Боец 6: 4 урона от Лучник. HP 11/25
[2026-05-28 21:45:18] 67 Боец 5: 1 урона от Лучник. HP 60/70
[2026-05-28 21:45:19] 67 Боец 5: 1 урона от Сильный боец. HP 59/70
[2026-05-28 21:45:19] 67 Боец 6: 2 урона от Слабый боец. HP 9/25
[2026-05-28 21:45:19] 56 Боец 3: 1 урона от Лучник. HP 60/70
[2026-05-28 21:45:19] 67 Боец 9: 9 урона от Лучник. HP 0/18
[2026-05-28 21:45:19] 67 Боец 9 убит Лучник
[2026-05-28 21:45:19] 67 Боец 6: 4 урона от Лучник. HP 5/25
[2026-05-28 21:45:19] 67 Боец 10: 4 урона от Лучник. HP 17/25
[2026-05-28 21:45:19] 67 Боец 6: 4 урона от Лучник. HP 21/25
[2026-05-28 21:45:19] 56 Боец 3: 1 урона от Лучник. HP 59/70
[2026-05-28 21:45:19] 67 Боец 5: 1 урона от Сильный боец. HP 58/70
[2026-05-28 21:45:19] 67 Боец 6: 2 урона от Слабый боец. HP 19/25
[2026-05-28 21:45:19] 56 Боец 3: 1 урона от Слабый боец. HP 58/70
[2026-05-28 21:45:19] 67 Боец 10: 4 урона от Лучник. HP 13/25
[2026-05-28 21:45:19] 67 Боец 6: 4 урона от Лучник. HP 15/25
[2026-05-28 21:45:19] 67 Боец 6: 4 урона от Лучник. HP 21/25
[2026-05-28 21:45:19] 67 Боец 6: 4 урона от Лучник. HP 17/25
[2026-05-28 21:45:19] 56 Боец 1: 1 урона от Лучник. HP 41/60
[2026-05-28 21:45:20] 67 Боец 5: 1 урона от Сильный боец. HP 69/70
[2026-05-28 21:45:20] 67 Боец 6: 2 урона от Слабый боец. HP 15/25
[2026-05-28 21:45:20] 56 Боец 3: 1 урона от Слабый боец. HP 57/70
[2026-05-28 21:45:20] 67 Боец 5: 1 урона от Лучник. HP 68/70
[2026-05-28 21:45:20] 67 Боец 6: 4 урона от Лучник. HP 11/25
[2026-05-28 21:45:20] 67 Боец 5: 1 урона от Лучник. HP 67/70
[2026-05-28 21:45:20] 67 Боец 5: 1 урона от Лучник. HP 66/70
[2026-05-28 21:45:20] 67 Боец 5: 1 урона от Сильный боец. HP 65/70
[2026-05-28 21:45:20] 67 Боец 6: 2 урона от Слабый боец. HP 9/25
[2026-05-28 21:45:20] 56 Боец 3: 1 урона от Слабый боец. HP 56/70
[2026-05-28 21:45:20] 67 Боец 5: 1 урона от Лучник. HP 64/70
[2026-05-28 21:45:20] 67 Боец 6: 4 урона от Лучник. HP 5/25
[2026-05-28 21:45:20] 67 Боец 10: 4 урона от Лучник. HP 9/25
[2026-05-28 21:45:20] 67 Боец 12: 10 урона от Лучник. HP 5/15
[2026-05-28 21:45:20] 56 Боец 1: 1 урона от Лучник. HP 40/60
[2026-05-28 21:45:20] 67 Боец 5: 1 урона от Сильный боец. HP 63/70
[2026-05-28 21:45:20] 67 Боец 6: 2 урона от Слабый боец. HP 3/25
[2026-05-28 21:45:20] 56 Боец 3: 1 урона от Слабый боец. HP 55/70
[2026-05-28 21:45:20] 67 Боец 5: 1 урона от Лучник. HP 62/70
[2026-05-28 21:45:20] 67 Боец 5: 1 урона от Лучник. HP 61/70
[2026-05-28 21:45:20] 56 Боец 4: 4 урона от Лучник. HP 17/25
[2026-05-28 21:45:20] 67 Боец 6: 4 урона от Лучник. HP 0/25
[2026-05-28 21:45:20] 67 Боец 6 убит Лучник
[2026-05-28 21:45:20] 67 Боец 5: 1 урона от Лучник. HP 60/70
[2026-05-28 21:45:20] 67 Боец 5: 1 урона от Сильный боец. HP 59/70
[2026-05-28 21:45:20] 67 Боец 12: 8 урона от Слабый боец. HP 0/15
[2026-05-28 21:45:20] 67 Боец 12 убит Слабый боец
[2026-05-28 21:45:20] 56 Боец 3: 1 урона от Слабый боец. HP 54/70
[2026-05-28 21:45:20] 67 Боец 10: 4 урона от Лучник. HP 5/25
[2026-05-28 21:45:20] 67 Боец 10: 4 урона от Лучник. HP 1/25
[2026-05-28 21:45:20] 56 Боец 4: 4 урона от Лучник. HP 13/25
[2026-05-28 21:45:20] 67 Боец 5: 1 урона от Лучник. HP 58/70
[2026-05-28 21:45:20] 67 Боец 10: 4 урона от Лучник. HP 0/25
[2026-05-28 21:45:20] 67 Боец 10 убит Лучник
[2026-05-28 21:45:20] 56 Боец 7: 1 урона от Лучник. HP 68/70
[2026-05-28 21:45:21] 67 Боец 5: 1 урона от Сильный боец. HP 57/70
[2026-05-28 21:45:21] 67 Боец 5: 1 урона от Лучник. HP 56/70
[2026-05-28 21:45:21] 67 Боец 5: 1 урона от Лучник. HP 55/70
[2026-05-28 21:45:21] 56 Боец 1: 1 урона от Лучник. HP 39/60
[2026-05-28 21:45:21] 67 Боец 5: 1 урона от Лучник. HP 54/70
[2026-05-28 21:45:21] 67 Боец 5: 1 урона от Лучник. HP 53/70
[2026-05-28 21:45:21] 67 Боец 5: 1 урона от Сильный боец. HP 52/70
[2026-05-28 21:45:21] 67 Боец 5: 1 урона от Лучник. HP 51/70
[2026-05-28 21:45:21] 67 Боец 5: 1 урона от Лучник. HP 50/70
[2026-05-28 21:45:21] 56 Боец 3: 1 урона от Лучник. HP 53/70
[2026-05-28 21:45:21] 67 Боец 5: 1 урона от Лучник. HP 49/70
[2026-05-28 21:45:21] 67 Боец 5: 1 урона от Лучник. HP 48/70
[2026-05-28 21:45:21] 56 Боец 3: 1 урона от Лучник. HP 52/70
[2026-05-28 21:45:21] 67 Боец 5: 1 урона от Сильный боец. HP 47/70
[2026-05-28 21:45:21] 67 Боец 5: 1 урона от Лучник. HP 46/70
[2026-05-28 21:45:21] 67 Боец 5: 1 урона от Лучник. HP 45/70
[2026-05-28 21:45:21] 67 Боец 5: 1 урона от Лучник. HP 44/70
[2026-05-28 21:45:21] 67 Боец 5: 1 урона от Лучник. HP 43/70
[2026-05-28 21:45:21] 67 Боец 5: 1 урона от Сильный боец. HP 42/70
[2026-05-28 21:45:21] 67 Боец 5: 1 урона от Лучник. HP 41/70
[2026-05-28 21:45:21] 67 Боец 5: 1 урона от Лучник. HP 40/70
[2026-05-28 21:45:21] 67 Боец 5: 1 урона от Лучник. HP 39/70
[2026-05-28 21:45:21] 67 Боец 5: 1 урона от Лучник. HP 38/70
[2026-05-28 21:45:21] 67 Боец 5: 1 урона от Сильный боец. HP 37/70
[2026-05-28 21:45:22] 67 Боец 5: 1 урона от Лучник. HP 36/70
[2026-05-28 21:45:22] 67 Боец 5: 1 урона от Лучник. HP 35/70
[2026-05-28 21:45:22] 56 Боец 1: 1 урона от Лучник. HP 38/60
[2026-05-28 21:45:22] 67 Боец 5: 1 урона от Лучник. HP 34/70
[2026-05-28 21:45:22] 67 Боец 5: 1 урона от Лучник. HP 33/70
[2026-05-28 21:45:22] 67 Боец 5: 1 урона от Сильный боец. HP 32/70
[2026-05-28 21:45:22] 67 Боец 5: 1 урона от Лучник. HP 31/70
[2026-05-28 21:45:22] 67 Боец 5: 1 урона от Лучник. HP 30/70
[2026-05-28 21:45:22] 67 Боец 5: 1 урона от Лучник. HP 29/70
[2026-05-28 21:45:22] 67 Боец 5: 1 урона от Лучник. HP 28/70
[2026-05-28 21:45:22] 56 Боец 4: 4 урона от Лучник. HP 9/25
[2026-05-28 21:45:22] 67 Боец 5: 1 урона от Сильный боец. HP 27/70
[2026-05-28 21:45:22] 67 Боец 5: 1 урона от Лучник. HP 26/70
[2026-05-28 21:45:22] 67 Боец 5: 1 урона от Лучник. HP 25/70
[2026-05-28 21:45:22] 67 Боец 5: 1 урона от Лучник. HP 24/70
[2026-05-28 21:45:22] 67 Боец 5: 1 урона от Лучник. HP 23/70
[2026-05-28 21:45:22] 67 Боец 5: 1 урона от Сильный боец. HP 22/70
[2026-05-28 21:45:22] 67 Боец 5: 1 урона от Лучник. HP 21/70
[2026-05-28 21:45:22] 67 Боец 5: 1 урона от Лучник. HP 20/70
[2026-05-28 21:45:22] 67 Боец 5: 1 урона от Лучник. HP 19/70
[2026-05-28 21:45:22] 67 Боец 5: 1 урона от Лучник. HP 18/70
[2026-05-28 21:45:22] 67 Боец 5: 1 урона от Сильный боец. HP 17/70
[2026-05-28 21:45:22] 67 Боец 5: 1 урона от Лучник. HP 16/70
[2026-05-28 21:45:22] 67 Боец 5: 1 урона от Лучник. HP 15/70
[2026-05-28 21:45:22] 67 Боец 5: 1 урона от Лучник. HP 14/70
[2026-05-28 21:45:22] 67 Боец 5: 1 урона от Лучник. HP 13/70
[2026-05-28 21:45:22] 56 Боец 1: 1 урона от Лучник. HP 37/60
[2026-05-28 21:45:23] 67 Боец 5: 1 урона от Сильный боец. HP 12/70
[2026-05-28 21:45:23] 67 Боец 5: 1 урона от Лучник. HP 11/70
[2026-05-28 21:45:23] 67 Боец 5: 1 урона от Лучник. HP 10/70
[2026-05-28 21:45:23] 67 Боец 5: 1 урона от Лучник. HP 9/70
[2026-05-28 21:45:23] 67 Боец 5: 1 урона от Лучник. HP 8/70
[2026-05-28 21:45:23] 67 Боец 5: 1 урона от Сильный боец. HP 7/70
[2026-05-28 21:45:23] 67 Боец 5: 1 урона от Лучник. HP 6/70
[2026-05-28 21:45:23] 67 Боец 5: 1 урона от Лучник. HP 5/70
[2026-05-28 21:45:23] 67 Боец 5: 1 урона от Лучник. HP 4/70
[2026-05-28 21:45:23] 67 Боец 5: 1 урона от Лучник. HP 3/70
[2026-05-28 21:45:23] 56 Боец 3: 1 урона от Лучник. HP 51/70
[2026-05-28 21:45:23] 67 Боец 5: 1 урона от Сильный боец. HP 2/70
[2026-05-28 21:45:23] 67 Боец 5: 1 урона от Лучник. HP 1/70
[2026-05-28 21:45:23] 67 Боец 5: 1 урона от Лучник. HP 0/70
[2026-05-28 21:45:23] 67 Боец 5 убит Лучник
[2026-05-28 21:45:23] 56 Боец 3: 1 урона от Лучник. HP 50/70
[2026-05-28 21:45:43] 67 Боец 5: 1 урона от Слабый боец. HP 59/70
[2026-05-28 21:45:43] 67 Боец 6: 2 урона от Слабый боец. HP 9/25
[2026-05-28 21:45:43] 67 Боец 9: 17 урона от Сильный боец. HP 0/18
[2026-05-28 21:45:43] 67 Боец 9 убит Сильный боец
[2026-05-28 21:45:43] 56 Боец 1: 1 урона от Слабый боец. HP 41/60
[2026-05-28 21:45:43] 67 Боец 5: 1 урона от Лучник. HP 58/70
[2026-05-28 21:45:43] 67 Боец 5: 1 урона от Лучник. HP 57/70
[2026-05-28 21:45:43] 67 Боец 6: 4 урона от Лучник. HP 5/25
[2026-05-28 21:45:43] 67 Боец 12: 10 урона от Лучник. HP 5/15
[2026-05-28 21:45:44] 67 Боец 5: 1 урона от Слабый боец. HP 56/70
[2026-05-28 21:45:44] 67 Боец 6: 2 урона от Слабый боец. HP 3/25
[2026-05-28 21:45:44] 67 Боец 10: 12 урона от Сильный боец. HP 13/25
[2026-05-28 21:45:44] 56 Боец 1: 1 урона от Слабый боец. HP 40/60
[2026-05-28 21:45:44] 67 Боец 5: 1 урона от Лучник. HP 55/70
[2026-05-28 21:45:44] 67 Боец 10: 4 урона от Лучник. HP 9/25
[2026-05-28 21:45:44] 67 Боец 5: 1 урона от Лучник. HP 54/70
[2026-05-28 21:45:44] 67 Боец 12: 10 урона от Лучник. HP 0/15
[2026-05-28 21:45:44] 67 Боец 12 убит Лучник
[2026-05-28 21:45:44] 56 Боец 1: 1 урона от Лучник. HP 39/60
[2026-05-28 21:45:46] 67 Боец 5: 1 урона от Слабый боец. HP 53/70
[2026-05-28 21:45:46] 56 Боец 3: 1 урона от Слабый боец. HP 60/70
[2026-05-28 21:45:46] 67 Боец 10: 12 урона от Сильный боец. HP 0/25
[2026-05-28 21:45:46] 67 Боец 10 убит Сильный боец
[2026-05-28 21:45:46] 67 Боец 5: 1 урона от Лучник. HP 52/70
[2026-05-28 21:45:46] 67 Боец 6: 4 урона от Лучник. HP 0/25
[2026-05-28 21:45:46] 67 Боец 6 убит Лучник
[2026-05-28 21:45:46] 67 Боец 5: 1 урона от Лучник. HP 51/70
[2026-05-28 21:45:46] 67 Боец 5: 1 урона от Лучник. HP 50/70
[2026-05-28 21:45:47] 67 Боец 5: 1 урона от Слабый боец. HP 49/70
[2026-05-28 21:45:47] 67 Боец 5: 1 урона от Лучник. HP 48/70
[2026-05-28 21:45:47] 67 Боец 5: 1 урона от Лучник. HP 47/70
[2026-05-28 21:45:47] 56 Боец 3: 1 урона от Лучник. HP 59/70
[2026-05-28 21:45:47] 67 Боец 5: 1 урона от Лучник. HP 46/70
[2026-05-28 21:45:47] 67 Боец 5: 1 урона от Лучник. HP 45/70
[2026-05-28 21:45:47] 56 Боец 3: 1 урона от Лучник. HP 58/70
[2026-05-28 21:45:47] 67 Боец 5: 1 урона от Слабый боец. HP 44/70
[2026-05-28 21:45:47] 67 Боец 5: 1 урона от Лучник. HP 43/70
[2026-05-28 21:45:47] 67 Боец 5: 1 урона от Лучник. HP 42/70
[2026-05-28 21:45:47] 67 Боец 5: 1 урона от Лучник. HP 41/70
[2026-05-28 21:45:47] 67 Боец 5: 1 урона от Лучник. HP 40/70
[2026-05-28 21:45:47] 56 Боец 8: 4 урона от Лучник. HP 13/25
[2026-05-28 21:45:47] 67 Боец 5: 1 урона от Слабый боец. HP 39/70
[2026-05-28 21:45:47] 67 Боец 5: 1 урона от Лучник. HP 38/70
[2026-05-28 21:45:47] 67 Боец 5: 1 урона от Лучник. HP 37/70
[2026-05-28 21:45:47] 67 Боец 5: 1 урона от Лучник. HP 36/70
[2026-05-28 21:45:47] 67 Боец 5: 1 урона от Лучник. HP 35/70
[2026-05-28 21:45:47] 67 Боец 5: 1 урона от Слабый боец. HP 34/70
[2026-05-28 21:45:47] 67 Боец 5: 1 урона от Лучник. HP 33/70
[2026-05-28 21:45:47] 67 Боец 5: 1 урона от Лучник. HP 32/70
[2026-05-28 21:45:47] 56 Боец 7: 1 урона от Лучник. HP 68/70
[2026-05-28 21:45:47] 67 Боец 5: 1 урона от Лучник. HP 31/70
[2026-05-28 21:45:47] 67 Боец 5: 1 урона от Лучник. HP 30/70
[2026-05-28 21:45:48] 67 Боец 5: 1 урона от Слабый боец. HP 29/70
[2026-05-28 21:45:48] 67 Боец 5: 1 урона от Лучник. HP 28/70
[2026-05-28 21:45:48] 67 Боец 5: 1 урона от Лучник. HP 27/70
[2026-05-28 21:45:48] 67 Боец 5: 1 урона от Лучник. HP 26/70
[2026-05-28 21:45:48] 67 Боец 5: 1 урона от Лучник. HP 25/70
[2026-05-28 21:45:48] 67 Боец 5: 1 урона от Лучник. HP 24/70
[2026-05-28 21:45:48] 67 Боец 5: 1 урона от Лучник. HP 23/70
[2026-05-28 21:45:48] 67 Боец 5: 1 урона от Слабый боец. HP 22/70
[2026-05-28 21:45:48] 67 Боец 5: 1 урона от Лучник. HP 21/70
[2026-05-28 21:45:48] 67 Боец 5: 1 урона от Лучник. HP 20/70
[2026-05-28 21:45:48] 67 Боец 5: 1 урона от Лучник. HP 19/70
[2026-05-28 21:45:48] 56 Боец 3: 1 урона от Лучник. HP 57/70
[2026-05-28 21:45:48] 67 Боец 5: 1 урона от Лучник. HP 18/70
[2026-05-28 21:45:48] 67 Боец 5: 1 урона от Лучник. HP 17/70
[2026-05-28 21:45:48] 67 Боец 5: 1 урона от Лучник. HP 16/70
[2026-05-28 21:45:48] 56 Боец 1: 1 урона от Лучник. HP 38/60
[2026-05-28 21:45:48] 67 Боец 5: 1 урона от Слабый боец. HP 15/70
[2026-05-28 21:45:48] 67 Боец 5: 1 урона от Лучник. HP 14/70
[2026-05-28 21:45:48] 67 Боец 5: 1 урона от Лучник. HP 13/70
[2026-05-28 21:45:48] 67 Боец 5: 1 урона от Лучник. HP 12/70
[2026-05-28 21:45:48] 56 Боец 6: 4 урона от Лучник. HP 17/25
[2026-05-28 21:45:48] 67 Боец 5: 1 урона от Лучник. HP 11/70
[2026-05-28 21:45:48] 67 Боец 5: 1 урона от Лучник. HP 10/70
[2026-05-28 21:45:48] 67 Боец 5: 1 урона от Лучник. HP 9/70
[2026-05-28 21:45:48] 67 Боец 5: 1 урона от Слабый боец. HP 8/70
[2026-05-28 21:45:48] 67 Боец 5: 1 урона от Лучник. HP 7/70
[2026-05-28 21:45:48] 67 Боец 5: 1 урона от Лучник. HP 6/70
[2026-05-28 21:45:48] 67 Боец 5: 1 урона от Лучник. HP 5/70
[2026-05-28 21:45:48] 67 Боец 5: 1 урона от Лучник. HP 4/70
[2026-05-28 21:45:48] 67 Боец 5: 1 урона от Лучник. HP 3/70
[2026-05-28 21:45:48] 67 Боец 5: 1 урона от Лучник. HP 2/70
[2026-05-28 21:45:48] 56 Боец 8: 4 урона от Лучник. HP 9/25
[2026-05-28 21:45:49] 67 Боец 5: 1 урона от Слабый боец. HP 1/70
[2026-05-28 21:45:49] 67 Боец 5: 1 урона от Лучник. HP 0/70
[2026-05-28 21:45:49] 67 Боец 5 убит Лучник
[2026-05-28 21:45:58] 67 Боец 5: 1 урона от Слабый боец. HP 69/70
[2026-05-28 21:45:58] 56 Боец 1: 1 урона от Слабый боец. HP 44/60
[2026-05-28 21:45:58] 67 Боец 6: 12 урона от Сильный боец. HP 0/25
[2026-05-28 21:45:58] 67 Боец 6 убит Сильный боец
[2026-05-28 21:45:58] 56 Боец 3: 1 урона от Лекарь. HP 65/70
[2026-05-28 21:45:58] 67 Боец 5: 1 урона от Лучник. HP 68/70
[2026-05-28 21:45:58] 67 Боец 5: 1 урона от Лучник. HP 67/70
[2026-05-28 21:45:58] 67 Боец 5: 1 урона от Лучник. HP 66/70
[2026-05-28 21:45:58] 67 Боец 9: 9 урона от Лучник. HP 9/18
[2026-05-28 21:45:58] 67 Боец 5: 1 урона от Лучник. HP 65/70
[2026-05-28 21:45:58] 67 Боец 8: 10 урона от Лучник. HP 5/15
[2026-05-28 21:45:58] 67 Боец 10: 4 урона от Лучник. HP 21/25
[2026-05-28 21:45:58] 67 Боец 10: 4 урона от Лучник. HP 17/25
[2026-05-28 21:45:58] 56 Боец 1: 1 урона от Лучник. HP 43/60
[2026-05-28 21:45:58] 67 Боец 5: 1 урона от Слабый боец. HP 64/70
[2026-05-28 21:45:58] 56 Боец 1: 1 урона от Лучник. HP 42/60
[2026-05-28 21:45:58] 67 Боец 9: 17 урона от Сильный боец. HP 0/18
[2026-05-28 21:45:58] 67 Боец 9 убит Сильный боец
[2026-05-28 21:45:58] 56 Боец 3: 1 урона от Лекарь. HP 64/70
[2026-05-28 21:45:58] 67 Боец 12: 10 урона от Лучник. HP 5/15
[2026-05-28 21:45:58] 67 Боец 5: 1 урона от Лучник. HP 63/70
[2026-05-28 21:45:58] 67 Боец 10: 4 урона от Лучник. HP 13/25
[2026-05-28 21:45:58] 67 Боец 8: 10 урона от Лучник. HP 0/15
[2026-05-28 21:45:58] 67 Боец 8 убит Лучник
[2026-05-28 21:45:58] 67 Боец 12: 10 урона от Лучник. HP 0/15
[2026-05-28 21:45:58] 67 Боец 12 убит Лучник
[2026-05-28 21:45:58] 67 Боец 5: 1 урона от Лучник. HP 62/70
[2026-05-28 21:45:58] 67 Боец 11: 10 урона от Лучник. HP 5/15
[2026-05-28 21:45:58] 67 Боец 11: 10 урона от Лучник. HP 0/15
[2026-05-28 21:45:58] 67 Боец 11 убит Лучник
[2026-05-28 21:45:58] 56 Боец 10: 9 урона от Лучник. HP 9/18
[2026-05-28 21:45:59] 67 Боец 5: 1 урона от Слабый боец. HP 61/70
[2026-05-28 21:45:59] 56 Боец 1: 1 урона от Слабый боец. HP 41/60
[2026-05-28 21:45:59] 67 Боец 10: 12 урона от Сильный боец. HP 1/25
[2026-05-28 21:45:59] 67 Боец 10: 4 урона от Лучник. HP 0/25
[2026-05-28 21:45:59] 67 Боец 10 убит Лучник
[2026-05-28 21:45:59] 67 Боец 5: 1 урона от Лучник. HP 60/70
[2026-05-28 21:45:59] 67 Боец 5: 1 урона от Лучник. HP 59/70
[2026-05-28 21:45:59] 67 Боец 5: 1 урона от Лучник. HP 58/70
[2026-05-28 21:45:59] 56 Боец 4: 4 урона от Лучник. HP 21/25
[2026-05-28 21:45:59] 67 Боец 5: 1 урона от Лучник. HP 57/70
[2026-05-28 21:45:59] 67 Боец 5: 1 урона от Лучник. HP 56/70
[2026-05-28 21:45:59] 67 Боец 5: 1 урона от Лучник. HP 55/70
[2026-05-28 21:45:59] 67 Боец 5: 1 урона от Лучник. HP 54/70
[2026-05-28 21:46:00] 67 Боец 5: 1 урона от Слабый боец. HP 53/70
[2026-05-28 21:46:00] 67 Боец 5: 1 урона от Лучник. HP 52/70
[2026-05-28 21:46:00] 67 Боец 5: 1 урона от Лучник. HP 51/70
[2026-05-28 21:46:00] 67 Боец 5: 1 урона от Лучник. HP 50/70
[2026-05-28 21:46:00] 67 Боец 5: 1 урона от Лучник. HP 49/70
[2026-05-28 21:46:00] 67 Боец 5: 1 урона от Лучник. HP 48/70
[2026-05-28 21:46:00] 67 Боец 5: 1 урона от Лучник. HP 47/70
[2026-05-28 21:46:00] 67 Боец 5: 1 урона от Лучник. HP 46/70
[2026-05-28 21:46:00] 67 Боец 5: 1 урона от Лучник. HP 45/70
[2026-05-28 21:46:00] 56 Боец 4: 4 урона от Лучник. HP 17/25
[2026-05-28 21:46:00] 67 Боец 5: 1 урона от Слабый боец. HP 44/70
[2026-05-28 21:46:00] 67 Боец 5: 1 урона от Лучник. HP 43/70
[2026-05-28 21:46:00] 67 Боец 5: 1 урона от Лучник. HP 42/70
[2026-05-28 21:46:00] 67 Боец 5: 1 урона от Лучник. HP 41/70
[2026-05-28 21:46:00] 67 Боец 5: 1 урона от Лучник. HP 40/70
[2026-05-28 21:46:00] 67 Боец 5: 1 урона от Лучник. HP 39/70
[2026-05-28 21:46:00] 67 Боец 5: 1 урона от Лучник. HP 38/70
[2026-05-28 21:46:00] 67 Боец 5: 1 урона от Лучник. HP 37/70
[2026-05-28 21:46:00] 67 Боец 5: 1 урона от Лучник. HP 36/70
[2026-05-28 21:46:00] 67 Боец 5: 1 урона от Слабый боец. HP 35/70
[2026-05-28 21:46:00] 67 Боец 5: 1 урона от Лучник. HP 34/70
[2026-05-28 21:46:00] 67 Боец 5: 1 урона от Лучник. HP 33/70
[2026-05-28 21:46:00] 67 Боец 5: 1 урона от Лучник. HP 32/70
[2026-05-28 21:46:00] 67 Боец 5: 1 урона от Лучник. HP 31/70
[2026-05-28 21:46:00] 67 Боец 5: 1 урона от Лучник. HP 30/70
[2026-05-28 21:46:00] 67 Боец 5: 1 урона от Лучник. HP 29/70
[2026-05-28 21:46:00] 67 Боец 5: 1 урона от Лучник. HP 28/70
[2026-05-28 21:46:00] 67 Боец 5: 1 урона от Лучник. HP 27/70
[2026-05-28 21:46:01] 67 Боец 5: 1 урона от Слабый боец. HP 26/70
[2026-05-28 21:46:01] 67 Боец 5: 1 урона от Лучник. HP 25/70
[2026-05-28 21:46:01] 67 Боец 5: 1 урона от Лучник. HP 24/70
[2026-05-28 21:46:01] 67 Боец 5: 1 урона от Лучник. HP 23/70
[2026-05-28 21:46:01] 67 Боец 5: 1 урона от Лучник. HP 22/70
[2026-05-28 21:46:01] 56 Боец 10: 9 урона от Лучник. HP 0/18
[2026-05-28 21:46:01] 56 Боец 10 убит Лучник
[2026-05-28 21:46:01] 67 Боец 5: 1 урона от Лучник. HP 21/70
[2026-05-28 21:46:01] 67 Боец 5: 1 урона от Лучник. HP 20/70
[2026-05-28 21:46:01] 67 Боец 5: 1 урона от Лучник. HP 19/70
[2026-05-28 21:46:01] 67 Боец 5: 1 урона от Слабый боец. HP 18/70
[2026-05-28 21:46:01] 67 Боец 5: 1 урона от Лучник. HP 17/70
[2026-05-28 21:46:01] 67 Боец 5: 1 урона от Лучник. HP 16/70
[2026-05-28 21:46:01] 67 Боец 5: 1 урона от Лучник. HP 15/70
[2026-05-28 21:46:01] 67 Боец 5: 1 урона от Лучник. HP 14/70
[2026-05-28 21:46:01] 67 Боец 5: 1 урона от Лучник. HP 13/70
[2026-05-28 21:46:01] 67 Боец 5: 1 урона от Лучник. HP 12/70
[2026-05-28 21:46:01] 56 Боец 3: 1 урона от Лучник. HP 63/70
[2026-05-28 21:46:01] 67 Боец 5: 1 урона от Слабый боец. HP 11/70
[2026-05-28 21:46:01] 67 Боец 5: 1 урона от Лучник. HP 10/70
[2026-05-28 21:46:01] 67 Боец 5: 1 урона от Лучник. HP 9/70
[2026-05-28 21:46:01] 67 Боец 5: 1 урона от Лучник. HP 8/70
[2026-05-28 21:46:01] 67 Боец 5: 1 урона от Лучник. HP 7/70
[2026-05-28 21:46:01] 67 Боец 5: 1 урона от Лучник. HP 6/70
[2026-05-28 21:46:01] 67 Боец 5: 1 урона от Лучник. HP 5/70
[2026-05-28 21:46:01] 67 Боец 5: 1 урона от Слабый боец. HP 4/70
[2026-05-28 21:46:01] 67 Боец 5: 1 урона от Лучник. HP 3/70
[2026-05-28 21:46:01] 67 Боец 5: 1 урона от Лучник. HP 2/70
[2026-05-28 21:46:01] 67 Боец 5: 1 урона от Лучник. HP 1/70
[2026-05-28 21:46:01] 56 Боец 3: 1 урона от Лучник. HP 62/70
[2026-05-28 21:46:01] 67 Боец 5: 1 урона от Лучник. HP 0/70
[2026-05-28 21:46:01] 67 Боец 5 убит Лучник
[2026-05-28 21:46:06] 67 Боец 5: 1 урона от Слабый боец. HP 53/70
[2026-05-28 21:46:06] 67 Боец 5: 1 урона от Лучник. HP 52/70
[2026-05-28 21:46:06] 67 Боец 5: 1 урона от Лучник. HP 51/70
[2026-05-28 21:46:06] 67 Боец 5: 1 урона от Лучник. HP 50/70
[2026-05-28 21:46:06] 67 Боец 5: 1 урона от Лучник. HP 49/70
[2026-05-28 21:46:06] 67 Боец 5: 1 урона от Лучник. HP 48/70
[2026-05-28 21:46:06] 67 Боец 5: 1 урона от Лучник. HP 47/70
[2026-05-28 21:46:06] 67 Боец 5: 1 урона от Лучник. HP 46/70
[2026-05-28 21:46:06] 67 Боец 5: 1 урона от Лучник. HP 45/70
[2026-05-28 21:46:07] 67 Боец 5: 1 урона от Слабый боец. HP 44/70
[2026-05-28 21:46:07] 67 Боец 5: 1 урона от Лучник. HP 43/70
[2026-05-28 21:46:07] 67 Боец 5: 1 урона от Лучник. HP 42/70
[2026-05-28 21:46:07] 67 Боец 5: 1 урона от Лучник. HP 41/70
[2026-05-28 21:46:07] 67 Боец 5: 1 урона от Лучник. HP 40/70
[2026-05-28 21:46:07] 67 Боец 5: 1 урона от Лучник. HP 39/70
[2026-05-28 21:46:07] 67 Боец 5: 1 урона от Лучник. HP 38/70
[2026-05-28 21:46:07] 67 Боец 5: 1 урона от Лучник. HP 37/70
[2026-05-28 21:46:07] 67 Боец 5: 1 урона от Лучник. HP 36/70
[2026-05-28 21:46:08] 67 Боец 5: 1 урона от Слабый боец. HP 35/70
[2026-05-28 21:46:08] 67 Боец 5: 1 урона от Лучник. HP 34/70
[2026-05-28 21:46:08] 67 Боец 5: 1 урона от Лучник. HP 33/70
[2026-05-28 21:46:08] 67 Боец 5: 1 урона от Лучник. HP 32/70
[2026-05-28 21:46:08] 67 Боец 5: 1 урона от Лучник. HP 31/70
[2026-05-28 21:46:08] 56 Боец 8: 4 урона от Лучник. HP 13/25
[2026-05-28 21:46:08] 67 Боец 5: 1 урона от Лучник. HP 30/70
[2026-05-28 21:46:08] 67 Боец 5: 1 урона от Лучник. HP 29/70
[2026-05-28 21:46:08] 67 Боец 5: 1 урона от Лучник. HP 28/70
[2026-05-28 21:46:08] 67 Боец 5: 1 урона от Лучник. HP 27/70
[2026-05-28 21:46:08] 67 Боец 5: 1 урона от Слабый боец. HP 26/70
[2026-05-28 21:46:08] 67 Боец 5: 1 урона от Лучник. HP 25/70
[2026-05-28 21:46:08] 67 Боец 5: 1 урона от Лучник. HP 24/70
[2026-05-28 21:46:08] 67 Боец 5: 1 урона от Лучник. HP 23/70
[2026-05-28 21:46:08] 67 Боец 5: 1 урона от Лучник. HP 22/70
[2026-05-28 21:46:08] 67 Боец 5: 1 урона от Лучник. HP 21/70
[2026-05-28 21:46:08] 67 Боец 5: 1 урона от Лучник. HP 20/70
[2026-05-28 21:46:08] 67 Боец 5: 1 урона от Лучник. HP 19/70
[2026-05-28 21:46:08] 67 Боец 5: 1 урона от Лучник. HP 18/70
[2026-05-28 21:46:08] 67 Боец 5: 1 урона от Слабый боец. HP 17/70
[2026-05-28 21:46:08] 67 Боец 5: 1 урона от Лучник. HP 16/70
[2026-05-28 21:46:08] 67 Боец 5: 1 урона от Лучник. HP 15/70
[2026-05-28 21:46:08] 67 Боец 5: 1 урона от Лучник. HP 14/70
[2026-05-28 21:46:08] 67 Боец 5: 1 урона от Лучник. HP 13/70
[2026-05-28 21:46:08] 67 Боец 5: 1 урона от Лучник. HP 12/70
[2026-05-28 21:46:08] 67 Боец 5: 1 урона от Лучник. HP 11/70
[2026-05-28 21:46:08] 67 Боец 5: 1 урона от Лучник. HP 10/70
[2026-05-28 21:46:08] 67 Боец 5: 1 урона от Лучник. HP 9/70
[2026-05-28 21:46:08] 67 Боец 5: 1 урона от Слабый боец. HP 8/70
[2026-05-28 21:46:08] 67 Боец 5: 1 урона от Лучник. HP 7/70
[2026-05-28 21:46:08] 67 Боец 5: 1 урона от Лучник. HP 6/70
[2026-05-28 21:46:08] 67 Боец 5: 1 урона от Лучник. HP 5/70
[2026-05-28 21:46:08] 67 Боец 5: 1 урона от Лучник. HP 4/70
[2026-05-28 21:46:08] 67 Боец 5: 1 урона от Лучник. HP 3/70
[2026-05-28 21:46:08] 67 Боец 5: 1 урона от Лучник. HP 2/70
[2026-05-28 21:46:08] 67 Боец 5: 1 урона от Лучник. HP 1/70
[2026-05-28 21:46:08] 67 Боец 5: 1 урона от Лучник. HP 0/70
[2026-05-28 21:46:08] 67 Боец 5 убит Лучник
[2026-05-28 21:52:12] ап Боец 1: 1 урона от Лучник. HP 69/70
[2026-05-28 21:52:12] ап Боец 1: 1 урона от Лучник. HP 68/70
[2026-05-28 21:52:12] оп Боец 4: 1 урона от Лучник. HP 59/60
[2026-05-28 21:52:12] оп Боец 1: 9 урона от Лучник. HP 9/18
[2026-05-28 21:52:12] оп Боец 6: 10 урона от Лучник. HP 5/15
[2026-05-28 21:52:12] оп Боец 3: 10 урона от Лучник. HP 5/15
[2026-05-28 21:52:12] ап Боец 1: 1 урона от Лучник. HP 67/70
[2026-05-28 21:52:12] ап Боец 1: 1 урона от Лучник. HP 66/70
[2026-05-28 21:52:12] оп Боец 2: 9 урона от Лучник. HP 9/18
[2026-05-28 21:52:12] оп Боец 2: 9 урона от Лучник. HP 0/18
[2026-05-28 21:52:12] оп Боец 2 убит Лучник
[2026-05-28 21:52:12] оп Боец 1: 9 урона от Лучник. HP 0/18
[2026-05-28 21:52:12] оп Боец 1 убит Лучник
[2026-05-28 21:52:12] оп Боец 4: 1 урона от Лучник. HP 58/60
[2026-05-28 21:52:13] ап Боец 1: 1 урона от Сильный боец. HP 65/70
[2026-05-28 21:52:13] оп Боец 3: 10 урона от Лучник. HP 0/15
[2026-05-28 21:52:13] оп Боец 3 убит Лучник
[2026-05-28 21:52:13] оп Боец 5: 8 урона от Лучник. HP 14/22
[2026-05-28 21:52:13] оп Боец 4: 1 урона от Лучник. HP 57/60
[2026-05-28 21:52:13] оп Боец 5: 8 урона от Лучник. HP 6/22
[2026-05-28 21:52:13] ап Боец 1: 1 урона от Маг. HP 64/70
[2026-05-28 21:52:13] оп Боец 5: 8 урона от Лучник. HP 14/22
[2026-05-28 21:52:13] оп Боец 5: 8 урона от Лучник. HP 6/22
[2026-05-28 21:52:13] оп Боец 4: 1 урона от Лучник. HP 56/60
[2026-05-28 21:52:13] оп Боец 4: 1 урона от Лучник. HP 55/60
[2026-05-28 21:52:17] оп Боец 4: 1 урона от Лучник. HP 54/60
[2026-05-28 21:52:17] ап Боец 1: 1 урона от Маг. HP 63/70
[2026-05-28 21:52:17] ап Боец 2: 1 урона от Лекарь. HP 69/70
[2026-05-28 21:52:17] оп Боец 4: 1 урона от Лучник. HP 53/60
[2026-05-28 21:52:17] оп Боец 8: 1 урона от Лучник. HP 99/100
[2026-05-28 21:52:17] оп Боец 8: 1 урона от Лучник. HP 98/100
[2026-05-28 21:52:17] оп Боец 6: 10 урона от Лучник. HP 0/15
[2026-05-28 21:52:17] оп Боец 6 убит Лучник
[2026-05-28 21:52:17] оп Боец 9: 1 урона от Лучник. HP 99/100
[2026-05-28 21:52:17] оп Боец 7: 8 урона от Лучник. HP 14/22
[2026-05-28 21:52:17] оп Боец 5: 8 урона от Лучник. HP 14/22
[2026-05-28 21:52:17] оп Боец 4: 1 урона от Лучник. HP 52/60
[2026-05-28 21:52:18] оп Боец 4: 1 урона от Лучник. HP 51/60
[2026-05-28 21:52:18] ап Боец 1: 1 урона от Маг. HP 62/70
[2026-05-28 21:52:18] ап Боец 2: 1 урона от Маг. HP 68/70
[2026-05-28 21:52:18] оп Боец 5: 8 урона от Лучник. HP 6/22
[2026-05-28 21:52:18] оп Боец 5: 8 урона от Лучник. HP 0/22
[2026-05-28 21:52:18] оп Боец 5 убит Лучник
[2026-05-28 21:52:18] оп Боец 7: 8 урона от Лучник. HP 6/22
[2026-05-28 21:52:18] оп Боец 4: 1 урона от Лучник. HP 50/60
[2026-05-28 21:52:18] оп Боец 4: 1 урона от Лучник. HP 49/60
[2026-05-28 21:52:18] оп Боец 7: 8 урона от Лучник. HP 0/22
[2026-05-28 21:52:18] оп Боец 7 убит Лучник
[2026-05-28 21:52:18] оп Боец 4: 1 урона от Лучник. HP 48/60
[2026-05-28 21:52:18] оп Боец 4: 1 урона от Лучник. HP 47/60
[2026-05-28 21:52:18] оп Боец 4: 1 урона от Лучник. HP 46/60
[2026-05-28 21:52:18] оп Боец 4: 1 урона от Лучник. HP 45/60
[2026-05-28 21:52:18] оп Боец 4: 1 урона от Лучник. HP 44/60
[2026-05-28 21:52:18] оп Боец 9: 1 урона от Лучник. HP 98/100
[2026-05-28 21:52:18] ап Боец 3: 17 урона от Сильный боец. HP 1/18
[2026-05-28 21:52:18] оп Боец 4: 1 урона от Лучник. HP 43/60
[2026-05-28 21:52:18] оп Боец 4: 1 урона от Лучник. HP 42/60
[2026-05-28 21:52:18] оп Боец 4: 1 урона от Лучник. HP 41/60
[2026-05-28 21:52:18] оп Боец 4: 1 урона от Лучник. HP 40/60
[2026-05-28 21:52:18] оп Боец 4: 1 урона от Лучник. HP 39/60
[2026-05-28 21:52:18] оп Боец 4: 1 урона от Лучник. HP 38/60
[2026-05-28 21:52:18] оп Боец 9: 1 урона от Лучник. HP 97/100
[2026-05-28 21:52:18] оп Боец 8: 1 урона от Лучник. HP 97/100
[2026-05-28 21:52:18] оп Боец 4: 1 урона от Лучник. HP 37/60
[2026-05-28 21:52:18] оп Боец 4: 1 урона от Лучник. HP 36/60
[2026-05-28 21:52:18] оп Боец 4: 1 урона от Лучник. HP 35/60
[2026-05-28 21:52:18] оп Боец 8: 1 урона от Лучник. HP 96/100
[2026-05-28 21:52:18] оп Боец 4: 1 урона от Лучник. HP 34/60
[2026-05-28 21:52:18] оп Боец 8: 1 урона от Лучник. HP 95/100
[2026-05-28 21:52:18] оп Боец 8: 1 урона от Лучник. HP 94/100
[2026-05-28 21:52:18] оп Боец 8: 1 урона от Лучник. HP 93/100
[2026-05-28 21:52:18] оп Боец 8: 1 урона от Лучник. HP 92/100
[2026-05-28 21:52:18] оп Боец 8: 1 урона от Лучник. HP 91/100
[2026-05-28 21:52:18] ап Боец 3: 17 урона от Сильный боец. HP 0/18
[2026-05-28 21:52:18] ап Боец 3 убит Сильный боец
[2026-05-28 21:52:18] оп Боец 4: 1 урона от Лучник. HP 33/60
[2026-05-28 21:52:18] оп Боец 4: 1 урона от Лучник. HP 32/60
[2026-05-28 21:52:18] оп Боец 8: 1 урона от Лучник. HP 90/100
[2026-05-28 21:52:18] оп Боец 4: 1 урона от Лучник. HP 31/60
[2026-05-28 21:52:18] оп Боец 4: 1 урона от Лучник. HP 30/60
[2026-05-28 21:52:18] оп Боец 4: 1 урона от Лучник. HP 29/60
[2026-05-28 21:52:18] оп Боец 9: 1 урона от Лучник. HP 96/100
[2026-05-28 21:52:18] оп Боец 4: 1 урона от Лучник. HP 28/60
[2026-05-28 21:52:18] оп Боец 4: 1 урона от Лучник. HP 27/60
[2026-05-28 21:52:18] оп Боец 4: 1 урона от Лучник. HP 26/60
[2026-05-28 21:52:18] оп Боец 8: 1 урона от Лучник. HP 89/100
[2026-05-28 21:52:18] оп Боец 4: 1 урона от Лучник. HP 25/60
[2026-05-28 21:52:18] оп Боец 4: 1 урона от Лучник. HP 24/60
[2026-05-28 21:52:18] оп Боец 4: 1 урона от Лучник. HP 23/60
[2026-05-28 21:52:18] оп Боец 4: 1 урона от Лучник. HP 22/60
[2026-05-28 21:52:18] оп Боец 4: 1 урона от Лучник. HP 21/60
[2026-05-28 21:52:18] оп Боец 8: 1 урона от Лучник. HP 88/100
[2026-05-28 21:52:18] оп Боец 4: 1 урона от Лучник. HP 20/60
[2026-05-28 21:52:18] оп Боец 8: 1 урона от Лучник. HP 87/100
[2026-05-28 21:52:18] оп Боец 4: 1 урона от Лучник. HP 19/60
[2026-05-28 21:52:18] оп Боец 4: 1 урона от Лучник. HP 18/60
[2026-05-28 21:52:18] оп Боец 4: 1 урона от Лучник. HP 17/60
[2026-05-28 21:52:18] оп Боец 4: 1 урона от Лучник. HP 16/60
[2026-05-28 21:52:18] оп Боец 8: 1 урона от Лучник. HP 86/100
[2026-05-28 21:52:18] оп Боец 4: 1 урона от Лучник. HP 15/60
[2026-05-28 21:52:18] оп Боец 4: 1 урона от Лучник. HP 14/60
[2026-05-28 21:52:18] оп Боец 4: 1 урона от Лучник. HP 13/60
[2026-05-28 21:52:18] оп Боец 4: 1 урона от Лучник. HP 12/60
[2026-05-28 21:52:18] оп Боец 8: 1 урона от Лучник. HP 85/100
[2026-05-28 21:52:18] оп Боец 9: 1 урона от Лучник. HP 95/100
[2026-05-28 21:52:18] оп Боец 8: 1 урона от Лучник. HP 84/100
[2026-05-28 21:52:18] оп Боец 8: 1 урона от Лучник. HP 83/100
[2026-05-28 21:52:18] оп Боец 4: 1 урона от Лучник. HP 11/60
[2026-05-28 21:52:18] оп Боец 9: 1 урона от Лучник. HP 94/100
[2026-05-28 21:52:18] оп Боец 4: 1 урона от Лучник. HP 10/60
[2026-05-28 21:52:18] оп Боец 4: 1 урона от Лучник. HP 9/60
[2026-05-28 21:52:18] оп Боец 4: 1 урона от Лучник. HP 8/60
[2026-05-28 21:52:18] оп Боец 9: 1 урона от Лучник. HP 93/100
[2026-05-28 21:52:18] оп Боец 4: 1 урона от Лучник. HP 7/60
[2026-05-28 21:52:18] оп Боец 4: 1 урона от Лучник. HP 6/60
[2026-05-28 21:52:18] оп Боец 4: 1 урона от Лучник. HP 5/60
[2026-05-28 21:52:18] оп Боец 4: 1 урона от Лучник. HP 4/60
[2026-05-28 21:52:18] оп Боец 4: 1 урона от Лучник. HP 3/60
[2026-05-28 21:52:19] оп Боец 4: 1 урона от Лучник. HP 2/60
[2026-05-28 21:52:19] оп Боец 9: 1 урона от Лучник. HP 92/100
[2026-05-28 21:52:19] оп Боец 9: 1 урона от Лучник. HP 91/100
[2026-05-28 21:52:19] оп Боец 4: 1 урона от Лучник. HP 1/60
[2026-05-28 21:52:19] оп Боец 4: 1 урона от Лучник. HP 0/60
[2026-05-28 21:52:19] оп Боец 4 убит Лучник
[2026-05-28 21:52:19] оп Боец 8: 1 урона от Лучник. HP 82/100
[2026-05-28 21:52:19] оп Боец 8: 1 урона от Лучник. HP 81/100
[2026-05-28 21:52:19] оп Боец 8: 1 урона от Лучник. HP 80/100
[2026-05-28 21:52:19] оп Боец 9: 1 урона от Лучник. HP 90/100
[2026-05-28 21:52:19] оп Боец 8: 1 урона от Лучник. HP 79/100
[2026-05-28 21:52:19] оп Боец 8: 1 урона от Лучник. HP 78/100
[2026-05-28 21:52:19] оп Боец 8: 1 урона от Лучник. HP 77/100
[2026-05-28 21:52:19] оп Боец 8: 1 урона от Лучник. HP 76/100
[2026-05-28 21:52:19] оп Боец 8: 1 урона от Лучник. HP 75/100
[2026-05-28 21:52:19] оп Боец 8: 1 урона от Лучник. HP 74/100
[2026-05-28 21:52:19] оп Боец 8: 1 урона от Лучник. HP 73/100
[2026-05-28 21:52:19] оп Боец 8: 1 урона от Лучник. HP 72/100
[2026-05-28 21:52:19] оп Боец 8: 1 урона от Лучник. HP 71/100
[2026-05-28 21:52:19] оп Боец 9: 1 урона от Лучник. HP 89/100
[2026-05-28 21:52:19] оп Боец 8: 1 урона от Лучник. HP 70/100
[2026-05-28 21:52:19] оп Боец 8: 1 урона от Лучник. HP 69/100
[2026-05-28 21:52:19] оп Боец 9: 1 урона от Лучник. HP 88/100
[2026-05-28 21:52:19] оп Боец 8: 1 урона от Лучник. HP 68/100
[2026-05-28 21:52:19] оп Боец 9: 1 урона от Лучник. HP 87/100
[2026-05-28 21:52:19] оп Боец 9: 1 урона от Лучник. HP 86/100
[2026-05-28 21:52:19] оп Боец 9: 1 урона от Лучник. HP 85/100
[2026-05-28 21:52:19] оп Боец 9: 1 урона от Лучник. HP 84/100
[2026-05-28 21:52:19] оп Боец 8: 1 урона от Лучник. HP 67/100
[2026-05-28 21:52:19] оп Боец 8: 1 урона от Лучник. HP 66/100
[2026-05-28 21:52:19] оп Боец 8: 1 урона от Лучник. HP 65/100
[2026-05-28 21:52:19] оп Боец 8: 1 урона от Лучник. HP 64/100
[2026-05-28 21:52:19] оп Боец 8: 1 урона от Лучник. HP 63/100
[2026-05-28 21:52:19] оп Боец 8: 1 урона от Лучник. HP 62/100
[2026-05-28 21:52:19] оп Боец 8: 1 урона от Лучник. HP 61/100
[2026-05-28 21:52:19] оп Боец 8: 1 урона от Лучник. HP 60/100
[2026-05-28 21:52:19] оп Боец 8: 1 урона от Лучник. HP 59/100
[2026-05-28 21:52:19] оп Боец 8: 1 урона от Лучник. HP 58/100
[2026-05-28 21:52:19] оп Боец 9: 1 урона от Лучник. HP 83/100
[2026-05-28 21:52:19] оп Боец 8: 1 урона от Лучник. HP 57/100
[2026-05-28 21:52:19] оп Боец 9: 1 урона от Лучник. HP 82/100
[2026-05-28 21:52:19] оп Боец 8: 1 урона от Лучник. HP 56/100
[2026-05-28 21:52:19] оп Боец 8: 1 урона от Лучник. HP 55/100
[2026-05-28 21:52:19] оп Боец 8: 1 урона от Лучник. HP 54/100
[2026-05-28 21:52:19] оп Боец 8: 1 урона от Лучник. HP 53/100
[2026-05-28 21:52:19] оп Боец 8: 1 урона от Лучник. HP 52/100
[2026-05-28 21:52:19] оп Боец 8: 1 урона от Лучник. HP 51/100
[2026-05-28 21:52:19] оп Боец 8: 1 урона от Лучник. HP 50/100
[2026-05-28 21:52:19] оп Боец 8: 1 урона от Лучник. HP 49/100
[2026-05-28 21:52:19] оп Боец 9: 1 урона от Лучник. HP 81/100
[2026-05-28 21:52:19] оп Боец 8: 1 урона от Лучник. HP 48/100
[2026-05-28 21:52:19] оп Боец 8: 1 урона от Лучник. HP 47/100
[2026-05-28 21:52:19] оп Боец 8: 1 урона от Лучник. HP 46/100
[2026-05-28 21:52:19] оп Боец 8: 1 урона от Лучник. HP 45/100
[2026-05-28 21:52:19] оп Боец 9: 1 урона от Лучник. HP 80/100
[2026-05-28 21:52:19] оп Боец 8: 1 урона от Лучник. HP 44/100
[2026-05-28 21:52:19] оп Боец 8: 1 урона от Лучник. HP 43/100
[2026-05-28 21:52:19] оп Боец 8: 1 урона от Лучник. HP 42/100
[2026-05-28 21:52:19] оп Боец 8: 1 урона от Лучник. HP 41/100
[2026-05-28 21:52:19] оп Боец 8: 1 урона от Лучник. HP 40/100
[2026-05-28 21:52:19] оп Боец 8: 1 урона от Лучник. HP 39/100
[2026-05-28 21:52:19] оп Боец 9: 1 урона от Лучник. HP 79/100
[2026-05-28 21:52:19] оп Боец 8: 1 урона от Лучник. HP 38/100
[2026-05-28 21:52:19] оп Боец 8: 1 урона от Лучник. HP 37/100
[2026-05-28 21:52:20] оп Боец 8: 1 урона от Лучник. HP 36/100
[2026-05-28 21:52:20] оп Боец 8: 1 урона от Лучник. HP 35/100
[2026-05-28 21:52:20] оп Боец 8: 1 урона от Лучник. HP 34/100
[2026-05-28 21:52:20] оп Боец 8: 1 урона от Лучник. HP 33/100
[2026-05-28 21:52:20] оп Боец 8: 1 урона от Лучник. HP 32/100
[2026-05-28 21:52:20] оп Боец 8: 1 урона от Лучник. HP 31/100
[2026-05-28 21:52:20] оп Боец 8: 1 урона от Лучник. HP 30/100
[2026-05-28 21:52:20] оп Боец 8: 1 урона от Лучник. HP 29/100
[2026-05-28 21:52:20] оп Боец 8: 1 урона от Лучник. HP 28/100
[2026-05-28 21:52:20] оп Боец 8: 1 урона от Лучник. HP 27/100
[2026-05-28 21:52:20] оп Боец 9: 1 урона от Лучник. HP 78/100
[2026-05-28 21:52:20] оп Боец 9: 1 урона от Лучник. HP 77/100
[2026-05-28 21:52:20] оп Боец 8: 1 урона от Лучник. HP 26/100
[2026-05-28 21:52:20] оп Боец 9: 1 урона от Лучник. HP 76/100
[2026-05-28 21:52:20] оп Боец 8: 1 урона от Лучник. HP 25/100
[2026-05-28 21:52:20] оп Боец 8: 1 урона от Лучник. HP 24/100
[2026-05-28 21:52:20] оп Боец 8: 1 урона от Лучник. HP 23/100
[2026-05-28 21:52:20] оп Боец 8: 1 урона от Лучник. HP 22/100
[2026-05-28 21:52:20] оп Боец 9: 1 урона от Лучник. HP 75/100
[2026-05-28 21:52:20] оп Боец 8: 1 урона от Лучник. HP 21/100
[2026-05-28 21:52:20] оп Боец 8: 1 урона от Лучник. HP 20/100
[2026-05-28 21:52:20] оп Боец 9: 1 урона от Лучник. HP 74/100
[2026-05-28 21:52:20] оп Боец 8: 1 урона от Лучник. HP 19/100
[2026-05-28 21:52:20] оп Боец 8: 1 урона от Лучник. HP 18/100
[2026-05-28 21:52:20] оп Боец 8: 1 урона от Лучник. HP 17/100
[2026-05-28 21:52:20] оп Боец 9: 1 урона от Лучник. HP 73/100
[2026-05-28 21:52:20] оп Боец 8: 1 урона от Лучник. HP 16/100
[2026-05-28 21:52:20] оп Боец 8: 1 урона от Лучник. HP 15/100
[2026-05-28 21:52:20] оп Боец 8: 1 урона от Лучник. HP 14/100
[2026-05-28 21:52:20] оп Боец 8: 1 урона от Лучник. HP 13/100
[2026-05-28 21:52:20] оп Боец 8: 1 урона от Лучник. HP 12/100
[2026-05-28 21:52:20] оп Боец 8: 1 урона от Лучник. HP 11/100
[2026-05-28 21:52:20] оп Боец 8: 1 урона от Лучник. HP 10/100
[2026-05-28 21:52:20] оп Боец 9: 1 урона от Лучник. HP 72/100
[2026-05-28 21:52:20] оп Боец 8: 1 урона от Лучник. HP 9/100
[2026-05-28 21:52:20] оп Боец 8: 1 урона от Лучник. HP 8/100
[2026-05-28 21:52:20] оп Боец 8: 1 урона от Лучник. HP 7/100
[2026-05-28 21:52:20] оп Боец 8: 1 урона от Лучник. HP 6/100
[2026-05-28 21:52:20] оп Боец 8: 1 урона от Лучник. HP 5/100
[2026-05-28 21:52:20] оп Боец 8: 1 урона от Лучник. HP 4/100
[2026-05-28 21:52:20] оп Боец 9: 1 урона от Лучник. HP 71/100
[2026-05-28 21:52:20] оп Боец 8: 1 урона от Лучник. HP 3/100
[2026-05-28 21:52:20] оп Боец 8: 1 урона от Лучник. HP 2/100
[2026-05-28 21:52:20] оп Боец 8: 1 урона от Лучник. HP 1/100
[2026-05-28 21:52:20] оп Боец 8: 1 урона от Лучник. HP 0/100
[2026-05-28 21:52:20] оп Боец 8 убит Лучник
[2026-05-28 21:52:20] оп Боец 9: 1 урона от Лучник. HP 70/100
[2026-05-28 21:52:20] оп Боец 9: 1 урона от Лучник. HP 69/100
[2026-05-28 21:52:20] оп Боец 9: 1 урона от Лучник. HP 68/100
[2026-05-28 21:52:20] оп Боец 9: 1 урона от Лучник. HP 67/100
[2026-05-28 21:52:20] оп Боец 9: 1 урона от Лучник. HP 66/100
[2026-05-28 21:52:20] оп Боец 9: 1 урона от Лучник. HP 65/100
[2026-05-28 21:52:20] оп Боец 9: 1 урона от Лучник. HP 64/100
[2026-05-28 21:52:20] оп Боец 9: 1 урона от Лучник. HP 63/100
[2026-05-28 21:52:20] оп Боец 9: 1 урона от Лучник. HP 62/100
[2026-05-28 21:52:20] оп Боец 9: 1 урона от Лучник. HP 61/100
[2026-05-28 21:52:20] оп Боец 9: 1 урона от Лучник. HP 60/100
[2026-05-28 21:52:20] оп Боец 9: 1 урона от Лучник. HP 59/100
[2026-05-28 21:52:20] оп Боец 9: 1 урона от Лучник. HP 58/100
[2026-05-28 21:52:20] оп Боец 9: 1 урона от Лучник. HP 57/100
[2026-05-28 21:52:20] оп Боец 9: 1 урона от Лучник. HP 56/100
[2026-05-28 21:52:20] оп Боец 9: 1 урона от Лучник. HP 55/100
[2026-05-28 21:52:20] оп Боец 9: 1 урона от Лучник. HP 54/100
[2026-05-28 21:52:20] оп Боец 9: 1 урона от Лучник. HP 53/100
[2026-05-28 21:52:20] оп Боец 9: 1 урона от Лучник. HP 52/100
[2026-05-28 21:52:20] оп Боец 9: 1 урона от Лучник. HP 51/100
[2026-05-28 21:52:20] оп Боец 9: 1 урона от Лучник. HP 50/100
[2026-05-28 21:52:20] оп Боец 9: 1 урона от Лучник. HP 49/100
[2026-05-28 21:52:20] оп Боец 9: 1 урона от Лучник. HP 48/100
[2026-05-28 21:52:20] оп Боец 9: 1 урона от Лучник. HP 47/100
[2026-05-28 21:52:20] оп Боец 9: 1 урона от Лучник. HP 46/100
[2026-05-28 21:52:20] оп Боец 9: 1 урона от Лучник. HP 45/100
[2026-05-28 21:52:20] оп Боец 9: 1 урона от Лучник. HP 44/100
[2026-05-28 21:52:20] оп Боец 9: 1 урона от Лучник. HP 43/100
[2026-05-28 21:52:20] оп Боец 9: 1 урона от Лучник. HP 42/100
[2026-05-28 21:52:20] оп Боец 9: 1 урона от Лучник. HP 41/100
[2026-05-28 21:52:20] оп Боец 9: 1 урона от Лучник. HP 40/100
[2026-05-28 21:52:20] оп Боец 9: 1 урона от Лучник. HP 39/100
[2026-05-28 21:52:20] оп Боец 9: 1 урона от Лучник. HP 38/100
[2026-05-28 21:52:20] оп Боец 9: 1 урона от Лучник. HP 37/100
[2026-05-28 21:52:20] оп Боец 9: 1 урона от Лучник. HP 36/100
[2026-05-28 21:52:20] оп Боец 9: 1 урона от Лучник. HP 35/100
[2026-05-28 21:52:20] оп Боец 9: 1 урона от Лучник. HP 34/100
[2026-05-28 21:52:20] оп Боец 9: 1 урона от Лучник. HP 33/100
[2026-05-28 21:52:20] оп Боец 9: 1 урона от Лучник. HP 32/100
[2026-05-28 21:52:20] оп Боец 9: 1 урона от Лучник. HP 31/100
[2026-05-28 21:52:20] оп Боец 9: 1 урона от Лучник. HP 30/100
[2026-05-28 21:52:20] оп Боец 9: 1 урона от Лучник. HP 29/100
[2026-05-28 21:52:20] оп Боец 9: 1 урона от Лучник. HP 28/100
[2026-05-28 21:52:21] оп Боец 9: 1 урона от Лучник. HP 27/100
[2026-05-28 21:52:21] оп Боец 9: 1 урона от Лучник. HP 26/100
[2026-05-28 21:52:21] оп Боец 9: 1 урона от Лучник. HP 25/100
[2026-05-28 21:52:21] оп Боец 9: 1 урона от Лучник. HP 24/100
[2026-05-28 21:52:21] оп Боец 9: 1 урона от Лучник. HP 23/100
[2026-05-28 21:52:21] оп Боец 9: 1 урона от Лучник. HP 22/100
[2026-05-28 21:52:21] оп Боец 9: 1 урона от Лучник. HP 21/100
[2026-05-28 21:52:21] оп Боец 9: 1 урона от Лучник. HP 20/100
[2026-05-28 21:52:21] оп Боец 9: 1 урона от Лучник. HP 19/100
[2026-05-28 21:52:21] оп Боец 9: 1 урона от Лучник. HP 18/100
[2026-05-28 21:52:21] оп Боец 9: 1 урона от Лучник. HP 17/100
[2026-05-28 21:52:21] оп Боец 9: 1 урона от Лучник. HP 16/100
[2026-05-28 21:52:21] оп Боец 9: 1 урона от Лучник. HP 15/100
[2026-05-28 21:52:21] оп Боец 9: 1 урона от Лучник. HP 14/100
[2026-05-28 21:52:21] оп Боец 9: 1 урона от Лучник. HP 13/100
[2026-05-28 21:52:21] оп Боец 9: 1 урона от Лучник. HP 12/100
[2026-05-28 21:52:21] оп Боец 9: 1 урона от Лучник. HP 11/100
[2026-05-28 21:52:21] оп Боец 9: 1 урона от Лучник. HP 10/100
[2026-05-28 21:52:21] оп Боец 9: 1 урона от Лучник. HP 9/100
[2026-05-28 21:52:21] оп Боец 9: 1 урона от Лучник. HP 8/100
[2026-05-28 21:52:21] оп Боец 9: 1 урона от Лучник. HP 7/100
[2026-05-28 21:52:21] оп Боец 9: 1 урона от Лучник. HP 6/100
[2026-05-28 21:52:21] оп Боец 9: 1 урона от Лучник. HP 5/100
[2026-05-28 21:52:21] оп Боец 9: 1 урона от Лучник. HP 4/100
[2026-05-28 21:52:21] оп Боец 9: 1 урона от Лучник. HP 3/100
[2026-05-28 21:52:21] оп Боец 9: 1 урона от Лучник. HP 2/100
[2026-05-28 21:52:21] оп Боец 9: 1 урона от Лучник. HP 1/100
[2026-05-28 21:52:21] оп Боец 9: 1 урона от Лучник. HP 0/100
[2026-05-28 21:52:21] оп Боец 9 убит Лучник
[2026-05-28 21:52:27] оп Боец 4: 1 урона от Лучник. HP 54/60
[2026-05-28 21:52:27] ап Боец 1: 1 урона от Маг. HP 63/70
[2026-05-28 21:52:27] ап Боец 2: 1 урона от Лекарь. HP 69/70
[2026-05-28 21:52:27] оп Боец 4: 1 урона от Лучник. HP 53/60
[2026-05-28 21:52:27] оп Боец 4: 1 урона от Лучник. HP 52/60
[2026-05-28 21:52:27] оп Боец 6: 10 урона от Лучник. HP 0/15
[2026-05-28 21:52:27] оп Боец 6 убит Лучник
[2026-05-28 21:52:27] оп Боец 8: 1 урона от Лучник. HP 99/100
[2026-05-28 21:52:27] оп Боец 7: 8 урона от Лучник. HP 14/22
[2026-05-28 21:52:27] оп Боец 7: 8 урона от Лучник. HP 6/22
[2026-05-28 21:52:27] оп Боец 4: 1 урона от Лучник. HP 51/60
[2026-05-28 21:52:27] оп Боец 5: 8 урона от Лучник. HP 14/22
[2026-05-28 21:52:27] оп Боец 4: 1 урона от Лучник. HP 50/60
[2026-05-28 21:52:27] оп Боец 4: 1 урона от Лучник. HP 49/60
[2026-05-28 21:52:27] оп Боец 9: 1 урона от Лучник. HP 99/100
[2026-05-28 21:52:27] оп Боец 4: 1 урона от Лучник. HP 48/60
[2026-05-28 21:52:27] оп Боец 7: 8 урона от Лучник. HP 0/22
[2026-05-28 21:52:27] оп Боец 7 убит Лучник
[2026-05-28 21:52:27] оп Боец 5: 8 урона от Лучник. HP 6/22
[2026-05-28 21:52:27] оп Боец 9: 1 урона от Лучник. HP 98/100
[2026-05-28 21:52:27] оп Боец 5: 8 урона от Лучник. HP 0/22
[2026-05-28 21:52:27] оп Боец 5 убит Лучник
[2026-05-28 21:52:27] оп Боец 4: 1 урона от Лучник. HP 47/60
[2026-05-28 21:52:27] оп Боец 4: 1 урона от Лучник. HP 46/60
[2026-05-28 21:52:27] оп Боец 8: 1 урона от Лучник. HP 98/100
[2026-05-28 21:52:27] оп Боец 4: 1 урона от Лучник. HP 45/60
[2026-05-28 21:52:27] оп Боец 4: 1 урона от Лучник. HP 44/60
[2026-05-28 21:52:27] оп Боец 9: 1 урона от Лучник. HP 97/100
[2026-05-28 21:52:27] оп Боец 4: 1 урона от Лучник. HP 43/60
[2026-05-28 21:52:27] оп Боец 4: 1 урона от Лучник. HP 42/60
[2026-05-28 21:52:27] оп Боец 8: 1 урона от Лучник. HP 97/100
[2026-05-28 21:52:27] оп Боец 4: 1 урона от Лучник. HP 41/60
[2026-05-28 21:52:38] оп Боец 4: 1 урона от Лучник. HP 54/60
[2026-05-28 21:52:38] ап Боец 1: 1 урона от Маг. HP 63/70
[2026-05-28 21:52:38] ап Боец 2: 1 урона от Лекарь. HP 69/70
[2026-05-28 21:52:38] ап Боец 3: 4 урона от Маг. HP 14/18
[2026-05-28 21:52:38] оп Боец 7: 1 урона от Лучник. HP 21/22
[2026-05-28 21:52:38] оп Боец 8: 1 урона от Лучник. HP 99/100
[2026-05-28 21:52:38] оп Боец 9: 1 урона от Маг. HP 99/100
[2026-05-28 21:52:38] оп Боец 6: 10 урона от Лучник. HP 0/15
[2026-05-28 21:52:38] оп Боец 6 убит Лучник
[2026-05-28 21:52:38] оп Боец 4: 1 урона от Лучник. HP 53/60
[2026-05-28 21:52:38] оп Боец 5: 8 урона от Лучник. HP 14/22
[2026-05-28 21:52:38] оп Боец 4: 1 урона от Лучник. HP 52/60
[2026-05-28 21:52:38] оп Боец 5: 8 урона от Лучник. HP 6/22
[2026-05-28 21:52:38] оп Боец 4: 1 урона от Лучник. HP 51/60
[2026-05-28 21:52:38] оп Боец 5: 8 урона от Лучник. HP 0/22
[2026-05-28 21:52:38] оп Боец 5 убит Лучник
[2026-05-28 21:52:38] оп Боец 4: 1 урона от Лучник. HP 50/60
[2026-05-28 21:52:38] оп Боец 7: 8 урона от Лучник. HP 13/22
[2026-05-28 21:52:38] оп Боец 4: 1 урона от Лучник. HP 49/60
[2026-05-28 21:52:38] оп Боец 7: 8 урона от Лучник. HP 5/22
[2026-05-28 21:52:38] оп Боец 7: 8 урона от Лучник. HP 0/22
[2026-05-28 21:52:38] оп Боец 7 убит Лучник
[2026-05-28 21:52:38] оп Боец 4: 1 урона от Лучник. HP 48/60
[2026-05-28 21:52:38] оп Боец 4: 1 урона от Лучник. HP 47/60
[2026-05-28 21:52:38] оп Боец 4: 1 урона от Лучник. HP 46/60
[2026-05-28 21:52:38] оп Боец 4: 1 урона от Лучник. HP 45/60
[2026-05-28 21:52:38] оп Боец 4: 1 урона от Лучник. HP 44/60
[2026-05-28 21:52:38] оп Боец 4: 1 урона от Лучник. HP 43/60
[2026-05-28 21:52:38] оп Боец 9: 1 урона от Лучник. HP 98/100
[2026-05-28 21:52:38] оп Боец 4: 1 урона от Лучник. HP 42/60
[2026-05-28 21:52:38] оп Боец 4: 1 урона от Лучник. HP 41/60
[2026-05-28 21:52:38] оп Боец 4: 1 урона от Лучник. HP 40/60
[2026-05-28 21:52:38] оп Боец 8: 1 урона от Лучник. HP 98/100
[2026-05-28 21:52:38] оп Боец 4: 1 урона от Лучник. HP 39/60
[2026-05-28 21:52:39] оп Боец 8: 1 урона от Лучник. HP 97/100
[2026-05-28 21:52:39] оп Боец 9: 1 урона от Маг. HP 97/100
[2026-05-28 21:52:39] оп Боец 4: 1 урона от Лучник. HP 38/60
[2026-05-28 21:52:39] оп Боец 4: 1 урона от Лучник. HP 37/60
[2026-05-28 21:52:39] оп Боец 4: 1 урона от Лучник. HP 36/60
[2026-05-28 21:52:39] оп Боец 8: 1 урона от Лучник. HP 96/100
[2026-05-28 21:52:39] оп Боец 4: 1 урона от Лучник. HP 35/60
[2026-05-28 21:52:39] оп Боец 4: 1 урона от Лучник. HP 34/60
[2026-05-28 21:52:39] оп Боец 4: 1 урона от Лучник. HP 33/60
[2026-05-28 21:52:39] оп Боец 4: 1 урона от Лучник. HP 32/60
[2026-05-28 21:52:39] оп Боец 4: 1 урона от Лучник. HP 31/60
[2026-05-28 21:52:39] оп Боец 8: 1 урона от Лучник. HP 95/100
[2026-05-28 21:52:39] оп Боец 4: 1 урона от Лучник. HP 30/60
[2026-05-28 21:52:39] оп Боец 4: 1 урона от Лучник. HP 29/60
[2026-05-28 21:52:39] ап Боец 1: 1 урона от Сильный боец. HP 62/70
[2026-05-28 21:52:39] оп Боец 9: 1 урона от Лучник. HP 96/100
[2026-05-28 21:52:39] оп Боец 8: 1 урона от Лучник. HP 94/100
[2026-05-28 21:52:39] оп Боец 4: 1 урона от Лучник. HP 28/60
[2026-05-28 21:52:39] оп Боец 8: 1 урона от Лучник. HP 93/100
[2026-05-28 21:52:39] оп Боец 8: 1 урона от Лучник. HP 92/100
[2026-05-28 21:52:39] оп Боец 8: 1 урона от Лучник. HP 91/100
[2026-05-28 21:52:39] оп Боец 8: 1 урона от Лучник. HP 90/100
[2026-05-28 21:52:39] оп Боец 4: 1 урона от Лучник. HP 27/60
[2026-05-28 21:52:39] оп Боец 4: 1 урона от Лучник. HP 26/60
[2026-05-28 21:52:39] оп Боец 4: 1 урона от Лучник. HP 25/60
[2026-05-28 21:52:39] оп Боец 4: 1 урона от Лучник. HP 24/60
[2026-05-28 21:52:39] оп Боец 4: 1 урона от Лучник. HP 23/60
[2026-05-28 21:52:39] оп Боец 4: 1 урона от Лучник. HP 22/60
[2026-05-28 21:52:39] ап Боец 1: 1 урона от Сильный боец. HP 61/70
[2026-05-28 21:52:39] оп Боец 9: 1 урона от Лучник. HP 95/100
[2026-05-28 21:52:39] оп Боец 4: 1 урона от Лучник. HP 21/60
[2026-05-28 21:52:39] оп Боец 8: 1 урона от Лучник. HP 89/100
[2026-05-28 21:52:39] оп Боец 4: 1 урона от Лучник. HP 20/60
[2026-05-28 21:52:39] оп Боец 4: 1 урона от Лучник. HP 19/60
[2026-05-28 21:52:39] оп Боец 4: 1 урона от Лучник. HP 18/60
[2026-05-28 21:52:39] оп Боец 8: 1 урона от Лучник. HP 88/100
[2026-05-28 21:52:39] оп Боец 8: 1 урона от Лучник. HP 87/100
[2026-05-28 21:52:39] оп Боец 8: 1 урона от Лучник. HP 86/100
[2026-05-28 21:52:39] оп Боец 4: 1 урона от Лучник. HP 17/60
[2026-05-28 21:52:39] оп Боец 4: 1 урона от Лучник. HP 16/60
[2026-05-28 21:52:39] оп Боец 4: 1 урона от Лучник. HP 15/60
[2026-05-28 21:52:39] оп Боец 4: 1 урона от Лучник. HP 14/60
[2026-05-28 21:52:39] оп Боец 8: 1 урона от Лучник. HP 85/100
[2026-05-28 21:52:40] ап Боец 1: 1 урона от Сильный боец. HP 60/70
[2026-05-28 21:52:40] оп Боец 9: 1 урона от Лучник. HP 94/100
[2026-05-28 21:52:40] оп Боец 9: 1 урона от Лучник. HP 93/100
[2026-05-28 21:52:40] оп Боец 8: 1 урона от Лучник. HP 84/100
[2026-05-28 21:52:40] оп Боец 4: 1 урона от Лучник. HP 13/60
[2026-05-28 21:52:40] оп Боец 8: 1 урона от Лучник. HP 83/100
[2026-05-28 21:52:40] оп Боец 4: 1 урона от Лучник. HP 12/60
[2026-05-28 21:52:40] оп Боец 4: 1 урона от Лучник. HP 11/60
[2026-05-28 21:52:40] оп Боец 4: 1 урона от Лучник. HP 10/60
[2026-05-28 21:52:40] оп Боец 4: 1 урона от Лучник. HP 9/60
[2026-05-28 21:52:40] оп Боец 4: 1 урона от Лучник. HP 8/60
[2026-05-28 21:52:40] оп Боец 4: 1 урона от Лучник. HP 7/60
[2026-05-28 21:52:40] оп Боец 8: 1 урона от Лучник. HP 82/100
[2026-05-28 21:52:40] оп Боец 4: 1 урона от Лучник. HP 6/60
[2026-05-28 21:52:40] оп Боец 4: 1 урона от Лучник. HP 5/60
[2026-05-28 21:52:40] ап Боец 1: 1 урона от Сильный боец. HP 59/70
[2026-05-28 21:52:40] оп Боец 9: 1 урона от Лучник. HP 92/100
[2026-05-28 21:52:40] оп Боец 8: 1 урона от Лучник. HP 81/100
[2026-05-28 21:52:40] оп Боец 8: 1 урона от Лучник. HP 80/100
[2026-05-28 21:52:40] оп Боец 4: 1 урона от Лучник. HP 4/60
[2026-05-28 21:52:40] оп Боец 4: 1 урона от Лучник. HP 3/60
[2026-05-28 21:52:40] оп Боец 4: 1 урона от Лучник. HP 2/60
[2026-05-28 21:52:40] оп Боец 4: 1 урона от Лучник. HP 1/60
[2026-05-28 21:52:40] оп Боец 4: 1 урона от Лучник. HP 0/60
[2026-05-28 21:52:40] оп Боец 4 убит Лучник
[2026-05-28 21:52:40] оп Боец 8: 1 урона от Лучник. HP 79/100
[2026-05-28 21:52:40] оп Боец 9: 1 урона от Лучник. HP 91/100
[2026-05-28 21:52:40] оп Боец 9: 1 урона от Лучник. HP 90/100
[2026-05-28 21:52:40] оп Боец 8: 1 урона от Лучник. HP 78/100
[2026-05-28 21:52:40] оп Боец 8: 1 урона от Лучник. HP 77/100
[2026-05-28 21:52:40] оп Боец 8: 1 урона от Лучник. HP 76/100
[2026-05-28 21:52:40] оп Боец 9: 1 урона от Лучник. HP 89/100
[2026-05-28 21:52:40] оп Боец 9: 1 урона от Лучник. HP 88/100
[2026-05-28 21:52:40] оп Боец 8: 1 урона от Лучник. HP 75/100
[2026-05-28 21:52:40] оп Боец 8: 1 урона от Лучник. HP 74/100
[2026-05-28 21:52:40] оп Боец 8: 1 урона от Лучник. HP 73/100
[2026-05-28 21:52:40] оп Боец 8: 1 урона от Лучник. HP 72/100
[2026-05-28 21:52:40] оп Боец 9: 1 урона от Лучник. HP 87/100
[2026-05-28 21:52:40] оп Боец 9: 1 урона от Лучник. HP 86/100
[2026-05-28 21:52:40] оп Боец 8: 1 урона от Лучник. HP 71/100
[2026-05-28 21:52:40] оп Боец 9: 1 урона от Лучник. HP 85/100
[2026-05-28 21:52:40] оп Боец 8: 1 урона от Лучник. HP 70/100
[2026-05-28 21:52:40] оп Боец 8: 1 урона от Лучник. HP 69/100
[2026-05-28 21:52:40] оп Боец 8: 1 урона от Лучник. HP 68/100
[2026-05-28 21:52:40] оп Боец 8: 1 урона от Лучник. HP 67/100
[2026-05-28 21:52:40] оп Боец 8: 1 урона от Лучник. HP 66/100
[2026-05-28 21:52:40] оп Боец 9: 1 урона от Лучник. HP 84/100
[2026-05-28 21:52:40] оп Боец 8: 1 урона от Лучник. HP 65/100
[2026-05-28 21:52:40] оп Боец 8: 1 урона от Лучник. HP 64/100
[2026-05-28 21:52:40] оп Боец 9: 1 урона от Лучник. HP 83/100
[2026-05-28 21:52:40] оп Боец 8: 1 урона от Лучник. HP 63/100
[2026-05-28 21:52:40] оп Боец 9: 1 урона от Лучник. HP 82/100
[2026-05-28 21:52:40] оп Боец 8: 1 урона от Лучник. HP 62/100
[2026-05-28 21:52:40] оп Боец 9: 1 урона от Лучник. HP 81/100
[2026-05-28 21:52:40] оп Боец 9: 1 урона от Лучник. HP 80/100
[2026-05-28 21:52:40] оп Боец 8: 1 урона от Лучник. HP 61/100
[2026-05-28 21:52:40] оп Боец 8: 1 урона от Лучник. HP 60/100
[2026-05-28 21:52:40] оп Боец 9: 1 урона от Лучник. HP 79/100
[2026-05-28 21:52:40] оп Боец 8: 1 урона от Лучник. HP 59/100
[2026-05-28 21:52:41] оп Боец 8: 1 урона от Лучник. HP 58/100
[2026-05-28 21:52:41] оп Боец 8: 1 урона от Лучник. HP 57/100
[2026-05-28 21:52:41] оп Боец 8: 1 урона от Лучник. HP 56/100
[2026-05-28 21:52:41] оп Боец 8: 1 урона от Лучник. HP 55/100
[2026-05-28 21:52:41] оп Боец 8: 1 урона от Лучник. HP 54/100
[2026-05-28 21:52:41] оп Боец 8: 1 урона от Лучник. HP 53/100
[2026-05-28 21:52:41] оп Боец 8: 1 урона от Лучник. HP 52/100
[2026-05-28 21:52:41] оп Боец 9: 1 урона от Лучник. HP 78/100
[2026-05-28 21:52:41] оп Боец 8: 1 урона от Лучник. HP 51/100
[2026-05-28 21:52:41] оп Боец 8: 1 урона от Лучник. HP 50/100
[2026-05-28 21:52:41] оп Боец 8: 1 урона от Лучник. HP 49/100
[2026-05-28 21:52:41] оп Боец 8: 1 урона от Лучник. HP 48/100
[2026-05-28 21:52:41] оп Боец 8: 1 урона от Лучник. HP 47/100
[2026-05-28 21:52:41] оп Боец 8: 1 урона от Лучник. HP 46/100
[2026-05-28 21:52:41] оп Боец 8: 1 урона от Лучник. HP 45/100
[2026-05-28 21:52:41] оп Боец 8: 1 урона от Лучник. HP 44/100
[2026-05-28 21:52:41] оп Боец 8: 1 урона от Лучник. HP 43/100
[2026-05-28 21:52:41] оп Боец 8: 1 урона от Лучник. HP 42/100
[2026-05-28 21:52:41] оп Боец 8: 1 урона от Лучник. HP 41/100
[2026-05-28 21:52:41] оп Боец 9: 1 урона от Лучник. HP 77/100
[2026-05-28 21:52:41] оп Боец 8: 1 урона от Лучник. HP 40/100
[2026-05-28 21:52:41] оп Боец 8: 1 урона от Лучник. HP 39/100
[2026-05-28 21:52:41] оп Боец 8: 1 урона от Лучник. HP 38/100
[2026-05-28 21:52:41] оп Боец 8: 1 урона от Лучник. HP 37/100
[2026-05-28 21:52:41] оп Боец 9: 1 урона от Лучник. HP 76/100
[2026-05-28 21:52:41] оп Боец 8: 1 урона от Лучник. HP 36/100
[2026-05-28 21:52:41] оп Боец 8: 1 урона от Лучник. HP 35/100
[2026-05-28 21:52:41] оп Боец 8: 1 урона от Лучник. HP 34/100
[2026-05-28 21:52:41] оп Боец 8: 1 урона от Лучник. HP 33/100
[2026-05-28 21:52:41] оп Боец 8: 1 урона от Лучник. HP 32/100
[2026-05-28 21:52:41] оп Боец 9: 1 урона от Лучник. HP 75/100
[2026-05-28 21:52:41] оп Боец 8: 1 урона от Лучник. HP 31/100
[2026-05-28 21:52:41] оп Боец 9: 1 урона от Лучник. HP 74/100
[2026-05-28 21:52:41] оп Боец 9: 1 урона от Лучник. HP 73/100
[2026-05-28 21:52:41] оп Боец 8: 1 урона от Лучник. HP 30/100
[2026-05-28 21:52:41] оп Боец 9: 1 урона от Лучник. HP 72/100
[2026-05-28 21:52:41] оп Боец 9: 1 урона от Лучник. HP 71/100
[2026-05-28 21:52:41] оп Боец 8: 1 урона от Лучник. HP 29/100
[2026-05-28 21:52:41] оп Боец 8: 1 урона от Лучник. HP 28/100
[2026-05-28 21:52:41] оп Боец 9: 1 урона от Лучник. HP 70/100
[2026-05-28 21:52:41] оп Боец 8: 1 урона от Лучник. HP 27/100
[2026-05-28 21:52:41] оп Боец 8: 1 урона от Лучник. HP 26/100
[2026-05-28 21:52:41] оп Боец 8: 1 урона от Лучник. HP 25/100
[2026-05-28 21:52:41] оп Боец 9: 1 урона от Лучник. HP 69/100
[2026-05-28 21:52:41] оп Боец 9: 1 урона от Лучник. HP 68/100
[2026-05-28 21:52:41] оп Боец 9: 1 урона от Лучник. HP 67/100
[2026-05-28 21:52:41] оп Боец 9: 1 урона от Лучник. HP 66/100
[2026-05-28 21:52:41] оп Боец 8: 1 урона от Лучник. HP 24/100
[2026-05-28 21:52:41] оп Боец 9: 1 урона от Лучник. HP 65/100
[2026-05-28 21:52:41] оп Боец 8: 1 урона от Лучник. HP 23/100
[2026-05-28 21:52:41] оп Боец 8: 1 урона от Лучник. HP 22/100
[2026-05-28 21:52:41] оп Боец 9: 1 урона от Лучник. HP 64/100
[2026-05-28 21:52:41] оп Боец 8: 1 урона от Лучник. HP 21/100
[2026-05-28 21:52:41] оп Боец 8: 1 урона от Лучник. HP 20/100
[2026-05-28 21:52:41] оп Боец 8: 1 урона от Лучник. HP 19/100
[2026-05-28 21:52:41] оп Боец 9: 1 урона от Лучник. HP 63/100
[2026-05-28 21:52:42] оп Боец 8: 1 урона от Лучник. HP 18/100
[2026-05-28 21:52:42] оп Боец 8: 1 урона от Лучник. HP 17/100
[2026-05-28 21:52:42] оп Боец 8: 1 урона от Лучник. HP 16/100
[2026-05-28 21:52:42] оп Боец 9: 1 урона от Лучник. HP 62/100
[2026-05-28 21:52:42] оп Боец 8: 1 урона от Лучник. HP 15/100
[2026-05-28 21:52:42] оп Боец 8: 1 урона от Лучник. HP 14/100
[2026-05-28 21:52:42] оп Боец 9: 1 урона от Лучник. HP 61/100
[2026-05-28 21:52:42] оп Боец 8: 1 урона от Лучник. HP 13/100
[2026-05-28 21:52:42] оп Боец 8: 1 урона от Лучник. HP 12/100
[2026-05-28 21:52:42] оп Боец 9: 1 урона от Лучник. HP 60/100
[2026-05-28 21:52:42] оп Боец 8: 1 урона от Лучник. HP 11/100
[2026-05-28 21:52:42] оп Боец 8: 1 урона от Лучник. HP 10/100
[2026-05-28 21:52:42] оп Боец 9: 1 урона от Лучник. HP 59/100
[2026-05-28 21:52:42] оп Боец 8: 1 урона от Лучник. HP 9/100
[2026-05-28 21:52:42] оп Боец 8: 1 урона от Лучник. HP 8/100
[2026-05-28 21:52:42] оп Боец 8: 1 урона от Лучник. HP 7/100
[2026-05-28 21:52:42] оп Боец 8: 1 урона от Лучник. HP 6/100
[2026-05-28 21:52:42] оп Боец 8: 1 урона от Лучник. HP 5/100
[2026-05-28 21:52:42] оп Боец 9: 1 урона от Лучник. HP 58/100
[2026-05-28 21:52:42] оп Боец 8: 1 урона от Лучник. HP 4/100
[2026-05-28 21:52:42] оп Боец 8: 1 урона от Лучник. HP 3/100
[2026-05-28 21:52:42] оп Боец 8: 1 урона от Лучник. HP 2/100
[2026-05-28 21:52:42] оп Боец 8: 1 урона от Лучник. HP 1/100
[2026-05-28 21:52:42] оп Боец 8: 1 урона от Лучник. HP 0/100
[2026-05-28 21:52:42] оп Боец 8 убит Лучник
[2026-05-28 21:52:42] оп Боец 9: 1 урона от Лучник. HP 57/100
[2026-05-28 21:52:42] оп Боец 9: 1 урона от Лучник. HP 56/100
[2026-05-28 21:52:42] оп Боец 9: 1 урона от Лучник. HP 55/100
[2026-05-28 21:52:42] оп Боец 9: 1 урона от Лучник. HP 54/100
[2026-05-28 21:52:42] оп Боец 9: 1 урона от Лучник. HP 53/100
[2026-05-28 21:52:42] оп Боец 9: 1 урона от Лучник. HP 52/100
[2026-05-28 21:52:42] оп Боец 9: 1 урона от Лучник. HP 51/100
[2026-05-28 21:52:42] оп Боец 9: 1 урона от Лучник. HP 50/100
[2026-05-28 21:52:42] оп Боец 9: 1 урона от Лучник. HP 49/100
[2026-05-28 21:52:42] оп Боец 9: 1 урона от Лучник. HP 48/100
[2026-05-28 21:52:42] оп Боец 9: 1 урона от Лучник. HP 47/100
[2026-05-28 21:52:42] оп Боец 9: 1 урона от Лучник. HP 46/100
[2026-05-28 21:52:42] оп Боец 9: 1 урона от Лучник. HP 45/100
[2026-05-28 21:52:42] оп Боец 9: 1 урона от Лучник. HP 44/100
[2026-05-28 21:52:42] оп Боец 9: 1 урона от Лучник. HP 43/100
[2026-05-28 21:52:42] оп Боец 9: 1 урона от Лучник. HP 42/100
[2026-05-28 21:52:42] оп Боец 9: 1 урона от Лучник. HP 41/100
[2026-05-28 21:52:42] оп Боец 9: 1 урона от Лучник. HP 40/100
[2026-05-28 21:52:42] оп Боец 9: 1 урона от Лучник. HP 39/100
[2026-05-28 21:52:42] оп Боец 9: 1 урона от Лучник. HP 38/100
[2026-05-28 21:52:42] оп Боец 9: 1 урона от Лучник. HP 37/100
[2026-05-28 21:52:42] оп Боец 9: 1 урона от Лучник. HP 36/100
[2026-05-28 21:52:42] оп Боец 9: 1 урона от Лучник. HP 35/100
[2026-05-28 21:52:42] оп Боец 9: 1 урона от Лучник. HP 34/100
[2026-05-28 21:52:42] оп Боец 9: 1 урона от Лучник. HP 33/100
[2026-05-28 21:52:42] оп Боец 9: 1 урона от Лучник. HP 32/100
[2026-05-28 21:52:42] оп Боец 9: 1 урона от Лучник. HP 31/100
[2026-05-28 21:52:42] оп Боец 9: 1 урона от Лучник. HP 30/100
[2026-05-28 21:52:42] оп Боец 9: 1 урона от Лучник. HP 29/100
[2026-05-28 21:52:42] оп Боец 9: 1 урона от Лучник. HP 28/100
[2026-05-28 21:52:42] оп Боец 9: 1 урона от Лучник. HP 27/100
[2026-05-28 21:52:42] оп Боец 9: 1 урона от Лучник. HP 26/100
[2026-05-28 21:52:42] оп Боец 9: 1 урона от Лучник. HP 25/100
[2026-05-28 21:52:42] оп Боец 9: 1 урона от Лучник. HP 24/100
[2026-05-28 21:52:42] оп Боец 9: 1 урона от Лучник. HP 23/100
[2026-05-28 21:52:42] оп Боец 9: 1 урона от Лучник. HP 22/100
[2026-05-28 21:52:42] оп Боец 9: 1 урона от Лучник. HP 21/100
[2026-05-28 21:52:42] оп Боец 9: 1 урона от Лучник. HP 20/100
[2026-05-28 21:52:42] оп Боец 9: 1 урона от Лучник. HP 19/100
[2026-05-28 21:52:43] оп Боец 9: 1 урона от Лучник. HP 18/100
[2026-05-28 21:52:43] оп Боец 9: 1 урона от Лучник. HP 17/100
[2026-05-28 21:52:43] оп Боец 9: 1 урона от Лучник. HP 16/100
[2026-05-28 21:52:43] оп Боец 9: 1 урона от Лучник. HP 15/100
[2026-05-28 21:52:43] оп Боец 9: 1 урона от Лучник. HP 14/100
[2026-05-28 21:52:43] оп Боец 9: 1 урона от Лучник. HP 13/100
[2026-05-28 21:52:43] оп Боец 9: 1 урона от Лучник. HP 12/100
[2026-05-28 21:52:43] оп Боец 9: 1 урона от Лучник. HP 11/100
[2026-05-28 21:52:43] оп Боец 9: 1 урона от Лучник. HP 10/100
[2026-05-28 21:52:43] оп Боец 9: 1 урона от Лучник. HP 9/100
[2026-05-28 21:52:43] оп Боец 9: 1 урона от Лучник. HP 8/100
[2026-05-28 21:52:43] оп Боец 9: 1 урона от Лучник. HP 7/100
[2026-05-28 21:52:43] оп Боец 9: 1 урона от Лучник. HP 6/100
[2026-05-28 21:52:43] оп Боец 9: 1 урона от Лучник. HP 5/100
[2026-05-28 21:52:43] оп Боец 9: 1 урона от Лучник. HP 4/100
[2026-05-28 21:52:43] оп Боец 9: 1 урона от Лучник. HP 3/100
[2026-05-28 21:52:43] оп Боец 9: 1 урона от Лучник. HP 2/100
[2026-05-28 21:52:43] оп Боец 9: 1 урона от Лучник. HP 1/100
[2026-05-28 21:52:43] оп Боец 9: 1 урона от Лучник. HP 0/100
[2026-05-28 21:52:43] оп Боец 9 убит Лучник
[2026-05-28 21:52:52] оп Боец 9: 1 урона от Лучник. HP 97/100
[2026-05-28 21:52:52] оп Боец 8: 1 урона от Лучник. HP 97/100
[2026-05-28 21:52:52] оп Боец 8: 1 урона от Лучник. HP 96/100
[2026-05-28 21:52:52] оп Боец 4: 1 урона от Лучник. HP 38/60
[2026-05-28 21:52:52] оп Боец 8: 1 урона от Лучник. HP 95/100
[2026-05-28 21:52:52] оп Боец 4: 1 урона от Лучник. HP 37/60
[2026-05-28 21:52:52] оп Боец 4: 1 урона от Лучник. HP 36/60
[2026-05-28 21:52:52] оп Боец 4: 1 урона от Лучник. HP 35/60
[2026-05-28 21:52:52] оп Боец 9: 1 урона от Лучник. HP 96/100
[2026-05-28 21:52:52] оп Боец 4: 1 урона от Лучник. HP 34/60
[2026-05-28 21:52:52] оп Боец 4: 1 урона от Лучник. HP 33/60
[2026-05-28 21:52:52] оп Боец 4: 1 урона от Лучник. HP 32/60
[2026-05-28 21:52:52] оп Боец 4: 1 урона от Лучник. HP 31/60
[2026-05-28 21:52:52] оп Боец 9: 1 урона от Лучник. HP 95/100
[2026-05-28 21:52:52] оп Боец 4: 1 урона от Лучник. HP 30/60
[2026-05-28 21:52:52] оп Боец 4: 1 урона от Лучник. HP 29/60
[2026-05-28 21:52:52] оп Боец 4: 1 урона от Лучник. HP 28/60
[2026-05-28 21:52:52] оп Боец 9: 1 урона от Лучник. HP 94/100
[2026-05-28 21:52:52] ап Боец 1: 1 урона от Сильный боец. HP 62/70
[2026-05-28 21:52:52] оп Боец 9: 1 урона от Лучник. HP 93/100
[2026-05-28 21:52:52] оп Боец 4: 1 урона от Лучник. HP 27/60
[2026-05-28 21:52:52] оп Боец 4: 1 урона от Лучник. HP 26/60
[2026-05-28 21:52:52] оп Боец 4: 1 урона от Лучник. HP 25/60
[2026-05-28 21:52:52] оп Боец 4: 1 урона от Лучник. HP 24/60
[2026-05-28 21:52:52] оп Боец 8: 1 урона от Лучник. HP 94/100
[2026-05-28 21:52:52] оп Боец 4: 1 урона от Лучник. HP 23/60
[2026-05-28 21:52:52] оп Боец 8: 1 урона от Лучник. HP 93/100
[2026-05-28 21:52:52] оп Боец 4: 1 урона от Лучник. HP 22/60
[2026-05-28 21:52:52] оп Боец 4: 1 урона от Лучник. HP 21/60
[2026-05-28 21:52:52] оп Боец 4: 1 урона от Лучник. HP 20/60
[2026-05-28 21:52:52] оп Боец 4: 1 урона от Лучник. HP 19/60
[2026-05-28 21:52:52] оп Боец 8: 1 урона от Лучник. HP 92/100
[2026-05-28 21:52:52] оп Боец 8: 1 урона от Лучник. HP 91/100
[2026-05-28 21:52:52] оп Боец 4: 1 урона от Лучник. HP 18/60
[2026-05-28 21:52:52] оп Боец 8: 1 урона от Лучник. HP 90/100
[2026-05-28 21:52:52] оп Боец 9: 1 урона от Лучник. HP 92/100
[2026-05-28 21:52:52] оп Боец 4: 1 урона от Лучник. HP 17/60
[2026-05-28 21:52:53] ап Боец 1: 1 урона от Сильный боец. HP 61/70
[2026-05-28 21:52:53] оп Боец 9: 1 урона от Лучник. HP 91/100
[2026-05-28 21:52:53] оп Боец 4: 1 урона от Лучник. HP 16/60
[2026-05-28 21:52:53] оп Боец 4: 1 урона от Лучник. HP 15/60
[2026-05-28 21:52:53] оп Боец 4: 1 урона от Лучник. HP 14/60
[2026-05-28 21:52:53] оп Боец 4: 1 урона от Лучник. HP 13/60
[2026-05-28 21:52:53] оп Боец 4: 1 урона от Лучник. HP 12/60
[2026-05-28 21:52:53] оп Боец 4: 1 урона от Лучник. HP 11/60
[2026-05-28 21:52:53] оп Боец 9: 1 урона от Лучник. HP 90/100
[2026-05-28 21:52:53] оп Боец 4: 1 урона от Лучник. HP 10/60
[2026-05-28 21:52:53] оп Боец 9: 1 урона от Лучник. HP 89/100
[2026-05-28 21:52:53] оп Боец 4: 1 урона от Лучник. HP 9/60
[2026-05-28 21:52:53] оп Боец 4: 1 урона от Лучник. HP 8/60
[2026-05-28 21:52:53] оп Боец 4: 1 урона от Лучник. HP 7/60
[2026-05-28 21:52:53] оп Боец 8: 1 урона от Лучник. HP 89/100
[2026-05-28 21:52:53] оп Боец 4: 1 урона от Лучник. HP 6/60
[2026-05-28 21:52:53] оп Боец 4: 1 урона от Лучник. HP 5/60
[2026-05-28 21:52:53] оп Боец 4: 1 урона от Лучник. HP 4/60
[2026-05-28 21:52:53] оп Боец 8: 1 урона от Лучник. HP 88/100
[2026-05-28 21:52:53] оп Боец 9: 1 урона от Лучник. HP 88/100
[2026-05-28 21:52:53] ап Боец 1: 1 урона от Сильный боец. HP 60/70
[2026-05-28 21:52:53] оп Боец 9: 1 урона от Лучник. HP 87/100
[2026-05-28 21:52:53] оп Боец 4: 1 урона от Лучник. HP 3/60
[2026-05-28 21:52:53] оп Боец 9: 1 урона от Лучник. HP 86/100
[2026-05-28 21:52:53] оп Боец 8: 1 урона от Лучник. HP 87/100
[2026-05-28 21:52:53] оп Боец 4: 1 урона от Лучник. HP 2/60
[2026-05-28 21:52:53] оп Боец 4: 1 урона от Лучник. HP 1/60
[2026-05-28 21:52:53] оп Боец 4: 1 урона от Лучник. HP 0/60
[2026-05-28 21:52:53] оп Боец 4 убит Лучник
[2026-05-28 21:52:53] оп Боец 8: 1 урона от Лучник. HP 86/100
[2026-05-28 21:52:53] оп Боец 8: 1 урона от Лучник. HP 85/100
[2026-05-28 21:52:53] оп Боец 8: 1 урона от Лучник. HP 84/100
[2026-05-28 21:52:53] оп Боец 8: 1 урона от Лучник. HP 83/100
[2026-05-28 21:52:53] оп Боец 9: 1 урона от Лучник. HP 85/100
[2026-05-28 21:52:53] оп Боец 9: 1 урона от Лучник. HP 84/100
[2026-05-28 21:52:53] оп Боец 9: 1 урона от Лучник. HP 83/100
[2026-05-28 21:52:53] оп Боец 8: 1 урона от Лучник. HP 82/100
[2026-05-28 21:52:53] оп Боец 8: 1 урона от Лучник. HP 81/100
[2026-05-28 21:52:53] оп Боец 9: 1 урона от Лучник. HP 82/100
[2026-05-28 21:52:53] оп Боец 8: 1 урона от Лучник. HP 80/100
[2026-05-28 21:52:53] оп Боец 8: 1 урона от Лучник. HP 79/100
[2026-05-28 21:53:00] оп Боец 8: 1 урона от Лучник. HP 78/100
[2026-05-28 21:53:00] оп Боец 8: 1 урона от Лучник. HP 77/100
[2026-05-28 21:53:00] оп Боец 8: 1 урона от Лучник. HP 76/100
[2026-05-28 21:53:00] оп Боец 8: 1 урона от Лучник. HP 75/100
[2026-05-28 21:53:00] оп Боец 8: 1 урона от Лучник. HP 74/100
[2026-05-28 21:53:00] оп Боец 9: 1 урона от Лучник. HP 81/100
[2026-05-28 21:53:00] оп Боец 9: 1 урона от Лучник. HP 80/100
[2026-05-28 21:53:00] оп Боец 8: 1 урона от Лучник. HP 73/100
[2026-05-28 21:53:00] оп Боец 8: 1 урона от Лучник. HP 72/100
[2026-05-28 21:53:00] оп Боец 8: 1 урона от Лучник. HP 71/100
[2026-05-28 21:53:00] оп Боец 8: 1 урона от Лучник. HP 70/100
[2026-05-28 21:53:00] оп Боец 8: 1 урона от Лучник. HP 69/100
[2026-05-28 21:53:00] оп Боец 9: 1 урона от Лучник. HP 79/100
[2026-05-28 21:53:00] оп Боец 8: 1 урона от Лучник. HP 68/100
[2026-05-28 21:53:00] оп Боец 8: 1 урона от Лучник. HP 67/100
[2026-05-28 21:53:00] оп Боец 9: 1 урона от Лучник. HP 78/100
[2026-05-28 21:53:00] оп Боец 8: 1 урона от Лучник. HP 66/100
[2026-05-28 21:53:00] оп Боец 8: 1 урона от Лучник. HP 65/100
[2026-05-28 21:53:00] оп Боец 8: 1 урона от Лучник. HP 64/100
[2026-05-28 21:53:00] оп Боец 9: 1 урона от Лучник. HP 77/100
[2026-05-28 21:53:00] оп Боец 8: 1 урона от Лучник. HP 63/100
[2026-05-28 21:53:00] оп Боец 8: 1 урона от Лучник. HP 62/100
[2026-05-28 21:53:00] оп Боец 8: 1 урона от Лучник. HP 61/100
[2026-05-28 21:53:00] оп Боец 8: 1 урона от Лучник. HP 60/100
[2026-05-28 21:53:00] оп Боец 8: 1 урона от Лучник. HP 59/100
[2026-05-28 21:53:00] оп Боец 9: 1 урона от Лучник. HP 76/100
[2026-05-28 21:53:00] оп Боец 9: 1 урона от Лучник. HP 75/100
[2026-05-28 21:53:00] оп Боец 8: 1 урона от Лучник. HP 58/100
[2026-05-28 21:53:00] оп Боец 9: 1 урона от Лучник. HP 74/100
[2026-05-28 21:53:00] оп Боец 8: 1 урона от Лучник. HP 57/100
[2026-05-28 21:53:00] оп Боец 8: 1 урона от Лучник. HP 56/100
[2026-05-28 21:53:00] оп Боец 8: 1 урона от Лучник. HP 55/100
[2026-05-28 21:53:00] оп Боец 9: 1 урона от Лучник. HP 73/100
[2026-05-28 21:53:00] оп Боец 8: 1 урона от Лучник. HP 54/100
[2026-05-28 21:53:00] оп Боец 8: 1 урона от Лучник. HP 53/100
[2026-05-28 21:53:00] оп Боец 8: 1 урона от Лучник. HP 52/100
[2026-05-28 21:53:00] оп Боец 8: 1 урона от Лучник. HP 51/100
[2026-05-28 21:53:00] оп Боец 9: 1 урона от Лучник. HP 72/100
[2026-05-28 21:53:00] оп Боец 9: 1 урона от Лучник. HP 71/100
[2026-05-28 21:53:00] оп Боец 9: 1 урона от Лучник. HP 70/100
[2026-05-28 21:53:00] оп Боец 8: 1 урона от Лучник. HP 50/100
[2026-05-28 21:53:00] оп Боец 8: 1 урона от Лучник. HP 49/100
[2026-05-28 21:53:00] оп Боец 8: 1 урона от Лучник. HP 48/100
[2026-05-28 21:53:00] оп Боец 8: 1 урона от Лучник. HP 47/100
[2026-05-28 21:53:01] оп Боец 8: 1 урона от Лучник. HP 46/100
[2026-05-28 21:53:01] оп Боец 8: 1 урона от Лучник. HP 45/100
[2026-05-28 21:53:01] оп Боец 9: 1 урона от Лучник. HP 69/100
[2026-05-28 21:53:01] оп Боец 8: 1 урона от Лучник. HP 44/100
[2026-05-28 21:53:01] оп Боец 8: 1 урона от Лучник. HP 43/100
[2026-05-28 21:53:01] оп Боец 8: 1 урона от Лучник. HP 42/100
[2026-05-28 21:53:01] оп Боец 8: 1 урона от Лучник. HP 41/100
[2026-05-28 21:53:01] оп Боец 8: 1 урона от Лучник. HP 40/100
[2026-05-28 21:53:01] оп Боец 8: 1 урона от Лучник. HP 39/100
[2026-05-28 21:53:01] оп Боец 8: 1 урона от Лучник. HP 38/100
[2026-05-28 21:53:01] оп Боец 8: 1 урона от Лучник. HP 37/100
[2026-05-28 21:53:01] оп Боец 9: 1 урона от Лучник. HP 68/100
[2026-05-28 21:53:01] оп Боец 8: 1 урона от Лучник. HP 36/100
[2026-05-28 21:53:01] оп Боец 8: 1 урона от Лучник. HP 35/100
[2026-05-28 21:53:01] оп Боец 8: 1 урона от Лучник. HP 34/100
[2026-05-28 21:53:01] оп Боец 9: 1 урона от Лучник. HP 67/100
[2026-05-28 21:53:01] оп Боец 8: 1 урона от Лучник. HP 33/100
[2026-05-28 21:53:01] оп Боец 9: 1 урона от Лучник. HP 66/100
[2026-05-28 21:53:01] оп Боец 8: 1 урона от Лучник. HP 32/100
[2026-05-28 21:53:01] оп Боец 9: 1 урона от Лучник. HP 65/100
[2026-05-28 21:53:01] оп Боец 8: 1 урона от Лучник. HP 31/100
[2026-05-28 21:53:01] оп Боец 9: 1 урона от Лучник. HP 64/100
[2026-05-28 21:53:01] оп Боец 8: 1 урона от Лучник. HP 30/100
[2026-05-28 21:53:01] оп Боец 8: 1 урона от Лучник. HP 29/100
[2026-05-28 21:53:01] оп Боец 9: 1 урона от Лучник. HP 63/100
[2026-05-28 21:53:01] оп Боец 8: 1 урона от Лучник. HP 28/100
[2026-05-28 21:53:01] оп Боец 8: 1 урона от Лучник. HP 27/100
[2026-05-28 21:53:01] оп Боец 9: 1 урона от Лучник. HP 62/100
[2026-05-28 21:53:01] оп Боец 8: 1 урона от Лучник. HP 26/100
[2026-05-28 21:53:01] оп Боец 8: 1 урона от Лучник. HP 25/100
[2026-05-28 21:53:01] оп Боец 8: 1 урона от Лучник. HP 24/100
[2026-05-28 21:53:01] оп Боец 8: 1 урона от Лучник. HP 23/100
[2026-05-28 21:53:01] оп Боец 8: 1 урона от Лучник. HP 22/100
[2026-05-28 21:53:01] оп Боец 9: 1 урона от Лучник. HP 61/100
[2026-05-28 21:53:01] оп Боец 8: 1 урона от Лучник. HP 21/100
[2026-05-28 21:53:01] оп Боец 9: 1 урона от Лучник. HP 60/100
[2026-05-28 21:53:01] оп Боец 8: 1 урона от Лучник. HP 20/100
[2026-05-28 21:53:01] оп Боец 8: 1 урона от Лучник. HP 19/100
[2026-05-28 21:53:01] оп Боец 8: 1 урона от Лучник. HP 18/100
[2026-05-28 21:53:01] оп Боец 8: 1 урона от Лучник. HP 17/100
[2026-05-28 21:53:01] оп Боец 8: 1 урона от Лучник. HP 16/100
[2026-05-28 21:53:01] оп Боец 8: 1 урона от Лучник. HP 15/100
[2026-05-28 21:53:01] оп Боец 8: 1 урона от Лучник. HP 14/100
[2026-05-28 21:53:01] оп Боец 8: 1 урона от Лучник. HP 13/100
[2026-05-28 21:53:01] оп Боец 9: 1 урона от Лучник. HP 59/100
[2026-05-28 21:53:01] оп Боец 8: 1 урона от Лучник. HP 12/100
[2026-05-28 21:53:01] оп Боец 8: 1 урона от Лучник. HP 11/100
[2026-05-28 21:53:01] оп Боец 8: 1 урона от Лучник. HP 10/100
[2026-05-28 21:53:01] оп Боец 8: 1 урона от Лучник. HP 9/100
[2026-05-28 21:53:01] оп Боец 8: 1 урона от Лучник. HP 8/100
[2026-05-28 21:53:01] оп Боец 8: 1 урона от Лучник. HP 7/100
[2026-05-28 21:53:01] оп Боец 9: 1 урона от Лучник. HP 58/100
[2026-05-28 21:53:01] оп Боец 8: 1 урона от Лучник. HP 6/100
[2026-05-28 21:53:01] оп Боец 8: 1 урона от Лучник. HP 5/100
[2026-05-28 21:53:01] оп Боец 8: 1 урона от Лучник. HP 4/100
[2026-05-28 21:53:01] оп Боец 8: 1 урона от Лучник. HP 3/100
[2026-05-28 21:53:01] оп Боец 8: 1 урона от Лучник. HP 2/100
[2026-05-28 21:53:01] оп Боец 8: 1 урона от Лучник. HP 1/100
[2026-05-28 21:53:01] оп Боец 8: 1 урона от Лучник. HP 0/100
[2026-05-28 21:53:01] оп Боец 8 убит Лучник
[2026-05-28 21:53:01] оп Боец 9: 1 урона от Лучник. HP 57/100
[2026-05-28 21:53:01] оп Боец 9: 1 урона от Лучник. HP 56/100
[2026-05-28 21:53:01] оп Боец 9: 1 урона от Лучник. HP 55/100
[2026-05-28 21:53:01] оп Боец 9: 1 урона от Лучник. HP 54/100
[2026-05-28 21:53:01] оп Боец 9: 1 урона от Лучник. HP 53/100
[2026-05-28 21:53:01] оп Боец 9: 1 урона от Лучник. HP 52/100
[2026-05-28 21:53:01] оп Боец 9: 1 урона от Лучник. HP 51/100
[2026-05-28 21:53:01] оп Боец 9: 1 урона от Лучник. HP 50/100
[2026-05-28 21:53:01] оп Боец 9: 1 урона от Лучник. HP 49/100
[2026-05-28 21:53:01] оп Боец 9: 1 урона от Лучник. HP 48/100
[2026-05-28 21:53:01] оп Боец 9: 1 урона от Лучник. HP 47/100
[2026-05-28 21:53:01] оп Боец 9: 1 урона от Лучник. HP 46/100
[2026-05-28 21:53:01] оп Боец 9: 1 урона от Лучник. HP 45/100
[2026-05-28 21:53:02] оп Боец 9: 1 урона от Лучник. HP 44/100
[2026-05-28 21:53:02] оп Боец 9: 1 урона от Лучник. HP 43/100
[2026-05-28 21:53:02] оп Боец 9: 1 урона от Лучник. HP 42/100
[2026-05-28 21:53:02] оп Боец 9: 1 урона от Лучник. HP 41/100
[2026-05-28 21:53:02] оп Боец 9: 1 урона от Лучник. HP 40/100
[2026-05-28 21:53:02] оп Боец 9: 1 урона от Лучник. HP 39/100
[2026-05-28 21:53:02] оп Боец 9: 1 урона от Лучник. HP 38/100
[2026-05-28 21:53:02] оп Боец 9: 1 урона от Лучник. HP 37/100
[2026-05-28 21:53:02] оп Боец 9: 1 урона от Лучник. HP 36/100
[2026-05-28 21:53:02] оп Боец 9: 1 урона от Лучник. HP 35/100
[2026-05-28 21:53:02] оп Боец 9: 1 урона от Лучник. HP 34/100
[2026-05-28 21:53:02] оп Боец 9: 1 урона от Лучник. HP 33/100
[2026-05-28 21:53:02] оп Боец 9: 1 урона от Лучник. HP 32/100
[2026-05-28 21:53:02] оп Боец 9: 1 урона от Лучник. HP 31/100
[2026-05-28 21:53:02] оп Боец 9: 1 урона от Лучник. HP 30/100
[2026-05-28 21:53:02] оп Боец 9: 1 урона от Лучник. HP 29/100
[2026-05-28 21:53:02] оп Боец 9: 1 урона от Лучник. HP 28/100
[2026-05-28 21:53:02] оп Боец 9: 1 урона от Лучник. HP 27/100
[2026-05-28 21:53:02] оп Боец 9: 1 урона от Лучник. HP 26/100
[2026-05-28 21:53:02] оп Боец 9: 1 урона от Лучник. HP 25/100
[2026-05-28 21:53:02] оп Боец 9: 1 урона от Лучник. HP 24/100
[2026-05-28 21:53:02] оп Боец 9: 1 урона от Лучник. HP 23/100
[2026-05-28 21:53:02] оп Боец 9: 1 урона от Лучник. HP 22/100
[2026-05-28 21:53:02] оп Боец 9: 1 урона от Лучник. HP 21/100
[2026-05-28 21:53:02] оп Боец 9: 1 урона от Лучник. HP 20/100
[2026-05-28 21:53:02] оп Боец 9: 1 урона от Лучник. HP 19/100
[2026-05-28 21:53:02] оп Боец 9: 1 урона от Лучник. HP 18/100
[2026-05-28 21:53:02] оп Боец 9: 1 урона от Лучник. HP 17/100
[2026-05-28 21:53:02] оп Боец 9: 1 урона от Лучник. HP 16/100
[2026-05-28 21:53:02] оп Боец 9: 1 урона от Лучник. HP 15/100
[2026-05-28 21:53:02] оп Боец 9: 1 урона от Лучник. HP 14/100
[2026-05-28 21:53:02] оп Боец 9: 1 урона от Лучник. HP 13/100
[2026-05-28 21:53:02] оп Боец 9: 1 урона от Лучник. HP 12/100
[2026-05-28 21:53:02] оп Боец 9: 1 урона от Лучник. HP 11/100
[2026-05-28 21:53:02] оп Боец 9: 1 урона от Лучник. HP 10/100
[2026-05-28 21:53:02] оп Боец 9: 1 урона от Лучник. HP 9/100
[2026-05-28 21:53:02] оп Боец 9: 1 урона от Лучник. HP 8/100
[2026-05-28 21:53:02] оп Боец 9: 1 урона от Лучник. HP 7/100
[2026-05-28 21:53:02] оп Боец 9: 1 урона от Лучник. HP 6/100
[2026-05-28 21:53:02] оп Боец 9: 1 урона от Лучник. HP 5/100
[2026-05-28 21:53:02] оп Боец 9: 1 урона от Лучник. HP 4/100
[2026-05-28 21:53:02] оп Боец 9: 1 урона от Лучник. HP 3/100
[2026-05-28 21:53:02] оп Боец 9: 1 урона от Лучник. HP 2/100
[2026-05-28 21:53:02] оп Боец 9: 1 урона от Лучник. HP 1/100
[2026-05-28 21:53:02] оп Боец 9: 1 урона от Лучник. HP 0/100
[2026-05-28 21:53:02] оп Боец 9 убит Лучник
